filename,document,page,gap_index,bit,shift,word
000000.png,DOC001,0,0,0,-0.12,CONFIDENTIAL
000001.png,DOC001,0,1,0,-0.12,ENGINEERING
000002.png,DOC001,0,2,1,0.12,EXAM
000003.png,DOC001,0,3,0,-0.12,-
000004.png,DOC001,0,4,1,0.12,PAGE
000005.png,DOC001,0,5,0,-0.12,QUESTION
000006.png,DOC001,0,6,0,-0.12,The
000007.png,DOC001,0,7,0,-0.12,rapid
000008.png,DOC001,0,8,0,-0.12,advancement
000009.png,DOC001,0,9,0,-0.12,of
000010.png,DOC001,0,10,0,-0.12,artificial
000011.png,DOC001,0,11,1,0.12,intelligence
000012.png,DOC001,0,12,0,-0.12,and
000013.png,DOC001,0,13,1,0.12,machine
000014.png,DOC001,0,14,0,-0.12,has
000015.png,DOC001,0,15,0,-0.12,fundamentally
000016.png,DOC001,0,16,0,-0.12,altered
000017.png,DOC001,0,17,0,-0.12,the
000018.png,DOC001,0,18,0,-0.12,landscape
000019.png,DOC001,0,19,0,-0.12,of
000020.png,DOC001,0,20,0,-0.12,modern
000021.png,DOC001,0,21,0,-0.12,computing.
000022.png,DOC001,0,22,0,-0.12,When
000023.png,DOC001,0,23,1,0.12,scalable
000024.png,DOC001,0,24,0,-0.12,distributed
000025.png,DOC001,0,25,1,0.12,"systems,"
000026.png,DOC001,0,26,1,0.12,engineers
000027.png,DOC001,0,27,0,-0.12,must
000028.png,DOC001,0,28,0,-0.12,carefully
000029.png,DOC001,0,29,0,-0.12,consider
000030.png,DOC001,0,30,0,-0.12,the
000031.png,DOC001,0,31,0,-0.12,between
000032.png,DOC001,0,32,0,-0.12,"latency,"
000033.png,DOC001,0,33,0,-0.12,"throughput,"
000034.png,DOC001,0,34,0,-0.12,and
000035.png,DOC001,0,35,0,-0.12,fault
000036.png,DOC001,0,36,0,-0.12,tolerance.
000037.png,DOC001,0,37,1,0.12,In
000038.png,DOC001,0,38,0,-0.12,the
000039.png,DOC001,0,39,1,0.12,context
000040.png,DOC001,0,40,1,0.12,of
000041.png,DOC001,0,41,1,0.12,"steganography,"
000042.png,DOC001,0,42,0,-0.12,the
000043.png,DOC001,0,43,0,-0.12,primary
000044.png,DOC001,0,44,1,0.12,challenge
000045.png,DOC001,0,45,1,0.12,is
000046.png,DOC001,0,46,0,-0.12,overcoming
000047.png,DOC001,0,47,0,-0.12,the
000048.png,DOC001,0,48,0,-0.12,physical
000049.png,DOC001,0,49,0,-0.12,channel
000050.png,DOC001,0,50,1,0.12,introduced
000051.png,DOC001,0,51,1,0.12,by
000052.png,DOC001,0,52,1,0.12,printers
000053.png,DOC001,0,53,0,-0.12,and
000054.png,DOC001,0,54,0,-0.12,smartphone
000055.png,DOC001,0,55,0,-0.12,cameras.
000056.png,DOC001,0,56,1,0.12,This
000057.png,DOC001,0,57,1,0.12,requires
000058.png,DOC001,0,58,0,-0.12,highly
000059.png,DOC001,0,59,1,0.12,error
000060.png,DOC001,0,60,0,-0.12,correction
000061.png,DOC001,0,61,0,-0.12,"mechanisms,"
000062.png,DOC001,0,62,0,-0.12,such
000063.png,DOC001,0,63,1,0.12,as
000064.png,DOC001,0,64,0,-0.12,Reed-Solomon
000065.png,DOC001,0,65,0,-0.12,"coding,"
000066.png,DOC001,0,66,1,0.12,combined
000067.png,DOC001,0,67,0,-0.12,deep
000068.png,DOC001,0,68,0,-0.12,learning-based
000069.png,DOC001,0,69,0,-0.12,document
000070.png,DOC001,0,70,0,-0.12,dewarping
000071.png,DOC001,0,71,0,-0.12,and
000072.png,DOC001,0,72,1,0.12,residual
000073.png,DOC001,0,73,0,-0.12,feature
000074.png,DOC001,0,74,0,-0.12,extraction
000075.png,DOC001,0,75,0,-0.12,reliably
000076.png,DOC001,0,76,0,-0.12,recover
000077.png,DOC001,0,77,0,-0.12,the
000078.png,DOC001,0,78,0,-0.12,embedded
000079.png,DOC001,0,79,1,0.12,cryptographic
000080.png,DOC001,0,80,0,-0.12,QUESTION
000081.png,DOC001,0,81,0,-0.12,The
000082.png,DOC001,0,82,0,-0.12,rapid
000083.png,DOC001,0,83,1,0.12,advancement
000084.png,DOC001,0,84,0,-0.12,of
000085.png,DOC001,0,85,0,-0.12,artificial
000086.png,DOC001,0,86,1,0.12,intelligence
000087.png,DOC001,0,87,0,-0.12,and
000088.png,DOC001,0,88,0,-0.12,machine
000089.png,DOC001,0,89,0,-0.12,has
000090.png,DOC001,0,90,0,-0.12,fundamentally
000091.png,DOC001,0,91,0,-0.12,altered
000092.png,DOC001,0,92,1,0.12,the
000093.png,DOC001,0,93,0,-0.12,landscape
000094.png,DOC001,0,94,0,-0.12,of
000095.png,DOC001,0,95,0,-0.12,modern
000096.png,DOC001,0,96,1,0.12,computing.
000097.png,DOC001,0,97,1,0.12,When
000098.png,DOC001,0,98,0,-0.12,scalable
000099.png,DOC001,0,99,0,-0.12,distributed
000100.png,DOC001,0,100,0,-0.12,"systems,"
000101.png,DOC001,0,101,1,0.12,engineers
000102.png,DOC001,0,102,0,-0.12,must
000103.png,DOC001,0,103,0,-0.12,carefully
000104.png,DOC001,0,104,1,0.12,consider
000105.png,DOC001,0,105,1,0.12,the
000106.png,DOC001,0,106,1,0.12,between
000107.png,DOC001,0,107,0,-0.12,"latency,"
000108.png,DOC001,0,108,0,-0.12,"throughput,"
000109.png,DOC001,0,109,0,-0.12,and
000110.png,DOC001,0,110,0,-0.12,fault
000111.png,DOC001,0,111,1,0.12,tolerance.
000112.png,DOC001,0,112,0,-0.12,In
000113.png,DOC001,0,113,0,-0.12,the
000114.png,DOC001,0,114,0,-0.12,context
000115.png,DOC001,0,115,0,-0.12,of
000116.png,DOC001,0,116,1,0.12,"steganography,"
000117.png,DOC001,0,117,0,-0.12,the
000118.png,DOC001,0,118,0,-0.12,primary
000119.png,DOC001,0,119,1,0.12,challenge
000120.png,DOC001,0,120,0,-0.12,is
000121.png,DOC001,0,121,0,-0.12,overcoming
000122.png,DOC001,0,122,0,-0.12,the
000123.png,DOC001,0,123,0,-0.12,physical
000124.png,DOC001,0,124,0,-0.12,channel
000125.png,DOC001,0,125,0,-0.12,introduced
000126.png,DOC001,0,126,0,-0.12,by
000127.png,DOC001,0,127,1,0.12,printers
000128.png,DOC001,0,128,0,-0.12,and
000129.png,DOC001,0,129,1,0.12,smartphone
000130.png,DOC001,0,130,1,0.12,cameras.
000131.png,DOC001,0,131,0,-0.12,This
000132.png,DOC001,0,132,1,0.12,requires
000133.png,DOC001,0,133,1,0.12,highly
000134.png,DOC001,0,134,0,-0.12,error
000135.png,DOC001,0,135,0,-0.12,correction
000136.png,DOC001,0,136,0,-0.12,"mechanisms,"
000137.png,DOC001,0,137,0,-0.12,such
000138.png,DOC001,0,138,0,-0.12,as
000139.png,DOC001,0,139,1,0.12,Reed-Solomon
000140.png,DOC001,0,140,0,-0.12,"coding,"
000141.png,DOC001,0,141,0,-0.12,combined
000142.png,DOC001,0,142,1,0.12,deep
000143.png,DOC001,0,143,0,-0.12,learning-based
000144.png,DOC001,0,144,1,0.12,document
000145.png,DOC001,0,145,0,-0.12,dewarping
000146.png,DOC001,0,146,0,-0.12,and
000147.png,DOC001,0,147,0,-0.12,residual
000148.png,DOC001,0,148,0,-0.12,feature
000149.png,DOC001,0,149,1,0.12,extraction
000150.png,DOC001,0,150,0,-0.12,reliably
000151.png,DOC001,0,151,0,-0.12,recover
000152.png,DOC001,0,152,1,0.12,the
000153.png,DOC001,0,153,1,0.12,embedded
000154.png,DOC001,0,154,1,0.12,cryptographic
000155.png,DOC001,0,155,0,-0.12,QUESTION
000156.png,DOC001,0,156,1,0.12,The
000157.png,DOC001,0,157,0,-0.12,rapid
000158.png,DOC001,0,158,1,0.12,advancement
000159.png,DOC001,0,159,0,-0.12,of
000160.png,DOC001,0,160,0,-0.12,artificial
000161.png,DOC001,0,161,0,-0.12,intelligence
000162.png,DOC001,0,162,0,-0.12,and
000163.png,DOC001,0,163,0,-0.12,machine
000164.png,DOC001,0,164,0,-0.12,has
000165.png,DOC001,0,165,0,-0.12,fundamentally
000166.png,DOC001,0,166,1,0.12,altered
000167.png,DOC001,0,167,0,-0.12,the
000168.png,DOC001,0,168,0,-0.12,landscape
000169.png,DOC001,0,169,0,-0.12,of
000170.png,DOC001,0,170,0,-0.12,modern
000171.png,DOC001,0,171,1,0.12,computing.
000172.png,DOC001,0,172,0,-0.12,When
000173.png,DOC001,0,173,1,0.12,scalable
000174.png,DOC001,0,174,1,0.12,distributed
000175.png,DOC001,0,175,0,-0.12,"systems,"
000176.png,DOC001,0,176,0,-0.12,engineers
000177.png,DOC001,0,177,0,-0.12,must
000178.png,DOC001,0,178,0,-0.12,carefully
000179.png,DOC001,0,179,1,0.12,consider
000180.png,DOC001,0,180,0,-0.12,the
000181.png,DOC001,0,181,0,-0.12,between
000182.png,DOC001,0,182,1,0.12,"latency,"
000183.png,DOC001,0,183,0,-0.12,"throughput,"
000184.png,DOC001,0,184,0,-0.12,and
000185.png,DOC001,0,185,1,0.12,fault
000186.png,DOC001,0,186,1,0.12,tolerance.
000187.png,DOC001,0,187,1,0.12,In
000188.png,DOC001,0,188,0,-0.12,the
000189.png,DOC001,0,189,0,-0.12,context
000190.png,DOC001,0,190,0,-0.12,of
000191.png,DOC001,0,191,0,-0.12,"steganography,"
000192.png,DOC001,0,192,0,-0.12,the
000193.png,DOC001,0,193,0,-0.12,primary
000194.png,DOC001,0,194,1,0.12,challenge
000195.png,DOC001,0,195,1,0.12,is
000196.png,DOC001,0,196,1,0.12,overcoming
000197.png,DOC001,0,197,1,0.12,the
000198.png,DOC001,0,198,0,-0.12,physical
000199.png,DOC001,0,199,0,-0.12,channel
000200.png,DOC001,0,200,0,-0.12,introduced
000201.png,DOC001,0,201,1,0.12,by
000202.png,DOC001,0,202,0,-0.12,printers
000203.png,DOC001,0,203,1,0.12,and
000204.png,DOC001,0,204,0,-0.12,smartphone
000205.png,DOC001,0,205,0,-0.12,cameras.
000206.png,DOC001,0,206,0,-0.12,This
000207.png,DOC001,0,207,1,0.12,requires
000208.png,DOC001,0,208,0,-0.12,highly
000209.png,DOC001,0,209,1,0.12,error
000210.png,DOC001,0,210,0,-0.12,correction
000211.png,DOC001,0,211,0,-0.12,"mechanisms,"
000212.png,DOC001,0,212,0,-0.12,such
000213.png,DOC001,0,213,1,0.12,as
000214.png,DOC001,0,214,0,-0.12,Reed-Solomon
000215.png,DOC001,0,215,0,-0.12,"coding,"
000216.png,DOC001,0,216,0,-0.12,combined
000217.png,DOC001,0,217,0,-0.12,deep
000218.png,DOC001,0,218,0,-0.12,learning-based
000219.png,DOC001,0,219,0,-0.12,document
000220.png,DOC001,0,220,1,0.12,dewarping
000221.png,DOC001,0,221,0,-0.12,and
000222.png,DOC001,0,222,0,-0.12,residual
000223.png,DOC001,0,223,1,0.12,feature
000224.png,DOC001,0,224,0,-0.12,extraction
000225.png,DOC001,0,225,0,-0.12,reliably
000226.png,DOC001,0,226,1,0.12,recover
000227.png,DOC001,0,227,0,-0.12,the
000228.png,DOC001,0,228,0,-0.12,embedded
000229.png,DOC001,0,229,0,-0.12,cryptographic
000230.png,DOC001,0,230,1,0.12,QUESTION
000231.png,DOC001,0,231,1,0.12,The
000232.png,DOC001,0,232,0,-0.12,rapid
000233.png,DOC001,0,233,1,0.12,advancement
000234.png,DOC001,0,234,0,-0.12,of
000235.png,DOC001,0,235,0,-0.12,artificial
000236.png,DOC001,0,236,0,-0.12,intelligence
000237.png,DOC001,0,237,0,-0.12,and
000238.png,DOC001,0,238,0,-0.12,machine
000239.png,DOC001,0,239,0,-0.12,has
000240.png,DOC001,0,240,0,-0.12,fundamentally
000241.png,DOC001,0,241,0,-0.12,altered
000242.png,DOC001,0,242,1,0.12,the
000243.png,DOC001,0,243,1,0.12,landscape
000244.png,DOC001,0,244,0,-0.12,of
000245.png,DOC001,0,245,0,-0.12,modern
000246.png,DOC001,0,246,1,0.12,computing.
000247.png,DOC001,0,247,1,0.12,When
000248.png,DOC001,0,248,0,-0.12,scalable
000249.png,DOC001,0,249,0,-0.12,distributed
000250.png,DOC001,0,250,0,-0.12,"systems,"
000251.png,DOC001,0,251,0,-0.12,engineers
000252.png,DOC001,0,252,0,-0.12,must
000253.png,DOC001,0,253,0,-0.12,carefully
000254.png,DOC001,0,254,1,0.12,consider
000255.png,DOC001,0,255,1,0.12,the
000256.png,DOC001,0,256,1,0.12,between
000257.png,DOC001,0,257,0,-0.12,"latency,"
000258.png,DOC001,0,258,1,0.12,"throughput,"
000259.png,DOC001,0,259,0,-0.12,and
000260.png,DOC001,0,260,0,-0.12,fault
000261.png,DOC001,0,261,0,-0.12,tolerance.
000262.png,DOC001,0,262,0,-0.12,In
000263.png,DOC001,0,263,0,-0.12,the
000264.png,DOC001,0,264,0,-0.12,context
000265.png,DOC001,0,265,0,-0.12,of
000266.png,DOC001,0,266,0,-0.12,"steganography,"
000267.png,DOC001,0,267,1,0.12,the
000268.png,DOC001,0,268,0,-0.12,primary
000269.png,DOC001,0,269,0,-0.12,challenge
000270.png,DOC001,0,270,0,-0.12,is
000271.png,DOC001,0,271,1,0.12,overcoming
000272.png,DOC001,0,272,0,-0.12,the
000273.png,DOC001,0,273,0,-0.12,physical
000274.png,DOC001,0,274,0,-0.12,channel
000275.png,DOC001,0,275,0,-0.12,introduced
000276.png,DOC001,0,276,1,0.12,by
000277.png,DOC001,0,277,0,-0.12,printers
000278.png,DOC001,0,278,1,0.12,and
000279.png,DOC001,0,279,0,-0.12,smartphone
000280.png,DOC001,0,280,0,-0.12,cameras.
000281.png,DOC001,0,281,1,0.12,This
000282.png,DOC001,0,282,0,-0.12,requires
000283.png,DOC001,0,283,1,0.12,highly
000284.png,DOC001,0,284,0,-0.12,error
000285.png,DOC001,0,285,1,0.12,correction
000286.png,DOC001,0,286,0,-0.12,"mechanisms,"
000287.png,DOC001,0,287,0,-0.12,such
000288.png,DOC001,0,288,0,-0.12,as
000289.png,DOC001,0,289,0,-0.12,Reed-Solomon
000290.png,DOC001,0,290,1,0.12,"coding,"
000291.png,DOC001,0,291,1,0.12,combined
000292.png,DOC001,0,292,1,0.12,deep
000293.png,DOC001,0,293,1,0.12,learning-based
000294.png,DOC001,0,294,1,0.12,document
000295.png,DOC001,0,295,0,-0.12,dewarping
000296.png,DOC001,0,296,0,-0.12,and
000297.png,DOC001,0,297,0,-0.12,residual
000298.png,DOC001,0,298,0,-0.12,feature
000299.png,DOC001,0,299,0,-0.12,extraction
000300.png,DOC001,0,300,0,-0.12,reliably
000301.png,DOC001,0,301,1,0.12,recover
000302.png,DOC001,0,302,0,-0.12,the
000303.png,DOC001,0,303,0,-0.12,embedded
000304.png,DOC001,0,304,0,-0.12,cryptographic
000305.png,DOC001,0,305,0,-0.12,QUESTION
000306.png,DOC001,0,306,0,-0.12,The
000307.png,DOC001,0,307,0,-0.12,rapid
000308.png,DOC001,0,308,0,-0.12,advancement
000309.png,DOC001,0,309,0,-0.12,of
000310.png,DOC001,0,310,0,-0.12,artificial
000311.png,DOC001,0,311,0,-0.12,intelligence
000312.png,DOC001,0,312,1,0.12,and
000313.png,DOC001,0,313,1,0.12,machine
000314.png,DOC001,0,314,0,-0.12,has
000315.png,DOC001,0,315,0,-0.12,fundamentally
000316.png,DOC001,0,316,1,0.12,altered
000317.png,DOC001,0,317,0,-0.12,the
000318.png,DOC001,0,318,0,-0.12,landscape
000319.png,DOC001,0,319,0,-0.12,of
000320.png,DOC001,0,320,0,-0.12,modern
000321.png,DOC001,0,321,0,-0.12,computing.
000322.png,DOC001,0,322,1,0.12,When
000323.png,DOC001,0,323,0,-0.12,scalable
000324.png,DOC001,0,324,0,-0.12,distributed
000325.png,DOC001,0,325,1,0.12,"systems,"
000326.png,DOC001,0,326,0,-0.12,engineers
000327.png,DOC001,0,327,0,-0.12,must
000328.png,DOC001,0,328,0,-0.12,carefully
000329.png,DOC001,0,329,0,-0.12,consider
000330.png,DOC001,0,330,0,-0.12,the
000331.png,DOC001,0,331,0,-0.12,between
000332.png,DOC001,0,332,0,-0.12,"latency,"
000333.png,DOC001,0,333,0,-0.12,"throughput,"
000334.png,DOC001,0,334,1,0.12,and
000335.png,DOC001,0,335,1,0.12,fault
000336.png,DOC001,0,336,1,0.12,tolerance.
000337.png,DOC001,0,337,0,-0.12,In
000338.png,DOC001,0,338,0,-0.12,the
000339.png,DOC001,0,339,0,-0.12,context
000340.png,DOC001,0,340,0,-0.12,of
000341.png,DOC001,0,341,1,0.12,"steganography,"
000342.png,DOC001,0,342,0,-0.12,the
000343.png,DOC001,0,343,1,0.12,primary
000344.png,DOC001,0,344,0,-0.12,challenge
000345.png,DOC001,0,345,0,-0.12,is
000346.png,DOC001,0,346,1,0.12,overcoming
000347.png,DOC001,0,347,0,-0.12,the
000348.png,DOC001,0,348,1,0.12,physical
000349.png,DOC001,0,349,0,-0.12,channel
000350.png,DOC001,0,350,1,0.12,introduced
000351.png,DOC001,0,351,0,-0.12,by
000352.png,DOC001,0,352,0,-0.12,printers
000353.png,DOC001,0,353,1,0.12,and
000354.png,DOC001,0,354,1,0.12,smartphone
000355.png,DOC001,0,355,0,-0.12,cameras.
000356.png,DOC001,0,356,1,0.12,This
000357.png,DOC001,0,357,1,0.12,requires
000358.png,DOC001,0,358,0,-0.12,highly
000359.png,DOC001,0,359,0,-0.12,error
000360.png,DOC001,0,360,1,0.12,correction
000361.png,DOC001,0,361,1,0.12,"mechanisms,"
000362.png,DOC001,0,362,0,-0.12,such
000363.png,DOC001,0,363,0,-0.12,as
000364.png,DOC001,0,364,0,-0.12,Reed-Solomon
000365.png,DOC001,0,365,0,-0.12,"coding,"
000366.png,DOC001,0,366,0,-0.12,combined
000367.png,DOC001,0,367,0,-0.12,deep
000368.png,DOC001,0,368,0,-0.12,learning-based
000369.png,DOC001,0,369,0,-0.12,document
000370.png,DOC001,0,370,0,-0.12,dewarping
000371.png,DOC001,0,371,0,-0.12,and
000372.png,DOC001,0,372,0,-0.12,residual
000373.png,DOC001,0,373,1,0.12,feature
000374.png,DOC001,0,374,0,-0.12,extraction
000375.png,DOC001,1,0,0,-0.12,CONFIDENTIAL
000376.png,DOC001,1,1,0,-0.12,ENGINEERING
000377.png,DOC001,1,2,0,-0.12,EXAM
000378.png,DOC001,1,3,1,0.12,-
000379.png,DOC001,1,4,1,0.12,PAGE
000380.png,DOC001,1,5,0,-0.12,QUESTION
000381.png,DOC001,1,6,0,-0.12,The
000382.png,DOC001,1,7,0,-0.12,rapid
000383.png,DOC001,1,8,0,-0.12,advancement
000384.png,DOC001,1,9,0,-0.12,of
000385.png,DOC001,1,10,1,0.12,artificial
000386.png,DOC001,1,11,0,-0.12,intelligence
000387.png,DOC001,1,12,0,-0.12,and
000388.png,DOC001,1,13,0,-0.12,machine
000389.png,DOC001,1,14,1,0.12,has
000390.png,DOC001,1,15,1,0.12,fundamentally
000391.png,DOC001,1,16,1,0.12,altered
000392.png,DOC001,1,17,1,0.12,the
000393.png,DOC001,1,18,1,0.12,landscape
000394.png,DOC001,1,19,0,-0.12,of
000395.png,DOC001,1,20,1,0.12,modern
000396.png,DOC001,1,21,0,-0.12,computing.
000397.png,DOC001,1,22,0,-0.12,When
000398.png,DOC001,1,23,0,-0.12,scalable
000399.png,DOC001,1,24,0,-0.12,distributed
000400.png,DOC001,1,25,1,0.12,"systems,"
000401.png,DOC001,1,26,0,-0.12,engineers
000402.png,DOC001,1,27,0,-0.12,must
000403.png,DOC001,1,28,0,-0.12,carefully
000404.png,DOC001,1,29,0,-0.12,consider
000405.png,DOC001,1,30,0,-0.12,the
000406.png,DOC001,1,31,0,-0.12,between
000407.png,DOC001,1,32,0,-0.12,"latency,"
000408.png,DOC001,1,33,0,-0.12,"throughput,"
000409.png,DOC001,1,34,0,-0.12,and
000410.png,DOC001,1,35,1,0.12,fault
000411.png,DOC001,1,36,1,0.12,tolerance.
000412.png,DOC001,1,37,1,0.12,In
000413.png,DOC001,1,38,1,0.12,the
000414.png,DOC001,1,39,0,-0.12,context
000415.png,DOC001,1,40,0,-0.12,of
000416.png,DOC001,1,41,1,0.12,"steganography,"
000417.png,DOC001,1,42,0,-0.12,the
000418.png,DOC001,1,43,0,-0.12,primary
000419.png,DOC001,1,44,1,0.12,challenge
000420.png,DOC001,1,45,1,0.12,is
000421.png,DOC001,1,46,0,-0.12,overcoming
000422.png,DOC001,1,47,1,0.12,the
000423.png,DOC001,1,48,0,-0.12,physical
000424.png,DOC001,1,49,0,-0.12,channel
000425.png,DOC001,1,50,0,-0.12,introduced
000426.png,DOC001,1,51,1,0.12,by
000427.png,DOC001,1,52,1,0.12,printers
000428.png,DOC001,1,53,0,-0.12,and
000429.png,DOC001,1,54,0,-0.12,smartphone
000430.png,DOC001,1,55,1,0.12,cameras.
000431.png,DOC001,1,56,0,-0.12,This
000432.png,DOC001,1,57,0,-0.12,requires
000433.png,DOC001,1,58,0,-0.12,highly
000434.png,DOC001,1,59,1,0.12,error
000435.png,DOC001,1,60,0,-0.12,correction
000436.png,DOC001,1,61,0,-0.12,"mechanisms,"
000437.png,DOC001,1,62,0,-0.12,such
000438.png,DOC001,1,63,0,-0.12,as
000439.png,DOC001,1,64,0,-0.12,Reed-Solomon
000440.png,DOC001,1,65,1,0.12,"coding,"
000441.png,DOC001,1,66,1,0.12,combined
000442.png,DOC001,1,67,0,-0.12,deep
000443.png,DOC001,1,68,0,-0.12,learning-based
000444.png,DOC001,1,69,1,0.12,document
000445.png,DOC001,1,70,1,0.12,dewarping
000446.png,DOC001,1,71,0,-0.12,and
000447.png,DOC001,1,72,0,-0.12,residual
000448.png,DOC001,1,73,1,0.12,feature
000449.png,DOC001,1,74,0,-0.12,extraction
000450.png,DOC001,1,75,1,0.12,reliably
000451.png,DOC001,1,76,0,-0.12,recover
000452.png,DOC001,1,77,0,-0.12,the
000453.png,DOC001,1,78,0,-0.12,embedded
000454.png,DOC001,1,79,0,-0.12,cryptographic
000455.png,DOC001,1,80,1,0.12,QUESTION
000456.png,DOC001,1,81,0,-0.12,The
000457.png,DOC001,1,82,1,0.12,rapid
000458.png,DOC001,1,83,0,-0.12,advancement
000459.png,DOC001,1,84,0,-0.12,of
000460.png,DOC001,1,85,0,-0.12,artificial
000461.png,DOC001,1,86,0,-0.12,intelligence
000462.png,DOC001,1,87,0,-0.12,and
000463.png,DOC001,1,88,0,-0.12,machine
000464.png,DOC001,1,89,1,0.12,has
000465.png,DOC001,1,90,0,-0.12,fundamentally
000466.png,DOC001,1,91,1,0.12,altered
000467.png,DOC001,1,92,0,-0.12,the
000468.png,DOC001,1,93,0,-0.12,landscape
000469.png,DOC001,1,94,0,-0.12,of
000470.png,DOC001,1,95,0,-0.12,modern
000471.png,DOC001,1,96,1,0.12,computing.
000472.png,DOC001,1,97,0,-0.12,When
000473.png,DOC001,1,98,0,-0.12,scalable
000474.png,DOC001,1,99,0,-0.12,distributed
000475.png,DOC001,1,100,1,0.12,"systems,"
000476.png,DOC001,1,101,0,-0.12,engineers
000477.png,DOC001,1,102,0,-0.12,must
000478.png,DOC001,1,103,1,0.12,carefully
000479.png,DOC001,1,104,0,-0.12,consider
000480.png,DOC001,1,105,0,-0.12,the
000481.png,DOC001,1,106,1,0.12,between
000482.png,DOC001,1,107,0,-0.12,"latency,"
000483.png,DOC001,1,108,0,-0.12,"throughput,"
000484.png,DOC001,1,109,0,-0.12,and
000485.png,DOC001,1,110,0,-0.12,fault
000486.png,DOC001,1,111,0,-0.12,tolerance.
000487.png,DOC001,1,112,0,-0.12,In
000488.png,DOC001,1,113,0,-0.12,the
000489.png,DOC001,1,114,0,-0.12,context
000490.png,DOC001,1,115,0,-0.12,of
000491.png,DOC001,1,116,1,0.12,"steganography,"
000492.png,DOC001,1,117,0,-0.12,the
000493.png,DOC001,1,118,0,-0.12,primary
000494.png,DOC001,1,119,1,0.12,challenge
000495.png,DOC001,1,120,0,-0.12,is
000496.png,DOC001,1,121,0,-0.12,overcoming
000497.png,DOC001,1,122,0,-0.12,the
000498.png,DOC001,1,123,0,-0.12,physical
000499.png,DOC001,1,124,1,0.12,channel
000500.png,DOC001,1,125,0,-0.12,introduced
000501.png,DOC001,1,126,0,-0.12,by
000502.png,DOC001,1,127,0,-0.12,printers
000503.png,DOC001,1,128,0,-0.12,and
000504.png,DOC001,1,129,1,0.12,smartphone
000505.png,DOC001,1,130,1,0.12,cameras.
000506.png,DOC001,1,131,0,-0.12,This
000507.png,DOC001,1,132,0,-0.12,requires
000508.png,DOC001,1,133,0,-0.12,highly
000509.png,DOC001,1,134,1,0.12,error
000510.png,DOC001,1,135,0,-0.12,correction
000511.png,DOC001,1,136,0,-0.12,"mechanisms,"
000512.png,DOC001,1,137,1,0.12,such
000513.png,DOC001,1,138,1,0.12,as
000514.png,DOC001,1,139,0,-0.12,Reed-Solomon
000515.png,DOC001,1,140,0,-0.12,"coding,"
000516.png,DOC001,1,141,0,-0.12,combined
000517.png,DOC001,1,142,0,-0.12,deep
000518.png,DOC001,1,143,0,-0.12,learning-based
000519.png,DOC001,1,144,0,-0.12,document
000520.png,DOC001,1,145,0,-0.12,dewarping
000521.png,DOC001,1,146,0,-0.12,and
000522.png,DOC001,1,147,1,0.12,residual
000523.png,DOC001,1,148,0,-0.12,feature
000524.png,DOC001,1,149,0,-0.12,extraction
000525.png,DOC001,1,150,1,0.12,reliably
000526.png,DOC001,1,151,0,-0.12,recover
000527.png,DOC001,1,152,1,0.12,the
000528.png,DOC001,1,153,0,-0.12,embedded
000529.png,DOC001,1,154,0,-0.12,cryptographic
000530.png,DOC001,1,155,0,-0.12,QUESTION
000531.png,DOC001,1,156,0,-0.12,The
000532.png,DOC001,1,157,0,-0.12,rapid
000533.png,DOC001,1,158,0,-0.12,advancement
000534.png,DOC001,1,159,1,0.12,of
000535.png,DOC001,1,160,0,-0.12,artificial
000536.png,DOC001,1,161,1,0.12,intelligence
000537.png,DOC001,1,162,0,-0.12,and
000538.png,DOC001,1,163,1,0.12,machine
000539.png,DOC001,1,164,0,-0.12,has
000540.png,DOC001,1,165,0,-0.12,fundamentally
000541.png,DOC001,1,166,0,-0.12,altered
000542.png,DOC001,1,167,0,-0.12,the
000543.png,DOC001,1,168,0,-0.12,landscape
000544.png,DOC001,1,169,0,-0.12,of
000545.png,DOC001,1,170,1,0.12,modern
000546.png,DOC001,1,171,0,-0.12,computing.
000547.png,DOC001,1,172,1,0.12,When
000548.png,DOC001,1,173,1,0.12,scalable
000549.png,DOC001,1,174,0,-0.12,distributed
000550.png,DOC001,1,175,1,0.12,"systems,"
000551.png,DOC001,1,176,0,-0.12,engineers
000552.png,DOC001,1,177,1,0.12,must
000553.png,DOC001,1,178,1,0.12,carefully
000554.png,DOC001,1,179,1,0.12,consider
000555.png,DOC001,1,180,0,-0.12,the
000556.png,DOC001,1,181,0,-0.12,between
000557.png,DOC001,1,182,0,-0.12,"latency,"
000558.png,DOC001,1,183,0,-0.12,"throughput,"
000559.png,DOC001,1,184,0,-0.12,and
000560.png,DOC001,1,185,0,-0.12,fault
000561.png,DOC001,1,186,0,-0.12,tolerance.
000562.png,DOC001,1,187,1,0.12,In
000563.png,DOC001,1,188,0,-0.12,the
000564.png,DOC001,1,189,1,0.12,context
000565.png,DOC001,1,190,0,-0.12,of
000566.png,DOC001,1,191,1,0.12,"steganography,"
000567.png,DOC001,1,192,0,-0.12,the
000568.png,DOC001,1,193,0,-0.12,primary
000569.png,DOC001,1,194,0,-0.12,challenge
000570.png,DOC001,1,195,1,0.12,is
000571.png,DOC001,1,196,0,-0.12,overcoming
000572.png,DOC001,1,197,0,-0.12,the
000573.png,DOC001,1,198,0,-0.12,physical
000574.png,DOC001,1,199,0,-0.12,channel
000575.png,DOC001,1,200,0,-0.12,introduced
000576.png,DOC001,1,201,0,-0.12,by
000577.png,DOC001,1,202,0,-0.12,printers
000578.png,DOC001,1,203,0,-0.12,and
000579.png,DOC001,1,204,1,0.12,smartphone
000580.png,DOC001,1,205,0,-0.12,cameras.
000581.png,DOC001,1,206,0,-0.12,This
000582.png,DOC001,1,207,1,0.12,requires
000583.png,DOC001,1,208,0,-0.12,highly
000584.png,DOC001,1,209,0,-0.12,error
000585.png,DOC001,1,210,0,-0.12,correction
000586.png,DOC001,1,211,0,-0.12,"mechanisms,"
000587.png,DOC001,1,212,0,-0.12,such
000588.png,DOC001,1,213,0,-0.12,as
000589.png,DOC001,1,214,1,0.12,Reed-Solomon
000590.png,DOC001,1,215,0,-0.12,"coding,"
000591.png,DOC001,1,216,0,-0.12,combined
000592.png,DOC001,1,217,0,-0.12,deep
000593.png,DOC001,1,218,0,-0.12,learning-based
000594.png,DOC001,1,219,1,0.12,document
000595.png,DOC001,1,220,0,-0.12,dewarping
000596.png,DOC001,1,221,1,0.12,and
000597.png,DOC001,1,222,0,-0.12,residual
000598.png,DOC001,1,223,1,0.12,feature
000599.png,DOC001,1,224,0,-0.12,extraction
000600.png,DOC001,1,225,0,-0.12,reliably
000601.png,DOC001,1,226,0,-0.12,recover
000602.png,DOC001,1,227,0,-0.12,the
000603.png,DOC001,1,228,1,0.12,embedded
000604.png,DOC001,1,229,0,-0.12,cryptographic
000605.png,DOC001,1,230,1,0.12,QUESTION
000606.png,DOC001,1,231,0,-0.12,The
000607.png,DOC001,1,232,1,0.12,rapid
000608.png,DOC001,1,233,0,-0.12,advancement
000609.png,DOC001,1,234,0,-0.12,of
000610.png,DOC001,1,235,1,0.12,artificial
000611.png,DOC001,1,236,1,0.12,intelligence
000612.png,DOC001,1,237,1,0.12,and
000613.png,DOC001,1,238,0,-0.12,machine
000614.png,DOC001,1,239,0,-0.12,has
000615.png,DOC001,1,240,0,-0.12,fundamentally
000616.png,DOC001,1,241,0,-0.12,altered
000617.png,DOC001,1,242,0,-0.12,the
000618.png,DOC001,1,243,0,-0.12,landscape
000619.png,DOC001,1,244,0,-0.12,of
000620.png,DOC001,1,245,0,-0.12,modern
000621.png,DOC001,1,246,0,-0.12,computing.
000622.png,DOC001,1,247,1,0.12,When
000623.png,DOC001,1,248,0,-0.12,scalable
000624.png,DOC001,1,249,1,0.12,distributed
000625.png,DOC001,1,250,1,0.12,"systems,"
000626.png,DOC001,1,251,0,-0.12,engineers
000627.png,DOC001,1,252,1,0.12,must
000628.png,DOC001,1,253,0,-0.12,carefully
000629.png,DOC001,1,254,0,-0.12,consider
000630.png,DOC001,1,255,0,-0.12,the
000631.png,DOC001,1,256,0,-0.12,between
000632.png,DOC001,1,257,0,-0.12,"latency,"
000633.png,DOC001,1,258,0,-0.12,"throughput,"
000634.png,DOC001,1,259,1,0.12,and
000635.png,DOC001,1,260,0,-0.12,fault
000636.png,DOC001,1,261,1,0.12,tolerance.
000637.png,DOC001,1,262,0,-0.12,In
000638.png,DOC001,1,263,0,-0.12,the
000639.png,DOC001,1,264,0,-0.12,context
000640.png,DOC001,1,265,0,-0.12,of
000641.png,DOC001,1,266,0,-0.12,"steganography,"
000642.png,DOC001,1,267,1,0.12,the
000643.png,DOC001,1,268,0,-0.12,primary
000644.png,DOC001,1,269,0,-0.12,challenge
000645.png,DOC001,1,270,0,-0.12,is
000646.png,DOC001,1,271,0,-0.12,overcoming
000647.png,DOC001,1,272,0,-0.12,the
000648.png,DOC001,1,273,0,-0.12,physical
000649.png,DOC001,1,274,1,0.12,channel
000650.png,DOC001,1,275,0,-0.12,introduced
000651.png,DOC001,1,276,0,-0.12,by
000652.png,DOC001,1,277,0,-0.12,printers
000653.png,DOC001,1,278,1,0.12,and
000654.png,DOC001,1,279,1,0.12,smartphone
000655.png,DOC001,1,280,0,-0.12,cameras.
000656.png,DOC001,1,281,1,0.12,This
000657.png,DOC001,1,282,1,0.12,requires
000658.png,DOC001,1,283,0,-0.12,highly
000659.png,DOC001,1,284,0,-0.12,error
000660.png,DOC001,1,285,0,-0.12,correction
000661.png,DOC001,1,286,1,0.12,"mechanisms,"
000662.png,DOC001,1,287,1,0.12,such
000663.png,DOC001,1,288,1,0.12,as
000664.png,DOC001,1,289,0,-0.12,Reed-Solomon
000665.png,DOC001,1,290,0,-0.12,"coding,"
000666.png,DOC001,1,291,0,-0.12,combined
000667.png,DOC001,1,292,0,-0.12,deep
000668.png,DOC001,1,293,1,0.12,learning-based
000669.png,DOC001,1,294,1,0.12,document
000670.png,DOC001,1,295,1,0.12,dewarping
000671.png,DOC001,1,296,0,-0.12,and
000672.png,DOC001,1,297,0,-0.12,residual
000673.png,DOC001,1,298,1,0.12,feature
000674.png,DOC001,1,299,1,0.12,extraction
000675.png,DOC001,1,300,0,-0.12,reliably
000676.png,DOC001,1,301,1,0.12,recover
000677.png,DOC001,1,302,0,-0.12,the
000678.png,DOC001,1,303,1,0.12,embedded
000679.png,DOC001,1,304,0,-0.12,cryptographic
000680.png,DOC001,1,305,1,0.12,QUESTION
000681.png,DOC001,1,306,0,-0.12,The
000682.png,DOC001,1,307,0,-0.12,rapid
000683.png,DOC001,1,308,1,0.12,advancement
000684.png,DOC001,1,309,0,-0.12,of
000685.png,DOC001,1,310,0,-0.12,artificial
000686.png,DOC001,1,311,0,-0.12,intelligence
000687.png,DOC001,1,312,1,0.12,and
000688.png,DOC001,1,313,0,-0.12,machine
000689.png,DOC001,1,314,0,-0.12,has
000690.png,DOC001,1,315,0,-0.12,fundamentally
000691.png,DOC001,1,316,0,-0.12,altered
000692.png,DOC001,1,317,0,-0.12,the
000693.png,DOC001,1,318,0,-0.12,landscape
000694.png,DOC001,1,319,0,-0.12,of
000695.png,DOC001,1,320,1,0.12,modern
000696.png,DOC001,1,321,0,-0.12,computing.
000697.png,DOC001,1,322,0,-0.12,When
000698.png,DOC001,1,323,0,-0.12,scalable
000699.png,DOC001,1,324,1,0.12,distributed
000700.png,DOC001,1,325,1,0.12,"systems,"
000701.png,DOC001,1,326,1,0.12,engineers
000702.png,DOC001,1,327,1,0.12,must
000703.png,DOC001,1,328,1,0.12,carefully
000704.png,DOC001,1,329,0,-0.12,consider
000705.png,DOC001,1,330,0,-0.12,the
000706.png,DOC001,1,331,0,-0.12,between
000707.png,DOC001,1,332,0,-0.12,"latency,"
000708.png,DOC001,1,333,0,-0.12,"throughput,"
000709.png,DOC001,1,334,0,-0.12,and
000710.png,DOC001,1,335,0,-0.12,fault
000711.png,DOC001,1,336,0,-0.12,tolerance.
000712.png,DOC001,1,337,0,-0.12,In
000713.png,DOC001,1,338,0,-0.12,the
000714.png,DOC001,1,339,0,-0.12,context
000715.png,DOC001,1,340,0,-0.12,of
000716.png,DOC001,1,341,0,-0.12,"steganography,"
000717.png,DOC001,1,342,1,0.12,the
000718.png,DOC001,1,343,0,-0.12,primary
000719.png,DOC001,1,344,0,-0.12,challenge
000720.png,DOC001,1,345,0,-0.12,is
000721.png,DOC001,1,346,0,-0.12,overcoming
000722.png,DOC001,1,347,0,-0.12,the
000723.png,DOC001,1,348,0,-0.12,physical
000724.png,DOC001,1,349,0,-0.12,channel
000725.png,DOC001,1,350,1,0.12,introduced
000726.png,DOC001,1,351,0,-0.12,by
000727.png,DOC001,1,352,0,-0.12,printers
000728.png,DOC001,1,353,1,0.12,and
000729.png,DOC001,1,354,0,-0.12,smartphone
000730.png,DOC001,1,355,0,-0.12,cameras.
000731.png,DOC001,1,356,0,-0.12,This
000732.png,DOC001,1,357,0,-0.12,requires
000733.png,DOC001,1,358,1,0.12,highly
000734.png,DOC001,1,359,0,-0.12,error
000735.png,DOC001,1,360,1,0.12,correction
000736.png,DOC001,1,361,0,-0.12,"mechanisms,"
000737.png,DOC001,1,362,1,0.12,such
000738.png,DOC001,1,363,1,0.12,as
000739.png,DOC001,1,364,1,0.12,Reed-Solomon
000740.png,DOC001,1,365,0,-0.12,"coding,"
000741.png,DOC001,1,366,0,-0.12,combined
000742.png,DOC001,1,367,0,-0.12,deep
000743.png,DOC001,1,368,1,0.12,learning-based
000744.png,DOC001,1,369,0,-0.12,document
000745.png,DOC001,1,370,1,0.12,dewarping
000746.png,DOC001,1,371,0,-0.12,and
000747.png,DOC001,1,372,0,-0.12,residual
000748.png,DOC001,1,373,0,-0.12,feature
000749.png,DOC001,1,374,0,-0.12,extraction
000750.png,DOC001,2,0,0,-0.12,CONFIDENTIAL
000751.png,DOC001,2,1,0,-0.12,ENGINEERING
000752.png,DOC001,2,2,1,0.12,EXAM
000753.png,DOC001,2,3,0,-0.12,-
000754.png,DOC001,2,4,0,-0.12,PAGE
000755.png,DOC001,2,5,0,-0.12,QUESTION
000756.png,DOC001,2,6,0,-0.12,The
000757.png,DOC001,2,7,0,-0.12,rapid
000758.png,DOC001,2,8,1,0.12,advancement
000759.png,DOC001,2,9,1,0.12,of
000760.png,DOC001,2,10,1,0.12,artificial
000761.png,DOC001,2,11,0,-0.12,intelligence
000762.png,DOC001,2,12,0,-0.12,and
000763.png,DOC001,2,13,1,0.12,machine
000764.png,DOC001,2,14,0,-0.12,has
000765.png,DOC001,2,15,1,0.12,fundamentally
000766.png,DOC001,2,16,1,0.12,altered
000767.png,DOC001,2,17,1,0.12,the
000768.png,DOC001,2,18,1,0.12,landscape
000769.png,DOC001,2,19,0,-0.12,of
000770.png,DOC001,2,20,0,-0.12,modern
000771.png,DOC001,2,21,0,-0.12,computing.
000772.png,DOC001,2,22,1,0.12,When
000773.png,DOC001,2,23,0,-0.12,scalable
000774.png,DOC001,2,24,0,-0.12,distributed
000775.png,DOC001,2,25,0,-0.12,"systems,"
000776.png,DOC001,2,26,0,-0.12,engineers
000777.png,DOC001,2,27,1,0.12,must
000778.png,DOC001,2,28,0,-0.12,carefully
000779.png,DOC001,2,29,0,-0.12,consider
000780.png,DOC001,2,30,1,0.12,the
000781.png,DOC001,2,31,0,-0.12,between
000782.png,DOC001,2,32,0,-0.12,"latency,"
000783.png,DOC001,2,33,0,-0.12,"throughput,"
000784.png,DOC001,2,34,0,-0.12,and
000785.png,DOC001,2,35,1,0.12,fault
000786.png,DOC001,2,36,0,-0.12,tolerance.
000787.png,DOC001,2,37,0,-0.12,In
000788.png,DOC001,2,38,0,-0.12,the
000789.png,DOC001,2,39,1,0.12,context
000790.png,DOC001,2,40,1,0.12,of
000791.png,DOC001,2,41,1,0.12,"steganography,"
000792.png,DOC001,2,42,0,-0.12,the
000793.png,DOC001,2,43,1,0.12,primary
000794.png,DOC001,2,44,0,-0.12,challenge
000795.png,DOC001,2,45,1,0.12,is
000796.png,DOC001,2,46,1,0.12,overcoming
000797.png,DOC001,2,47,1,0.12,the
000798.png,DOC001,2,48,0,-0.12,physical
000799.png,DOC001,2,49,0,-0.12,channel
000800.png,DOC001,2,50,0,-0.12,introduced
000801.png,DOC001,2,51,0,-0.12,by
000802.png,DOC001,2,52,0,-0.12,printers
000803.png,DOC001,2,53,0,-0.12,and
000804.png,DOC001,2,54,0,-0.12,smartphone
000805.png,DOC001,2,55,1,0.12,cameras.
000806.png,DOC001,2,56,0,-0.12,This
000807.png,DOC001,2,57,0,-0.12,requires
000808.png,DOC001,2,58,0,-0.12,highly
000809.png,DOC001,2,59,0,-0.12,error
000810.png,DOC001,2,60,0,-0.12,correction
000811.png,DOC001,2,61,0,-0.12,"mechanisms,"
000812.png,DOC001,2,62,0,-0.12,such
000813.png,DOC001,2,63,0,-0.12,as
000814.png,DOC001,2,64,0,-0.12,Reed-Solomon
000815.png,DOC001,2,65,0,-0.12,"coding,"
000816.png,DOC001,2,66,0,-0.12,combined
000817.png,DOC001,2,67,1,0.12,deep
000818.png,DOC001,2,68,0,-0.12,learning-based
000819.png,DOC001,2,69,0,-0.12,document
000820.png,DOC001,2,70,0,-0.12,dewarping
000821.png,DOC001,2,71,1,0.12,and
000822.png,DOC001,2,72,0,-0.12,residual
000823.png,DOC001,2,73,0,-0.12,feature
000824.png,DOC001,2,74,0,-0.12,extraction
000825.png,DOC001,2,75,0,-0.12,reliably
000826.png,DOC001,2,76,0,-0.12,recover
000827.png,DOC001,2,77,0,-0.12,the
000828.png,DOC001,2,78,0,-0.12,embedded
000829.png,DOC001,2,79,0,-0.12,cryptographic
000830.png,DOC001,2,80,0,-0.12,QUESTION
000831.png,DOC001,2,81,1,0.12,The
000832.png,DOC001,2,82,1,0.12,rapid
000833.png,DOC001,2,83,0,-0.12,advancement
000834.png,DOC001,2,84,1,0.12,of
000835.png,DOC001,2,85,1,0.12,artificial
000836.png,DOC001,2,86,0,-0.12,intelligence
000837.png,DOC001,2,87,1,0.12,and
000838.png,DOC001,2,88,1,0.12,machine
000839.png,DOC001,2,89,0,-0.12,has
000840.png,DOC001,2,90,0,-0.12,fundamentally
000841.png,DOC001,2,91,1,0.12,altered
000842.png,DOC001,2,92,1,0.12,the
000843.png,DOC001,2,93,1,0.12,landscape
000844.png,DOC001,2,94,0,-0.12,of
000845.png,DOC001,2,95,0,-0.12,modern
000846.png,DOC001,2,96,0,-0.12,computing.
000847.png,DOC001,2,97,0,-0.12,When
000848.png,DOC001,2,98,0,-0.12,scalable
000849.png,DOC001,2,99,0,-0.12,distributed
000850.png,DOC001,2,100,1,0.12,"systems,"
000851.png,DOC001,2,101,0,-0.12,engineers
000852.png,DOC001,2,102,1,0.12,must
000853.png,DOC001,2,103,0,-0.12,carefully
000854.png,DOC001,2,104,0,-0.12,consider
000855.png,DOC001,2,105,1,0.12,the
000856.png,DOC001,2,106,0,-0.12,between
000857.png,DOC001,2,107,0,-0.12,"latency,"
000858.png,DOC001,2,108,0,-0.12,"throughput,"
000859.png,DOC001,2,109,1,0.12,and
000860.png,DOC001,2,110,0,-0.12,fault
000861.png,DOC001,2,111,1,0.12,tolerance.
000862.png,DOC001,2,112,0,-0.12,In
000863.png,DOC001,2,113,1,0.12,the
000864.png,DOC001,2,114,0,-0.12,context
000865.png,DOC001,2,115,0,-0.12,of
000866.png,DOC001,2,116,0,-0.12,"steganography,"
000867.png,DOC001,2,117,0,-0.12,the
000868.png,DOC001,2,118,0,-0.12,primary
000869.png,DOC001,2,119,0,-0.12,challenge
000870.png,DOC001,2,120,0,-0.12,is
000871.png,DOC001,2,121,0,-0.12,overcoming
000872.png,DOC001,2,122,0,-0.12,the
000873.png,DOC001,2,123,0,-0.12,physical
000874.png,DOC001,2,124,1,0.12,channel
000875.png,DOC001,2,125,0,-0.12,introduced
000876.png,DOC001,2,126,1,0.12,by
000877.png,DOC001,2,127,0,-0.12,printers
000878.png,DOC001,2,128,0,-0.12,and
000879.png,DOC001,2,129,1,0.12,smartphone
000880.png,DOC001,2,130,0,-0.12,cameras.
000881.png,DOC001,2,131,0,-0.12,This
000882.png,DOC001,2,132,1,0.12,requires
000883.png,DOC001,2,133,0,-0.12,highly
000884.png,DOC001,2,134,0,-0.12,error
000885.png,DOC001,2,135,0,-0.12,correction
000886.png,DOC001,2,136,1,0.12,"mechanisms,"
000887.png,DOC001,2,137,1,0.12,such
000888.png,DOC001,2,138,1,0.12,as
000889.png,DOC001,2,139,1,0.12,Reed-Solomon
000890.png,DOC001,2,140,1,0.12,"coding,"
000891.png,DOC001,2,141,0,-0.12,combined
000892.png,DOC001,2,142,0,-0.12,deep
000893.png,DOC001,2,143,0,-0.12,learning-based
000894.png,DOC001,2,144,1,0.12,document
000895.png,DOC001,2,145,1,0.12,dewarping
000896.png,DOC001,2,146,0,-0.12,and
000897.png,DOC001,2,147,1,0.12,residual
000898.png,DOC001,2,148,0,-0.12,feature
000899.png,DOC001,2,149,0,-0.12,extraction
000900.png,DOC001,2,150,0,-0.12,reliably
000901.png,DOC001,2,151,0,-0.12,recover
000902.png,DOC001,2,152,0,-0.12,the
000903.png,DOC001,2,153,0,-0.12,embedded
000904.png,DOC001,2,154,1,0.12,cryptographic
000905.png,DOC001,2,155,0,-0.12,QUESTION
000906.png,DOC001,2,156,0,-0.12,The
000907.png,DOC001,2,157,1,0.12,rapid
000908.png,DOC001,2,158,0,-0.12,advancement
000909.png,DOC001,2,159,1,0.12,of
000910.png,DOC001,2,160,0,-0.12,artificial
000911.png,DOC001,2,161,0,-0.12,intelligence
000912.png,DOC001,2,162,1,0.12,and
000913.png,DOC001,2,163,0,-0.12,machine
000914.png,DOC001,2,164,0,-0.12,has
000915.png,DOC001,2,165,0,-0.12,fundamentally
000916.png,DOC001,2,166,0,-0.12,altered
000917.png,DOC001,2,167,0,-0.12,the
000918.png,DOC001,2,168,1,0.12,landscape
000919.png,DOC001,2,169,1,0.12,of
000920.png,DOC001,2,170,0,-0.12,modern
000921.png,DOC001,2,171,0,-0.12,computing.
000922.png,DOC001,2,172,1,0.12,When
000923.png,DOC001,2,173,0,-0.12,scalable
000924.png,DOC001,2,174,0,-0.12,distributed
000925.png,DOC001,2,175,0,-0.12,"systems,"
000926.png,DOC001,2,176,1,0.12,engineers
000927.png,DOC001,2,177,1,0.12,must
000928.png,DOC001,2,178,0,-0.12,carefully
000929.png,DOC001,2,179,0,-0.12,consider
000930.png,DOC001,2,180,0,-0.12,the
000931.png,DOC001,2,181,1,0.12,between
000932.png,DOC001,2,182,0,-0.12,"latency,"
000933.png,DOC001,2,183,1,0.12,"throughput,"
000934.png,DOC001,2,184,0,-0.12,and
000935.png,DOC001,2,185,0,-0.12,fault
000936.png,DOC001,2,186,1,0.12,tolerance.
000937.png,DOC001,2,187,0,-0.12,In
000938.png,DOC001,2,188,0,-0.12,the
000939.png,DOC001,2,189,0,-0.12,context
000940.png,DOC001,2,190,0,-0.12,of
000941.png,DOC001,2,191,0,-0.12,"steganography,"
000942.png,DOC001,2,192,0,-0.12,the
000943.png,DOC001,2,193,0,-0.12,primary
000944.png,DOC001,2,194,1,0.12,challenge
000945.png,DOC001,2,195,0,-0.12,is
000946.png,DOC001,2,196,0,-0.12,overcoming
000947.png,DOC001,2,197,0,-0.12,the
000948.png,DOC001,2,198,1,0.12,physical
000949.png,DOC001,2,199,0,-0.12,channel
000950.png,DOC001,2,200,0,-0.12,introduced
000951.png,DOC001,2,201,0,-0.12,by
000952.png,DOC001,2,202,1,0.12,printers
000953.png,DOC001,2,203,0,-0.12,and
000954.png,DOC001,2,204,1,0.12,smartphone
000955.png,DOC001,2,205,1,0.12,cameras.
000956.png,DOC001,2,206,0,-0.12,This
000957.png,DOC001,2,207,0,-0.12,requires
000958.png,DOC001,2,208,0,-0.12,highly
000959.png,DOC001,2,209,0,-0.12,error
000960.png,DOC001,2,210,0,-0.12,correction
000961.png,DOC001,2,211,1,0.12,"mechanisms,"
000962.png,DOC001,2,212,0,-0.12,such
000963.png,DOC001,2,213,1,0.12,as
000964.png,DOC001,2,214,0,-0.12,Reed-Solomon
000965.png,DOC001,2,215,0,-0.12,"coding,"
000966.png,DOC001,2,216,0,-0.12,combined
000967.png,DOC001,2,217,0,-0.12,deep
000968.png,DOC001,2,218,0,-0.12,learning-based
000969.png,DOC001,2,219,0,-0.12,document
000970.png,DOC001,2,220,0,-0.12,dewarping
000971.png,DOC001,2,221,0,-0.12,and
000972.png,DOC001,2,222,0,-0.12,residual
000973.png,DOC001,2,223,0,-0.12,feature
000974.png,DOC001,2,224,1,0.12,extraction
000975.png,DOC001,2,225,0,-0.12,reliably
000976.png,DOC001,2,226,0,-0.12,recover
000977.png,DOC001,2,227,0,-0.12,the
000978.png,DOC001,2,228,0,-0.12,embedded
000979.png,DOC001,2,229,1,0.12,cryptographic
000980.png,DOC001,2,230,0,-0.12,QUESTION
000981.png,DOC001,2,231,1,0.12,The
000982.png,DOC001,2,232,0,-0.12,rapid
000983.png,DOC001,2,233,0,-0.12,advancement
000984.png,DOC001,2,234,0,-0.12,of
000985.png,DOC001,2,235,1,0.12,artificial
000986.png,DOC001,2,236,0,-0.12,intelligence
000987.png,DOC001,2,237,1,0.12,and
000988.png,DOC001,2,238,1,0.12,machine
000989.png,DOC001,2,239,0,-0.12,has
000990.png,DOC001,2,240,0,-0.12,fundamentally
000991.png,DOC001,2,241,0,-0.12,altered
000992.png,DOC001,2,242,0,-0.12,the
000993.png,DOC001,2,243,0,-0.12,landscape
000994.png,DOC001,2,244,0,-0.12,of
000995.png,DOC001,2,245,0,-0.12,modern
000996.png,DOC001,2,246,1,0.12,computing.
000997.png,DOC001,2,247,0,-0.12,When
000998.png,DOC001,2,248,1,0.12,scalable
000999.png,DOC001,2,249,0,-0.12,distributed
001000.png,DOC001,2,250,1,0.12,"systems,"
001001.png,DOC001,2,251,0,-0.12,engineers
001002.png,DOC001,2,252,0,-0.12,must
001003.png,DOC001,2,253,1,0.12,carefully
001004.png,DOC001,2,254,1,0.12,consider
001005.png,DOC001,2,255,0,-0.12,the
001006.png,DOC001,2,256,0,-0.12,between
001007.png,DOC001,2,257,0,-0.12,"latency,"
001008.png,DOC001,2,258,0,-0.12,"throughput,"
001009.png,DOC001,2,259,0,-0.12,and
001010.png,DOC001,2,260,1,0.12,fault
001011.png,DOC001,2,261,1,0.12,tolerance.
001012.png,DOC001,2,262,0,-0.12,In
001013.png,DOC001,2,263,0,-0.12,the
001014.png,DOC001,2,264,0,-0.12,context
001015.png,DOC001,2,265,0,-0.12,of
001016.png,DOC001,2,266,1,0.12,"steganography,"
001017.png,DOC001,2,267,1,0.12,the
001018.png,DOC001,2,268,0,-0.12,primary
001019.png,DOC001,2,269,0,-0.12,challenge
001020.png,DOC001,2,270,1,0.12,is
001021.png,DOC001,2,271,0,-0.12,overcoming
001022.png,DOC001,2,272,1,0.12,the
001023.png,DOC001,2,273,0,-0.12,physical
001024.png,DOC001,2,274,0,-0.12,channel
001025.png,DOC001,2,275,0,-0.12,introduced
001026.png,DOC001,2,276,0,-0.12,by
001027.png,DOC001,2,277,1,0.12,printers
001028.png,DOC001,2,278,0,-0.12,and
001029.png,DOC001,2,279,1,0.12,smartphone
001030.png,DOC001,2,280,1,0.12,cameras.
001031.png,DOC001,2,281,0,-0.12,This
001032.png,DOC001,2,282,1,0.12,requires
001033.png,DOC001,2,283,0,-0.12,highly
001034.png,DOC001,2,284,1,0.12,error
001035.png,DOC001,2,285,0,-0.12,correction
001036.png,DOC001,2,286,0,-0.12,"mechanisms,"
001037.png,DOC001,2,287,0,-0.12,such
001038.png,DOC001,2,288,0,-0.12,as
001039.png,DOC001,2,289,0,-0.12,Reed-Solomon
001040.png,DOC001,2,290,1,0.12,"coding,"
001041.png,DOC001,2,291,0,-0.12,combined
001042.png,DOC001,2,292,0,-0.12,deep
001043.png,DOC001,2,293,0,-0.12,learning-based
001044.png,DOC001,2,294,0,-0.12,document
001045.png,DOC001,2,295,0,-0.12,dewarping
001046.png,DOC001,2,296,0,-0.12,and
001047.png,DOC001,2,297,0,-0.12,residual
001048.png,DOC001,2,298,1,0.12,feature
001049.png,DOC001,2,299,0,-0.12,extraction
001050.png,DOC001,2,300,0,-0.12,reliably
001051.png,DOC001,2,301,0,-0.12,recover
001052.png,DOC001,2,302,0,-0.12,the
001053.png,DOC001,2,303,0,-0.12,embedded
001054.png,DOC001,2,304,0,-0.12,cryptographic
001055.png,DOC001,2,305,1,0.12,QUESTION
001056.png,DOC001,2,306,1,0.12,The
001057.png,DOC001,2,307,0,-0.12,rapid
001058.png,DOC001,2,308,0,-0.12,advancement
001059.png,DOC001,2,309,0,-0.12,of
001060.png,DOC001,2,310,0,-0.12,artificial
001061.png,DOC001,2,311,0,-0.12,intelligence
001062.png,DOC001,2,312,0,-0.12,and
001063.png,DOC001,2,313,1,0.12,machine
001064.png,DOC001,2,314,1,0.12,has
001065.png,DOC001,2,315,0,-0.12,fundamentally
001066.png,DOC001,2,316,0,-0.12,altered
001067.png,DOC001,2,317,0,-0.12,the
001068.png,DOC001,2,318,1,0.12,landscape
001069.png,DOC001,2,319,0,-0.12,of
001070.png,DOC001,2,320,0,-0.12,modern
001071.png,DOC001,2,321,1,0.12,computing.
001072.png,DOC001,2,322,0,-0.12,When
001073.png,DOC001,2,323,0,-0.12,scalable
001074.png,DOC001,2,324,0,-0.12,distributed
001075.png,DOC001,2,325,0,-0.12,"systems,"
001076.png,DOC001,2,326,0,-0.12,engineers
001077.png,DOC001,2,327,1,0.12,must
001078.png,DOC001,2,328,0,-0.12,carefully
001079.png,DOC001,2,329,0,-0.12,consider
001080.png,DOC001,2,330,0,-0.12,the
001081.png,DOC001,2,331,0,-0.12,between
001082.png,DOC001,2,332,0,-0.12,"latency,"
001083.png,DOC001,2,333,0,-0.12,"throughput,"
001084.png,DOC001,2,334,0,-0.12,and
001085.png,DOC001,2,335,1,0.12,fault
001086.png,DOC001,2,336,1,0.12,tolerance.
001087.png,DOC001,2,337,1,0.12,In
001088.png,DOC001,2,338,0,-0.12,the
001089.png,DOC001,2,339,1,0.12,context
001090.png,DOC001,2,340,0,-0.12,of
001091.png,DOC001,2,341,0,-0.12,"steganography,"
001092.png,DOC001,2,342,0,-0.12,the
001093.png,DOC001,2,343,1,0.12,primary
001094.png,DOC001,2,344,0,-0.12,challenge
001095.png,DOC001,2,345,0,-0.12,is
001096.png,DOC001,2,346,1,0.12,overcoming
001097.png,DOC001,2,347,0,-0.12,the
001098.png,DOC001,2,348,0,-0.12,physical
001099.png,DOC001,2,349,0,-0.12,channel
001100.png,DOC001,2,350,0,-0.12,introduced
001101.png,DOC001,2,351,0,-0.12,by
001102.png,DOC001,2,352,0,-0.12,printers
001103.png,DOC001,2,353,1,0.12,and
001104.png,DOC001,2,354,0,-0.12,smartphone
001105.png,DOC001,2,355,1,0.12,cameras.
001106.png,DOC001,2,356,0,-0.12,This
001107.png,DOC001,2,357,0,-0.12,requires
001108.png,DOC001,2,358,1,0.12,highly
001109.png,DOC001,2,359,1,0.12,error
001110.png,DOC001,2,360,0,-0.12,correction
001111.png,DOC001,2,361,0,-0.12,"mechanisms,"
001112.png,DOC001,2,362,0,-0.12,such
001113.png,DOC001,2,363,1,0.12,as
001114.png,DOC001,2,364,0,-0.12,Reed-Solomon
001115.png,DOC001,2,365,0,-0.12,"coding,"
001116.png,DOC001,2,366,1,0.12,combined
001117.png,DOC001,2,367,0,-0.12,deep
001118.png,DOC001,2,368,1,0.12,learning-based
001119.png,DOC001,2,369,0,-0.12,document
001120.png,DOC001,2,370,0,-0.12,dewarping
001121.png,DOC001,2,371,1,0.12,and
001122.png,DOC001,2,372,0,-0.12,residual
001123.png,DOC001,2,373,0,-0.12,feature
001124.png,DOC001,2,374,0,-0.12,extraction
001125.png,DOC001,3,0,0,-0.12,CONFIDENTIAL
001126.png,DOC001,3,1,0,-0.12,ENGINEERING
001127.png,DOC001,3,2,1,0.12,EXAM
001128.png,DOC001,3,3,1,0.12,-
001129.png,DOC001,3,4,0,-0.12,PAGE
001130.png,DOC001,3,5,0,-0.12,QUESTION
001131.png,DOC001,3,6,0,-0.12,The
001132.png,DOC001,3,7,0,-0.12,rapid
001133.png,DOC001,3,8,0,-0.12,advancement
001134.png,DOC001,3,9,0,-0.12,of
001135.png,DOC001,3,10,0,-0.12,artificial
001136.png,DOC001,3,11,1,0.12,intelligence
001137.png,DOC001,3,12,0,-0.12,and
001138.png,DOC001,3,13,0,-0.12,machine
001139.png,DOC001,3,14,1,0.12,has
001140.png,DOC001,3,15,0,-0.12,fundamentally
001141.png,DOC001,3,16,1,0.12,altered
001142.png,DOC001,3,17,1,0.12,the
001143.png,DOC001,3,18,1,0.12,landscape
001144.png,DOC001,3,19,0,-0.12,of
001145.png,DOC001,3,20,1,0.12,modern
001146.png,DOC001,3,21,0,-0.12,computing.
001147.png,DOC001,3,22,0,-0.12,When
001148.png,DOC001,3,23,0,-0.12,scalable
001149.png,DOC001,3,24,0,-0.12,distributed
001150.png,DOC001,3,25,0,-0.12,"systems,"
001151.png,DOC001,3,26,1,0.12,engineers
001152.png,DOC001,3,27,0,-0.12,must
001153.png,DOC001,3,28,0,-0.12,carefully
001154.png,DOC001,3,29,0,-0.12,consider
001155.png,DOC001,3,30,1,0.12,the
001156.png,DOC001,3,31,0,-0.12,between
001157.png,DOC001,3,32,0,-0.12,"latency,"
001158.png,DOC001,3,33,0,-0.12,"throughput,"
001159.png,DOC001,3,34,1,0.12,and
001160.png,DOC001,3,35,0,-0.12,fault
001161.png,DOC001,3,36,1,0.12,tolerance.
001162.png,DOC001,3,37,0,-0.12,In
001163.png,DOC001,3,38,0,-0.12,the
001164.png,DOC001,3,39,0,-0.12,context
001165.png,DOC001,3,40,0,-0.12,of
001166.png,DOC001,3,41,0,-0.12,"steganography,"
001167.png,DOC001,3,42,0,-0.12,the
001168.png,DOC001,3,43,1,0.12,primary
001169.png,DOC001,3,44,1,0.12,challenge
001170.png,DOC001,3,45,0,-0.12,is
001171.png,DOC001,3,46,0,-0.12,overcoming
001172.png,DOC001,3,47,0,-0.12,the
001173.png,DOC001,3,48,0,-0.12,physical
001174.png,DOC001,3,49,0,-0.12,channel
001175.png,DOC001,3,50,1,0.12,introduced
001176.png,DOC001,3,51,0,-0.12,by
001177.png,DOC001,3,52,1,0.12,printers
001178.png,DOC001,3,53,1,0.12,and
001179.png,DOC001,3,54,0,-0.12,smartphone
001180.png,DOC001,3,55,0,-0.12,cameras.
001181.png,DOC001,3,56,0,-0.12,This
001182.png,DOC001,3,57,0,-0.12,requires
001183.png,DOC001,3,58,0,-0.12,highly
001184.png,DOC001,3,59,0,-0.12,error
001185.png,DOC001,3,60,0,-0.12,correction
001186.png,DOC001,3,61,0,-0.12,"mechanisms,"
001187.png,DOC001,3,62,1,0.12,such
001188.png,DOC001,3,63,1,0.12,as
001189.png,DOC001,3,64,0,-0.12,Reed-Solomon
001190.png,DOC001,3,65,1,0.12,"coding,"
001191.png,DOC001,3,66,0,-0.12,combined
001192.png,DOC001,3,67,0,-0.12,deep
001193.png,DOC001,3,68,1,0.12,learning-based
001194.png,DOC001,3,69,0,-0.12,document
001195.png,DOC001,3,70,0,-0.12,dewarping
001196.png,DOC001,3,71,1,0.12,and
001197.png,DOC001,3,72,0,-0.12,residual
001198.png,DOC001,3,73,0,-0.12,feature
001199.png,DOC001,3,74,0,-0.12,extraction
001200.png,DOC001,3,75,0,-0.12,reliably
001201.png,DOC001,3,76,1,0.12,recover
001202.png,DOC001,3,77,1,0.12,the
001203.png,DOC001,3,78,1,0.12,embedded
001204.png,DOC001,3,79,0,-0.12,cryptographic
001205.png,DOC001,3,80,1,0.12,QUESTION
001206.png,DOC001,3,81,0,-0.12,The
001207.png,DOC001,3,82,0,-0.12,rapid
001208.png,DOC001,3,83,0,-0.12,advancement
001209.png,DOC001,3,84,1,0.12,of
001210.png,DOC001,3,85,1,0.12,artificial
001211.png,DOC001,3,86,0,-0.12,intelligence
001212.png,DOC001,3,87,1,0.12,and
001213.png,DOC001,3,88,0,-0.12,machine
001214.png,DOC001,3,89,1,0.12,has
001215.png,DOC001,3,90,0,-0.12,fundamentally
001216.png,DOC001,3,91,0,-0.12,altered
001217.png,DOC001,3,92,0,-0.12,the
001218.png,DOC001,3,93,0,-0.12,landscape
001219.png,DOC001,3,94,1,0.12,of
001220.png,DOC001,3,95,1,0.12,modern
001221.png,DOC001,3,96,0,-0.12,computing.
001222.png,DOC001,3,97,0,-0.12,When
001223.png,DOC001,3,98,0,-0.12,scalable
001224.png,DOC001,3,99,0,-0.12,distributed
001225.png,DOC001,3,100,0,-0.12,"systems,"
001226.png,DOC001,3,101,1,0.12,engineers
001227.png,DOC001,3,102,0,-0.12,must
001228.png,DOC001,3,103,0,-0.12,carefully
001229.png,DOC001,3,104,0,-0.12,consider
001230.png,DOC001,3,105,0,-0.12,the
001231.png,DOC001,3,106,0,-0.12,between
001232.png,DOC001,3,107,1,0.12,"latency,"
001233.png,DOC001,3,108,0,-0.12,"throughput,"
001234.png,DOC001,3,109,0,-0.12,and
001235.png,DOC001,3,110,0,-0.12,fault
001236.png,DOC001,3,111,0,-0.12,tolerance.
001237.png,DOC001,3,112,0,-0.12,In
001238.png,DOC001,3,113,0,-0.12,the
001239.png,DOC001,3,114,1,0.12,context
001240.png,DOC001,3,115,1,0.12,of
001241.png,DOC001,3,116,0,-0.12,"steganography,"
001242.png,DOC001,3,117,0,-0.12,the
001243.png,DOC001,3,118,1,0.12,primary
001244.png,DOC001,3,119,0,-0.12,challenge
001245.png,DOC001,3,120,1,0.12,is
001246.png,DOC001,3,121,0,-0.12,overcoming
001247.png,DOC001,3,122,0,-0.12,the
001248.png,DOC001,3,123,1,0.12,physical
001249.png,DOC001,3,124,1,0.12,channel
001250.png,DOC001,3,125,0,-0.12,introduced
001251.png,DOC001,3,126,0,-0.12,by
001252.png,DOC001,3,127,0,-0.12,printers
001253.png,DOC001,3,128,0,-0.12,and
001254.png,DOC001,3,129,0,-0.12,smartphone
001255.png,DOC001,3,130,1,0.12,cameras.
001256.png,DOC001,3,131,0,-0.12,This
001257.png,DOC001,3,132,0,-0.12,requires
001258.png,DOC001,3,133,0,-0.12,highly
001259.png,DOC001,3,134,1,0.12,error
001260.png,DOC001,3,135,1,0.12,correction
001261.png,DOC001,3,136,0,-0.12,"mechanisms,"
001262.png,DOC001,3,137,0,-0.12,such
001263.png,DOC001,3,138,0,-0.12,as
001264.png,DOC001,3,139,0,-0.12,Reed-Solomon
001265.png,DOC001,3,140,0,-0.12,"coding,"
001266.png,DOC001,3,141,0,-0.12,combined
001267.png,DOC001,3,142,0,-0.12,deep
001268.png,DOC001,3,143,0,-0.12,learning-based
001269.png,DOC001,3,144,0,-0.12,document
001270.png,DOC001,3,145,1,0.12,dewarping
001271.png,DOC001,3,146,0,-0.12,and
001272.png,DOC001,3,147,0,-0.12,residual
001273.png,DOC001,3,148,1,0.12,feature
001274.png,DOC001,3,149,1,0.12,extraction
001275.png,DOC001,3,150,0,-0.12,reliably
001276.png,DOC001,3,151,0,-0.12,recover
001277.png,DOC001,3,152,1,0.12,the
001278.png,DOC001,3,153,0,-0.12,embedded
001279.png,DOC001,3,154,0,-0.12,cryptographic
001280.png,DOC001,3,155,0,-0.12,QUESTION
001281.png,DOC001,3,156,0,-0.12,The
001282.png,DOC001,3,157,1,0.12,rapid
001283.png,DOC001,3,158,0,-0.12,advancement
001284.png,DOC001,3,159,1,0.12,of
001285.png,DOC001,3,160,1,0.12,artificial
001286.png,DOC001,3,161,0,-0.12,intelligence
001287.png,DOC001,3,162,0,-0.12,and
001288.png,DOC001,3,163,0,-0.12,machine
001289.png,DOC001,3,164,1,0.12,has
001290.png,DOC001,3,165,0,-0.12,fundamentally
001291.png,DOC001,3,166,0,-0.12,altered
001292.png,DOC001,3,167,1,0.12,the
001293.png,DOC001,3,168,0,-0.12,landscape
001294.png,DOC001,3,169,0,-0.12,of
001295.png,DOC001,3,170,0,-0.12,modern
001296.png,DOC001,3,171,1,0.12,computing.
001297.png,DOC001,3,172,0,-0.12,When
001298.png,DOC001,3,173,0,-0.12,scalable
001299.png,DOC001,3,174,0,-0.12,distributed
001300.png,DOC001,3,175,1,0.12,"systems,"
001301.png,DOC001,3,176,0,-0.12,engineers
001302.png,DOC001,3,177,1,0.12,must
001303.png,DOC001,3,178,0,-0.12,carefully
001304.png,DOC001,3,179,0,-0.12,consider
001305.png,DOC001,3,180,0,-0.12,the
001306.png,DOC001,3,181,0,-0.12,between
001307.png,DOC001,3,182,0,-0.12,"latency,"
001308.png,DOC001,3,183,0,-0.12,"throughput,"
001309.png,DOC001,3,184,0,-0.12,and
001310.png,DOC001,3,185,1,0.12,fault
001311.png,DOC001,3,186,0,-0.12,tolerance.
001312.png,DOC001,3,187,1,0.12,In
001313.png,DOC001,3,188,0,-0.12,the
001314.png,DOC001,3,189,0,-0.12,context
001315.png,DOC001,3,190,1,0.12,of
001316.png,DOC001,3,191,0,-0.12,"steganography,"
001317.png,DOC001,3,192,0,-0.12,the
001318.png,DOC001,3,193,0,-0.12,primary
001319.png,DOC001,3,194,0,-0.12,challenge
001320.png,DOC001,3,195,0,-0.12,is
001321.png,DOC001,3,196,1,0.12,overcoming
001322.png,DOC001,3,197,0,-0.12,the
001323.png,DOC001,3,198,0,-0.12,physical
001324.png,DOC001,3,199,0,-0.12,channel
001325.png,DOC001,3,200,0,-0.12,introduced
001326.png,DOC001,3,201,0,-0.12,by
001327.png,DOC001,3,202,0,-0.12,printers
001328.png,DOC001,3,203,1,0.12,and
001329.png,DOC001,3,204,1,0.12,smartphone
001330.png,DOC001,3,205,0,-0.12,cameras.
001331.png,DOC001,3,206,0,-0.12,This
001332.png,DOC001,3,207,0,-0.12,requires
001333.png,DOC001,3,208,0,-0.12,highly
001334.png,DOC001,3,209,0,-0.12,error
001335.png,DOC001,3,210,1,0.12,correction
001336.png,DOC001,3,211,0,-0.12,"mechanisms,"
001337.png,DOC001,3,212,1,0.12,such
001338.png,DOC001,3,213,0,-0.12,as
001339.png,DOC001,3,214,1,0.12,Reed-Solomon
001340.png,DOC001,3,215,0,-0.12,"coding,"
001341.png,DOC001,3,216,1,0.12,combined
001342.png,DOC001,3,217,0,-0.12,deep
001343.png,DOC001,3,218,0,-0.12,learning-based
001344.png,DOC001,3,219,0,-0.12,document
001345.png,DOC001,3,220,0,-0.12,dewarping
001346.png,DOC001,3,221,1,0.12,and
001347.png,DOC001,3,222,0,-0.12,residual
001348.png,DOC001,3,223,0,-0.12,feature
001349.png,DOC001,3,224,0,-0.12,extraction
001350.png,DOC001,3,225,0,-0.12,reliably
001351.png,DOC001,3,226,1,0.12,recover
001352.png,DOC001,3,227,0,-0.12,the
001353.png,DOC001,3,228,1,0.12,embedded
001354.png,DOC001,3,229,0,-0.12,cryptographic
001355.png,DOC001,3,230,1,0.12,QUESTION
001356.png,DOC001,3,231,0,-0.12,The
001357.png,DOC001,3,232,0,-0.12,rapid
001358.png,DOC001,3,233,0,-0.12,advancement
001359.png,DOC001,3,234,0,-0.12,of
001360.png,DOC001,3,235,0,-0.12,artificial
001361.png,DOC001,3,236,0,-0.12,intelligence
001362.png,DOC001,3,237,0,-0.12,and
001363.png,DOC001,3,238,0,-0.12,machine
001364.png,DOC001,3,239,1,0.12,has
001365.png,DOC001,3,240,1,0.12,fundamentally
001366.png,DOC001,3,241,0,-0.12,altered
001367.png,DOC001,3,242,0,-0.12,the
001368.png,DOC001,3,243,1,0.12,landscape
001369.png,DOC001,3,244,0,-0.12,of
001370.png,DOC001,3,245,0,-0.12,modern
001371.png,DOC001,3,246,1,0.12,computing.
001372.png,DOC001,3,247,0,-0.12,When
001373.png,DOC001,3,248,0,-0.12,scalable
001374.png,DOC001,3,249,1,0.12,distributed
001375.png,DOC001,3,250,0,-0.12,"systems,"
001376.png,DOC001,3,251,1,0.12,engineers
001377.png,DOC001,3,252,0,-0.12,must
001378.png,DOC001,3,253,0,-0.12,carefully
001379.png,DOC001,3,254,0,-0.12,consider
001380.png,DOC001,3,255,0,-0.12,the
001381.png,DOC001,3,256,1,0.12,between
001382.png,DOC001,3,257,0,-0.12,"latency,"
001383.png,DOC001,3,258,1,0.12,"throughput,"
001384.png,DOC001,3,259,0,-0.12,and
001385.png,DOC001,3,260,1,0.12,fault
001386.png,DOC001,3,261,0,-0.12,tolerance.
001387.png,DOC001,3,262,0,-0.12,In
001388.png,DOC001,3,263,0,-0.12,the
001389.png,DOC001,3,264,0,-0.12,context
001390.png,DOC001,3,265,1,0.12,of
001391.png,DOC001,3,266,0,-0.12,"steganography,"
001392.png,DOC001,3,267,1,0.12,the
001393.png,DOC001,3,268,0,-0.12,primary
001394.png,DOC001,3,269,1,0.12,challenge
001395.png,DOC001,3,270,0,-0.12,is
001396.png,DOC001,3,271,1,0.12,overcoming
001397.png,DOC001,3,272,0,-0.12,the
001398.png,DOC001,3,273,0,-0.12,physical
001399.png,DOC001,3,274,0,-0.12,channel
001400.png,DOC001,3,275,0,-0.12,introduced
001401.png,DOC001,3,276,0,-0.12,by
001402.png,DOC001,3,277,0,-0.12,printers
001403.png,DOC001,3,278,1,0.12,and
001404.png,DOC001,3,279,0,-0.12,smartphone
001405.png,DOC001,3,280,1,0.12,cameras.
001406.png,DOC001,3,281,0,-0.12,This
001407.png,DOC001,3,282,0,-0.12,requires
001408.png,DOC001,3,283,0,-0.12,highly
001409.png,DOC001,3,284,0,-0.12,error
001410.png,DOC001,3,285,1,0.12,correction
001411.png,DOC001,3,286,1,0.12,"mechanisms,"
001412.png,DOC001,3,287,1,0.12,such
001413.png,DOC001,3,288,0,-0.12,as
001414.png,DOC001,3,289,1,0.12,Reed-Solomon
001415.png,DOC001,3,290,0,-0.12,"coding,"
001416.png,DOC001,3,291,1,0.12,combined
001417.png,DOC001,3,292,0,-0.12,deep
001418.png,DOC001,3,293,0,-0.12,learning-based
001419.png,DOC001,3,294,0,-0.12,document
001420.png,DOC001,3,295,1,0.12,dewarping
001421.png,DOC001,3,296,1,0.12,and
001422.png,DOC001,3,297,1,0.12,residual
001423.png,DOC001,3,298,0,-0.12,feature
001424.png,DOC001,3,299,0,-0.12,extraction
001425.png,DOC001,3,300,1,0.12,reliably
001426.png,DOC001,3,301,0,-0.12,recover
001427.png,DOC001,3,302,1,0.12,the
001428.png,DOC001,3,303,0,-0.12,embedded
001429.png,DOC001,3,304,0,-0.12,cryptographic
001430.png,DOC001,3,305,0,-0.12,QUESTION
001431.png,DOC001,3,306,0,-0.12,The
001432.png,DOC001,3,307,1,0.12,rapid
001433.png,DOC001,3,308,1,0.12,advancement
001434.png,DOC001,3,309,0,-0.12,of
001435.png,DOC001,3,310,0,-0.12,artificial
001436.png,DOC001,3,311,0,-0.12,intelligence
001437.png,DOC001,3,312,1,0.12,and
001438.png,DOC001,3,313,0,-0.12,machine
001439.png,DOC001,3,314,1,0.12,has
001440.png,DOC001,3,315,1,0.12,fundamentally
001441.png,DOC001,3,316,0,-0.12,altered
001442.png,DOC001,3,317,1,0.12,the
001443.png,DOC001,3,318,0,-0.12,landscape
001444.png,DOC001,3,319,0,-0.12,of
001445.png,DOC001,3,320,0,-0.12,modern
001446.png,DOC001,3,321,0,-0.12,computing.
001447.png,DOC001,3,322,0,-0.12,When
001448.png,DOC001,3,323,0,-0.12,scalable
001449.png,DOC001,3,324,0,-0.12,distributed
001450.png,DOC001,3,325,0,-0.12,"systems,"
001451.png,DOC001,3,326,0,-0.12,engineers
001452.png,DOC001,3,327,0,-0.12,must
001453.png,DOC001,3,328,0,-0.12,carefully
001454.png,DOC001,3,329,0,-0.12,consider
001455.png,DOC001,3,330,1,0.12,the
001456.png,DOC001,3,331,0,-0.12,between
001457.png,DOC001,3,332,1,0.12,"latency,"
001458.png,DOC001,3,333,0,-0.12,"throughput,"
001459.png,DOC001,3,334,1,0.12,and
001460.png,DOC001,3,335,0,-0.12,fault
001461.png,DOC001,3,336,0,-0.12,tolerance.
001462.png,DOC001,3,337,0,-0.12,In
001463.png,DOC001,3,338,0,-0.12,the
001464.png,DOC001,3,339,1,0.12,context
001465.png,DOC001,3,340,0,-0.12,of
001466.png,DOC001,3,341,0,-0.12,"steganography,"
001467.png,DOC001,3,342,1,0.12,the
001468.png,DOC001,3,343,0,-0.12,primary
001469.png,DOC001,3,344,0,-0.12,challenge
001470.png,DOC001,3,345,0,-0.12,is
001471.png,DOC001,3,346,1,0.12,overcoming
001472.png,DOC001,3,347,1,0.12,the
001473.png,DOC001,3,348,0,-0.12,physical
001474.png,DOC001,3,349,0,-0.12,channel
001475.png,DOC001,3,350,0,-0.12,introduced
001476.png,DOC001,3,351,0,-0.12,by
001477.png,DOC001,3,352,0,-0.12,printers
001478.png,DOC001,3,353,1,0.12,and
001479.png,DOC001,3,354,0,-0.12,smartphone
001480.png,DOC001,3,355,1,0.12,cameras.
001481.png,DOC001,3,356,0,-0.12,This
001482.png,DOC001,3,357,0,-0.12,requires
001483.png,DOC001,3,358,0,-0.12,highly
001484.png,DOC001,3,359,0,-0.12,error
001485.png,DOC001,3,360,0,-0.12,correction
001486.png,DOC001,3,361,0,-0.12,"mechanisms,"
001487.png,DOC001,3,362,0,-0.12,such
001488.png,DOC001,3,363,0,-0.12,as
001489.png,DOC001,3,364,0,-0.12,Reed-Solomon
001490.png,DOC001,3,365,0,-0.12,"coding,"
001491.png,DOC001,3,366,0,-0.12,combined
001492.png,DOC001,3,367,1,0.12,deep
001493.png,DOC001,3,368,1,0.12,learning-based
001494.png,DOC001,3,369,1,0.12,document
001495.png,DOC001,3,370,1,0.12,dewarping
001496.png,DOC001,3,371,0,-0.12,and
001497.png,DOC001,3,372,1,0.12,residual
001498.png,DOC001,3,373,0,-0.12,feature
001499.png,DOC001,3,374,0,-0.12,extraction
001500.png,DOC002,0,0,1,0.12,CONFIDENTIAL
001501.png,DOC002,0,1,1,0.12,ENGINEERING
001502.png,DOC002,0,2,0,-0.12,EXAM
001503.png,DOC002,0,3,0,-0.12,-
001504.png,DOC002,0,4,0,-0.12,PAGE
001505.png,DOC002,0,5,1,0.12,QUESTION
001506.png,DOC002,0,6,1,0.12,The
001507.png,DOC002,0,7,1,0.12,rapid
001508.png,DOC002,0,8,0,-0.12,advancement
001509.png,DOC002,0,9,0,-0.12,of
001510.png,DOC002,0,10,0,-0.12,artificial
001511.png,DOC002,0,11,0,-0.12,intelligence
001512.png,DOC002,0,12,0,-0.12,and
001513.png,DOC002,0,13,0,-0.12,machine
001514.png,DOC002,0,14,0,-0.12,has
001515.png,DOC002,0,15,0,-0.12,fundamentally
001516.png,DOC002,0,16,0,-0.12,altered
001517.png,DOC002,0,17,1,0.12,the
001518.png,DOC002,0,18,1,0.12,landscape
001519.png,DOC002,0,19,0,-0.12,of
001520.png,DOC002,0,20,0,-0.12,modern
001521.png,DOC002,0,21,0,-0.12,computing.
001522.png,DOC002,0,22,0,-0.12,When
001523.png,DOC002,0,23,1,0.12,scalable
001524.png,DOC002,0,24,0,-0.12,distributed
001525.png,DOC002,0,25,1,0.12,"systems,"
001526.png,DOC002,0,26,0,-0.12,engineers
001527.png,DOC002,0,27,0,-0.12,must
001528.png,DOC002,0,28,1,0.12,carefully
001529.png,DOC002,0,29,1,0.12,consider
001530.png,DOC002,0,30,1,0.12,the
001531.png,DOC002,0,31,0,-0.12,between
001532.png,DOC002,0,32,0,-0.12,"latency,"
001533.png,DOC002,0,33,0,-0.12,"throughput,"
001534.png,DOC002,0,34,1,0.12,and
001535.png,DOC002,0,35,1,0.12,fault
001536.png,DOC002,0,36,0,-0.12,tolerance.
001537.png,DOC002,0,37,0,-0.12,In
001538.png,DOC002,0,38,0,-0.12,the
001539.png,DOC002,0,39,0,-0.12,context
001540.png,DOC002,0,40,0,-0.12,of
001541.png,DOC002,0,41,0,-0.12,"steganography,"
001542.png,DOC002,0,42,0,-0.12,the
001543.png,DOC002,0,43,0,-0.12,primary
001544.png,DOC002,0,44,0,-0.12,challenge
001545.png,DOC002,0,45,0,-0.12,is
001546.png,DOC002,0,46,0,-0.12,overcoming
001547.png,DOC002,0,47,0,-0.12,the
001548.png,DOC002,0,48,1,0.12,physical
001549.png,DOC002,0,49,0,-0.12,channel
001550.png,DOC002,0,50,0,-0.12,introduced
001551.png,DOC002,0,51,0,-0.12,by
001552.png,DOC002,0,52,1,0.12,printers
001553.png,DOC002,0,53,0,-0.12,and
001554.png,DOC002,0,54,0,-0.12,smartphone
001555.png,DOC002,0,55,0,-0.12,cameras.
001556.png,DOC002,0,56,0,-0.12,This
001557.png,DOC002,0,57,0,-0.12,requires
001558.png,DOC002,0,58,1,0.12,highly
001559.png,DOC002,0,59,0,-0.12,error
001560.png,DOC002,0,60,1,0.12,correction
001561.png,DOC002,0,61,0,-0.12,"mechanisms,"
001562.png,DOC002,0,62,1,0.12,such
001563.png,DOC002,0,63,0,-0.12,as
001564.png,DOC002,0,64,0,-0.12,Reed-Solomon
001565.png,DOC002,0,65,0,-0.12,"coding,"
001566.png,DOC002,0,66,0,-0.12,combined
001567.png,DOC002,0,67,1,0.12,deep
001568.png,DOC002,0,68,0,-0.12,learning-based
001569.png,DOC002,0,69,0,-0.12,document
001570.png,DOC002,0,70,1,0.12,dewarping
001571.png,DOC002,0,71,0,-0.12,and
001572.png,DOC002,0,72,1,0.12,residual
001573.png,DOC002,0,73,1,0.12,feature
001574.png,DOC002,0,74,1,0.12,extraction
001575.png,DOC002,0,75,0,-0.12,reliably
001576.png,DOC002,0,76,1,0.12,recover
001577.png,DOC002,0,77,1,0.12,the
001578.png,DOC002,0,78,0,-0.12,embedded
001579.png,DOC002,0,79,0,-0.12,cryptographic
001580.png,DOC002,0,80,0,-0.12,QUESTION
001581.png,DOC002,0,81,0,-0.12,The
001582.png,DOC002,0,82,0,-0.12,rapid
001583.png,DOC002,0,83,0,-0.12,advancement
001584.png,DOC002,0,84,1,0.12,of
001585.png,DOC002,0,85,0,-0.12,artificial
001586.png,DOC002,0,86,0,-0.12,intelligence
001587.png,DOC002,0,87,0,-0.12,and
001588.png,DOC002,0,88,0,-0.12,machine
001589.png,DOC002,0,89,0,-0.12,has
001590.png,DOC002,0,90,0,-0.12,fundamentally
001591.png,DOC002,0,91,1,0.12,altered
001592.png,DOC002,0,92,0,-0.12,the
001593.png,DOC002,0,93,0,-0.12,landscape
001594.png,DOC002,0,94,0,-0.12,of
001595.png,DOC002,0,95,0,-0.12,modern
001596.png,DOC002,0,96,0,-0.12,computing.
001597.png,DOC002,0,97,1,0.12,When
001598.png,DOC002,0,98,0,-0.12,scalable
001599.png,DOC002,0,99,0,-0.12,distributed
001600.png,DOC002,0,100,1,0.12,"systems,"
001601.png,DOC002,0,101,1,0.12,engineers
001602.png,DOC002,0,102,1,0.12,must
001603.png,DOC002,0,103,1,0.12,carefully
001604.png,DOC002,0,104,0,-0.12,consider
001605.png,DOC002,0,105,1,0.12,the
001606.png,DOC002,0,106,0,-0.12,between
001607.png,DOC002,0,107,1,0.12,"latency,"
001608.png,DOC002,0,108,0,-0.12,"throughput,"
001609.png,DOC002,0,109,0,-0.12,and
001610.png,DOC002,0,110,0,-0.12,fault
001611.png,DOC002,0,111,0,-0.12,tolerance.
001612.png,DOC002,0,112,0,-0.12,In
001613.png,DOC002,0,113,0,-0.12,the
001614.png,DOC002,0,114,0,-0.12,context
001615.png,DOC002,0,115,0,-0.12,of
001616.png,DOC002,0,116,1,0.12,"steganography,"
001617.png,DOC002,0,117,0,-0.12,the
001618.png,DOC002,0,118,1,0.12,primary
001619.png,DOC002,0,119,1,0.12,challenge
001620.png,DOC002,0,120,1,0.12,is
001621.png,DOC002,0,121,0,-0.12,overcoming
001622.png,DOC002,0,122,0,-0.12,the
001623.png,DOC002,0,123,0,-0.12,physical
001624.png,DOC002,0,124,0,-0.12,channel
001625.png,DOC002,0,125,0,-0.12,introduced
001626.png,DOC002,0,126,1,0.12,by
001627.png,DOC002,0,127,0,-0.12,printers
001628.png,DOC002,0,128,0,-0.12,and
001629.png,DOC002,0,129,1,0.12,smartphone
001630.png,DOC002,0,130,0,-0.12,cameras.
001631.png,DOC002,0,131,0,-0.12,This
001632.png,DOC002,0,132,0,-0.12,requires
001633.png,DOC002,0,133,0,-0.12,highly
001634.png,DOC002,0,134,0,-0.12,error
001635.png,DOC002,0,135,1,0.12,correction
001636.png,DOC002,0,136,0,-0.12,"mechanisms,"
001637.png,DOC002,0,137,1,0.12,such
001638.png,DOC002,0,138,1,0.12,as
001639.png,DOC002,0,139,1,0.12,Reed-Solomon
001640.png,DOC002,0,140,0,-0.12,"coding,"
001641.png,DOC002,0,141,1,0.12,combined
001642.png,DOC002,0,142,0,-0.12,deep
001643.png,DOC002,0,143,0,-0.12,learning-based
001644.png,DOC002,0,144,0,-0.12,document
001645.png,DOC002,0,145,0,-0.12,dewarping
001646.png,DOC002,0,146,0,-0.12,and
001647.png,DOC002,0,147,0,-0.12,residual
001648.png,DOC002,0,148,0,-0.12,feature
001649.png,DOC002,0,149,0,-0.12,extraction
001650.png,DOC002,0,150,0,-0.12,reliably
001651.png,DOC002,0,151,0,-0.12,recover
001652.png,DOC002,0,152,0,-0.12,the
001653.png,DOC002,0,153,1,0.12,embedded
001654.png,DOC002,0,154,0,-0.12,cryptographic
001655.png,DOC002,0,155,0,-0.12,QUESTION
001656.png,DOC002,0,156,0,-0.12,The
001657.png,DOC002,0,157,0,-0.12,rapid
001658.png,DOC002,0,158,1,0.12,advancement
001659.png,DOC002,0,159,1,0.12,of
001660.png,DOC002,0,160,0,-0.12,artificial
001661.png,DOC002,0,161,0,-0.12,intelligence
001662.png,DOC002,0,162,1,0.12,and
001663.png,DOC002,0,163,1,0.12,machine
001664.png,DOC002,0,164,0,-0.12,has
001665.png,DOC002,0,165,1,0.12,fundamentally
001666.png,DOC002,0,166,0,-0.12,altered
001667.png,DOC002,0,167,0,-0.12,the
001668.png,DOC002,0,168,0,-0.12,landscape
001669.png,DOC002,0,169,0,-0.12,of
001670.png,DOC002,0,170,0,-0.12,modern
001671.png,DOC002,0,171,0,-0.12,computing.
001672.png,DOC002,0,172,0,-0.12,When
001673.png,DOC002,0,173,1,0.12,scalable
001674.png,DOC002,0,174,0,-0.12,distributed
001675.png,DOC002,0,175,0,-0.12,"systems,"
001676.png,DOC002,0,176,0,-0.12,engineers
001677.png,DOC002,0,177,0,-0.12,must
001678.png,DOC002,0,178,0,-0.12,carefully
001679.png,DOC002,0,179,0,-0.12,consider
001680.png,DOC002,0,180,0,-0.12,the
001681.png,DOC002,0,181,1,0.12,between
001682.png,DOC002,0,182,0,-0.12,"latency,"
001683.png,DOC002,0,183,0,-0.12,"throughput,"
001684.png,DOC002,0,184,0,-0.12,and
001685.png,DOC002,0,185,0,-0.12,fault
001686.png,DOC002,0,186,0,-0.12,tolerance.
001687.png,DOC002,0,187,0,-0.12,In
001688.png,DOC002,0,188,0,-0.12,the
001689.png,DOC002,0,189,0,-0.12,context
001690.png,DOC002,0,190,0,-0.12,of
001691.png,DOC002,0,191,1,0.12,"steganography,"
001692.png,DOC002,0,192,1,0.12,the
001693.png,DOC002,0,193,0,-0.12,primary
001694.png,DOC002,0,194,1,0.12,challenge
001695.png,DOC002,0,195,1,0.12,is
001696.png,DOC002,0,196,1,0.12,overcoming
001697.png,DOC002,0,197,0,-0.12,the
001698.png,DOC002,0,198,0,-0.12,physical
001699.png,DOC002,0,199,1,0.12,channel
001700.png,DOC002,0,200,0,-0.12,introduced
001701.png,DOC002,0,201,0,-0.12,by
001702.png,DOC002,0,202,0,-0.12,printers
001703.png,DOC002,0,203,0,-0.12,and
001704.png,DOC002,0,204,1,0.12,smartphone
001705.png,DOC002,0,205,1,0.12,cameras.
001706.png,DOC002,0,206,1,0.12,This
001707.png,DOC002,0,207,1,0.12,requires
001708.png,DOC002,0,208,1,0.12,highly
001709.png,DOC002,0,209,0,-0.12,error
001710.png,DOC002,0,210,0,-0.12,correction
001711.png,DOC002,0,211,0,-0.12,"mechanisms,"
001712.png,DOC002,0,212,1,0.12,such
001713.png,DOC002,0,213,0,-0.12,as
001714.png,DOC002,0,214,1,0.12,Reed-Solomon
001715.png,DOC002,0,215,0,-0.12,"coding,"
001716.png,DOC002,0,216,0,-0.12,combined
001717.png,DOC002,0,217,0,-0.12,deep
001718.png,DOC002,0,218,1,0.12,learning-based
001719.png,DOC002,0,219,0,-0.12,document
001720.png,DOC002,0,220,0,-0.12,dewarping
001721.png,DOC002,0,221,0,-0.12,and
001722.png,DOC002,0,222,0,-0.12,residual
001723.png,DOC002,0,223,1,0.12,feature
001724.png,DOC002,0,224,1,0.12,extraction
001725.png,DOC002,0,225,0,-0.12,reliably
001726.png,DOC002,0,226,1,0.12,recover
001727.png,DOC002,0,227,0,-0.12,the
001728.png,DOC002,0,228,1,0.12,embedded
001729.png,DOC002,0,229,0,-0.12,cryptographic
001730.png,DOC002,0,230,0,-0.12,QUESTION
001731.png,DOC002,0,231,0,-0.12,The
001732.png,DOC002,0,232,0,-0.12,rapid
001733.png,DOC002,0,233,0,-0.12,advancement
001734.png,DOC002,0,234,1,0.12,of
001735.png,DOC002,0,235,0,-0.12,artificial
001736.png,DOC002,0,236,0,-0.12,intelligence
001737.png,DOC002,0,237,1,0.12,and
001738.png,DOC002,0,238,1,0.12,machine
001739.png,DOC002,0,239,0,-0.12,has
001740.png,DOC002,0,240,0,-0.12,fundamentally
001741.png,DOC002,0,241,0,-0.12,altered
001742.png,DOC002,0,242,1,0.12,the
001743.png,DOC002,0,243,0,-0.12,landscape
001744.png,DOC002,0,244,1,0.12,of
001745.png,DOC002,0,245,0,-0.12,modern
001746.png,DOC002,0,246,0,-0.12,computing.
001747.png,DOC002,0,247,0,-0.12,When
001748.png,DOC002,0,248,1,0.12,scalable
001749.png,DOC002,0,249,0,-0.12,distributed
001750.png,DOC002,0,250,1,0.12,"systems,"
001751.png,DOC002,0,251,0,-0.12,engineers
001752.png,DOC002,0,252,0,-0.12,must
001753.png,DOC002,0,253,0,-0.12,carefully
001754.png,DOC002,0,254,0,-0.12,consider
001755.png,DOC002,0,255,1,0.12,the
001756.png,DOC002,0,256,0,-0.12,between
001757.png,DOC002,0,257,1,0.12,"latency,"
001758.png,DOC002,0,258,0,-0.12,"throughput,"
001759.png,DOC002,0,259,0,-0.12,and
001760.png,DOC002,0,260,0,-0.12,fault
001761.png,DOC002,0,261,1,0.12,tolerance.
001762.png,DOC002,0,262,0,-0.12,In
001763.png,DOC002,0,263,1,0.12,the
001764.png,DOC002,0,264,0,-0.12,context
001765.png,DOC002,0,265,1,0.12,of
001766.png,DOC002,0,266,0,-0.12,"steganography,"
001767.png,DOC002,0,267,0,-0.12,the
001768.png,DOC002,0,268,0,-0.12,primary
001769.png,DOC002,0,269,0,-0.12,challenge
001770.png,DOC002,0,270,0,-0.12,is
001771.png,DOC002,0,271,0,-0.12,overcoming
001772.png,DOC002,0,272,1,0.12,the
001773.png,DOC002,0,273,0,-0.12,physical
001774.png,DOC002,0,274,1,0.12,channel
001775.png,DOC002,0,275,0,-0.12,introduced
001776.png,DOC002,0,276,1,0.12,by
001777.png,DOC002,0,277,0,-0.12,printers
001778.png,DOC002,0,278,0,-0.12,and
001779.png,DOC002,0,279,0,-0.12,smartphone
001780.png,DOC002,0,280,0,-0.12,cameras.
001781.png,DOC002,0,281,0,-0.12,This
001782.png,DOC002,0,282,0,-0.12,requires
001783.png,DOC002,0,283,1,0.12,highly
001784.png,DOC002,0,284,0,-0.12,error
001785.png,DOC002,0,285,0,-0.12,correction
001786.png,DOC002,0,286,0,-0.12,"mechanisms,"
001787.png,DOC002,0,287,0,-0.12,such
001788.png,DOC002,0,288,0,-0.12,as
001789.png,DOC002,0,289,1,0.12,Reed-Solomon
001790.png,DOC002,0,290,1,0.12,"coding,"
001791.png,DOC002,0,291,0,-0.12,combined
001792.png,DOC002,0,292,0,-0.12,deep
001793.png,DOC002,0,293,0,-0.12,learning-based
001794.png,DOC002,0,294,0,-0.12,document
001795.png,DOC002,0,295,0,-0.12,dewarping
001796.png,DOC002,0,296,0,-0.12,and
001797.png,DOC002,0,297,0,-0.12,residual
001798.png,DOC002,0,298,1,0.12,feature
001799.png,DOC002,0,299,0,-0.12,extraction
001800.png,DOC002,0,300,1,0.12,reliably
001801.png,DOC002,0,301,0,-0.12,recover
001802.png,DOC002,0,302,0,-0.12,the
001803.png,DOC002,0,303,0,-0.12,embedded
001804.png,DOC002,0,304,0,-0.12,cryptographic
001805.png,DOC002,0,305,0,-0.12,QUESTION
001806.png,DOC002,0,306,1,0.12,The
001807.png,DOC002,0,307,0,-0.12,rapid
001808.png,DOC002,0,308,0,-0.12,advancement
001809.png,DOC002,0,309,1,0.12,of
001810.png,DOC002,0,310,0,-0.12,artificial
001811.png,DOC002,0,311,0,-0.12,intelligence
001812.png,DOC002,0,312,0,-0.12,and
001813.png,DOC002,0,313,0,-0.12,machine
001814.png,DOC002,0,314,0,-0.12,has
001815.png,DOC002,0,315,1,0.12,fundamentally
001816.png,DOC002,0,316,0,-0.12,altered
001817.png,DOC002,0,317,0,-0.12,the
001818.png,DOC002,0,318,0,-0.12,landscape
001819.png,DOC002,0,319,0,-0.12,of
001820.png,DOC002,0,320,0,-0.12,modern
001821.png,DOC002,0,321,1,0.12,computing.
001822.png,DOC002,0,322,0,-0.12,When
001823.png,DOC002,0,323,1,0.12,scalable
001824.png,DOC002,0,324,1,0.12,distributed
001825.png,DOC002,0,325,1,0.12,"systems,"
001826.png,DOC002,0,326,0,-0.12,engineers
001827.png,DOC002,0,327,1,0.12,must
001828.png,DOC002,0,328,1,0.12,carefully
001829.png,DOC002,0,329,1,0.12,consider
001830.png,DOC002,0,330,0,-0.12,the
001831.png,DOC002,0,331,0,-0.12,between
001832.png,DOC002,0,332,0,-0.12,"latency,"
001833.png,DOC002,0,333,0,-0.12,"throughput,"
001834.png,DOC002,0,334,0,-0.12,and
001835.png,DOC002,0,335,0,-0.12,fault
001836.png,DOC002,0,336,1,0.12,tolerance.
001837.png,DOC002,0,337,1,0.12,In
001838.png,DOC002,0,338,0,-0.12,the
001839.png,DOC002,0,339,1,0.12,context
001840.png,DOC002,0,340,1,0.12,of
001841.png,DOC002,0,341,1,0.12,"steganography,"
001842.png,DOC002,0,342,1,0.12,the
001843.png,DOC002,0,343,1,0.12,primary
001844.png,DOC002,0,344,0,-0.12,challenge
001845.png,DOC002,0,345,0,-0.12,is
001846.png,DOC002,0,346,1,0.12,overcoming
001847.png,DOC002,0,347,1,0.12,the
001848.png,DOC002,0,348,0,-0.12,physical
001849.png,DOC002,0,349,0,-0.12,channel
001850.png,DOC002,0,350,0,-0.12,introduced
001851.png,DOC002,0,351,1,0.12,by
001852.png,DOC002,0,352,0,-0.12,printers
001853.png,DOC002,0,353,0,-0.12,and
001854.png,DOC002,0,354,0,-0.12,smartphone
001855.png,DOC002,0,355,0,-0.12,cameras.
001856.png,DOC002,0,356,1,0.12,This
001857.png,DOC002,0,357,0,-0.12,requires
001858.png,DOC002,0,358,0,-0.12,highly
001859.png,DOC002,0,359,0,-0.12,error
001860.png,DOC002,0,360,0,-0.12,correction
001861.png,DOC002,0,361,0,-0.12,"mechanisms,"
001862.png,DOC002,0,362,0,-0.12,such
001863.png,DOC002,0,363,1,0.12,as
001864.png,DOC002,0,364,0,-0.12,Reed-Solomon
001865.png,DOC002,0,365,0,-0.12,"coding,"
001866.png,DOC002,0,366,1,0.12,combined
001867.png,DOC002,0,367,0,-0.12,deep
001868.png,DOC002,0,368,0,-0.12,learning-based
001869.png,DOC002,0,369,0,-0.12,document
001870.png,DOC002,0,370,0,-0.12,dewarping
001871.png,DOC002,0,371,0,-0.12,and
001872.png,DOC002,0,372,0,-0.12,residual
001873.png,DOC002,0,373,0,-0.12,feature
001874.png,DOC002,0,374,0,-0.12,extraction
001875.png,DOC002,1,0,0,-0.12,CONFIDENTIAL
001876.png,DOC002,1,1,0,-0.12,ENGINEERING
001877.png,DOC002,1,2,0,-0.12,EXAM
001878.png,DOC002,1,3,1,0.12,-
001879.png,DOC002,1,4,0,-0.12,PAGE
001880.png,DOC002,1,5,1,0.12,QUESTION
001881.png,DOC002,1,6,1,0.12,The
001882.png,DOC002,1,7,0,-0.12,rapid
001883.png,DOC002,1,8,0,-0.12,advancement
001884.png,DOC002,1,9,0,-0.12,of
001885.png,DOC002,1,10,0,-0.12,artificial
001886.png,DOC002,1,11,0,-0.12,intelligence
001887.png,DOC002,1,12,1,0.12,and
001888.png,DOC002,1,13,0,-0.12,machine
001889.png,DOC002,1,14,1,0.12,has
001890.png,DOC002,1,15,0,-0.12,fundamentally
001891.png,DOC002,1,16,1,0.12,altered
001892.png,DOC002,1,17,0,-0.12,the
001893.png,DOC002,1,18,0,-0.12,landscape
001894.png,DOC002,1,19,0,-0.12,of
001895.png,DOC002,1,20,0,-0.12,modern
001896.png,DOC002,1,21,0,-0.12,computing.
001897.png,DOC002,1,22,0,-0.12,When
001898.png,DOC002,1,23,0,-0.12,scalable
001899.png,DOC002,1,24,0,-0.12,distributed
001900.png,DOC002,1,25,0,-0.12,"systems,"
001901.png,DOC002,1,26,1,0.12,engineers
001902.png,DOC002,1,27,0,-0.12,must
001903.png,DOC002,1,28,0,-0.12,carefully
001904.png,DOC002,1,29,1,0.12,consider
001905.png,DOC002,1,30,1,0.12,the
001906.png,DOC002,1,31,1,0.12,between
001907.png,DOC002,1,32,1,0.12,"latency,"
001908.png,DOC002,1,33,1,0.12,"throughput,"
001909.png,DOC002,1,34,0,-0.12,and
001910.png,DOC002,1,35,0,-0.12,fault
001911.png,DOC002,1,36,0,-0.12,tolerance.
001912.png,DOC002,1,37,1,0.12,In
001913.png,DOC002,1,38,1,0.12,the
001914.png,DOC002,1,39,1,0.12,context
001915.png,DOC002,1,40,0,-0.12,of
001916.png,DOC002,1,41,1,0.12,"steganography,"
001917.png,DOC002,1,42,1,0.12,the
001918.png,DOC002,1,43,0,-0.12,primary
001919.png,DOC002,1,44,1,0.12,challenge
001920.png,DOC002,1,45,0,-0.12,is
001921.png,DOC002,1,46,1,0.12,overcoming
001922.png,DOC002,1,47,0,-0.12,the
001923.png,DOC002,1,48,1,0.12,physical
001924.png,DOC002,1,49,0,-0.12,channel
001925.png,DOC002,1,50,1,0.12,introduced
001926.png,DOC002,1,51,0,-0.12,by
001927.png,DOC002,1,52,0,-0.12,printers
001928.png,DOC002,1,53,0,-0.12,and
001929.png,DOC002,1,54,0,-0.12,smartphone
001930.png,DOC002,1,55,0,-0.12,cameras.
001931.png,DOC002,1,56,0,-0.12,This
001932.png,DOC002,1,57,0,-0.12,requires
001933.png,DOC002,1,58,0,-0.12,highly
001934.png,DOC002,1,59,0,-0.12,error
001935.png,DOC002,1,60,1,0.12,correction
001936.png,DOC002,1,61,1,0.12,"mechanisms,"
001937.png,DOC002,1,62,0,-0.12,such
001938.png,DOC002,1,63,0,-0.12,as
001939.png,DOC002,1,64,0,-0.12,Reed-Solomon
001940.png,DOC002,1,65,0,-0.12,"coding,"
001941.png,DOC002,1,66,0,-0.12,combined
001942.png,DOC002,1,67,0,-0.12,deep
001943.png,DOC002,1,68,0,-0.12,learning-based
001944.png,DOC002,1,69,0,-0.12,document
001945.png,DOC002,1,70,0,-0.12,dewarping
001946.png,DOC002,1,71,1,0.12,and
001947.png,DOC002,1,72,1,0.12,residual
001948.png,DOC002,1,73,1,0.12,feature
001949.png,DOC002,1,74,0,-0.12,extraction
001950.png,DOC002,1,75,1,0.12,reliably
001951.png,DOC002,1,76,0,-0.12,recover
001952.png,DOC002,1,77,0,-0.12,the
001953.png,DOC002,1,78,0,-0.12,embedded
001954.png,DOC002,1,79,0,-0.12,cryptographic
001955.png,DOC002,1,80,0,-0.12,QUESTION
001956.png,DOC002,1,81,0,-0.12,The
001957.png,DOC002,1,82,0,-0.12,rapid
001958.png,DOC002,1,83,0,-0.12,advancement
001959.png,DOC002,1,84,1,0.12,of
001960.png,DOC002,1,85,0,-0.12,artificial
001961.png,DOC002,1,86,0,-0.12,intelligence
001962.png,DOC002,1,87,1,0.12,and
001963.png,DOC002,1,88,1,0.12,machine
001964.png,DOC002,1,89,0,-0.12,has
001965.png,DOC002,1,90,1,0.12,fundamentally
001966.png,DOC002,1,91,0,-0.12,altered
001967.png,DOC002,1,92,0,-0.12,the
001968.png,DOC002,1,93,0,-0.12,landscape
001969.png,DOC002,1,94,0,-0.12,of
001970.png,DOC002,1,95,0,-0.12,modern
001971.png,DOC002,1,96,0,-0.12,computing.
001972.png,DOC002,1,97,0,-0.12,When
001973.png,DOC002,1,98,0,-0.12,scalable
001974.png,DOC002,1,99,1,0.12,distributed
001975.png,DOC002,1,100,0,-0.12,"systems,"
001976.png,DOC002,1,101,0,-0.12,engineers
001977.png,DOC002,1,102,0,-0.12,must
001978.png,DOC002,1,103,0,-0.12,carefully
001979.png,DOC002,1,104,1,0.12,consider
001980.png,DOC002,1,105,0,-0.12,the
001981.png,DOC002,1,106,0,-0.12,between
001982.png,DOC002,1,107,0,-0.12,"latency,"
001983.png,DOC002,1,108,0,-0.12,"throughput,"
001984.png,DOC002,1,109,0,-0.12,and
001985.png,DOC002,1,110,1,0.12,fault
001986.png,DOC002,1,111,0,-0.12,tolerance.
001987.png,DOC002,1,112,0,-0.12,In
001988.png,DOC002,1,113,0,-0.12,the
001989.png,DOC002,1,114,0,-0.12,context
001990.png,DOC002,1,115,0,-0.12,of
001991.png,DOC002,1,116,0,-0.12,"steganography,"
001992.png,DOC002,1,117,1,0.12,the
001993.png,DOC002,1,118,1,0.12,primary
001994.png,DOC002,1,119,0,-0.12,challenge
001995.png,DOC002,1,120,0,-0.12,is
001996.png,DOC002,1,121,0,-0.12,overcoming
001997.png,DOC002,1,122,0,-0.12,the
001998.png,DOC002,1,123,0,-0.12,physical
001999.png,DOC002,1,124,0,-0.12,channel
002000.png,DOC002,1,125,1,0.12,introduced
002001.png,DOC002,1,126,0,-0.12,by
002002.png,DOC002,1,127,1,0.12,printers
002003.png,DOC002,1,128,1,0.12,and
002004.png,DOC002,1,129,1,0.12,smartphone
002005.png,DOC002,1,130,0,-0.12,cameras.
002006.png,DOC002,1,131,0,-0.12,This
002007.png,DOC002,1,132,0,-0.12,requires
002008.png,DOC002,1,133,1,0.12,highly
002009.png,DOC002,1,134,0,-0.12,error
002010.png,DOC002,1,135,1,0.12,correction
002011.png,DOC002,1,136,0,-0.12,"mechanisms,"
002012.png,DOC002,1,137,0,-0.12,such
002013.png,DOC002,1,138,1,0.12,as
002014.png,DOC002,1,139,1,0.12,Reed-Solomon
002015.png,DOC002,1,140,1,0.12,"coding,"
002016.png,DOC002,1,141,1,0.12,combined
002017.png,DOC002,1,142,0,-0.12,deep
002018.png,DOC002,1,143,0,-0.12,learning-based
002019.png,DOC002,1,144,0,-0.12,document
002020.png,DOC002,1,145,0,-0.12,dewarping
002021.png,DOC002,1,146,0,-0.12,and
002022.png,DOC002,1,147,0,-0.12,residual
002023.png,DOC002,1,148,1,0.12,feature
002024.png,DOC002,1,149,0,-0.12,extraction
002025.png,DOC002,1,150,0,-0.12,reliably
002026.png,DOC002,1,151,0,-0.12,recover
002027.png,DOC002,1,152,0,-0.12,the
002028.png,DOC002,1,153,0,-0.12,embedded
002029.png,DOC002,1,154,0,-0.12,cryptographic
002030.png,DOC002,1,155,0,-0.12,QUESTION
002031.png,DOC002,1,156,0,-0.12,The
002032.png,DOC002,1,157,0,-0.12,rapid
002033.png,DOC002,1,158,0,-0.12,advancement
002034.png,DOC002,1,159,0,-0.12,of
002035.png,DOC002,1,160,0,-0.12,artificial
002036.png,DOC002,1,161,0,-0.12,intelligence
002037.png,DOC002,1,162,0,-0.12,and
002038.png,DOC002,1,163,1,0.12,machine
002039.png,DOC002,1,164,0,-0.12,has
002040.png,DOC002,1,165,0,-0.12,fundamentally
002041.png,DOC002,1,166,0,-0.12,altered
002042.png,DOC002,1,167,0,-0.12,the
002043.png,DOC002,1,168,0,-0.12,landscape
002044.png,DOC002,1,169,0,-0.12,of
002045.png,DOC002,1,170,0,-0.12,modern
002046.png,DOC002,1,171,0,-0.12,computing.
002047.png,DOC002,1,172,1,0.12,When
002048.png,DOC002,1,173,0,-0.12,scalable
002049.png,DOC002,1,174,0,-0.12,distributed
002050.png,DOC002,1,175,0,-0.12,"systems,"
002051.png,DOC002,1,176,0,-0.12,engineers
002052.png,DOC002,1,177,0,-0.12,must
002053.png,DOC002,1,178,1,0.12,carefully
002054.png,DOC002,1,179,0,-0.12,consider
002055.png,DOC002,1,180,0,-0.12,the
002056.png,DOC002,1,181,0,-0.12,between
002057.png,DOC002,1,182,0,-0.12,"latency,"
002058.png,DOC002,1,183,0,-0.12,"throughput,"
002059.png,DOC002,1,184,0,-0.12,and
002060.png,DOC002,1,185,0,-0.12,fault
002061.png,DOC002,1,186,0,-0.12,tolerance.
002062.png,DOC002,1,187,0,-0.12,In
002063.png,DOC002,1,188,0,-0.12,the
002064.png,DOC002,1,189,0,-0.12,context
002065.png,DOC002,1,190,0,-0.12,of
002066.png,DOC002,1,191,1,0.12,"steganography,"
002067.png,DOC002,1,192,0,-0.12,the
002068.png,DOC002,1,193,0,-0.12,primary
002069.png,DOC002,1,194,0,-0.12,challenge
002070.png,DOC002,1,195,0,-0.12,is
002071.png,DOC002,1,196,0,-0.12,overcoming
002072.png,DOC002,1,197,1,0.12,the
002073.png,DOC002,1,198,1,0.12,physical
002074.png,DOC002,1,199,0,-0.12,channel
002075.png,DOC002,1,200,0,-0.12,introduced
002076.png,DOC002,1,201,0,-0.12,by
002077.png,DOC002,1,202,1,0.12,printers
002078.png,DOC002,1,203,0,-0.12,and
002079.png,DOC002,1,204,0,-0.12,smartphone
002080.png,DOC002,1,205,0,-0.12,cameras.
002081.png,DOC002,1,206,1,0.12,This
002082.png,DOC002,1,207,0,-0.12,requires
002083.png,DOC002,1,208,0,-0.12,highly
002084.png,DOC002,1,209,1,0.12,error
002085.png,DOC002,1,210,1,0.12,correction
002086.png,DOC002,1,211,0,-0.12,"mechanisms,"
002087.png,DOC002,1,212,1,0.12,such
002088.png,DOC002,1,213,0,-0.12,as
002089.png,DOC002,1,214,0,-0.12,Reed-Solomon
002090.png,DOC002,1,215,1,0.12,"coding,"
002091.png,DOC002,1,216,0,-0.12,combined
002092.png,DOC002,1,217,0,-0.12,deep
002093.png,DOC002,1,218,1,0.12,learning-based
002094.png,DOC002,1,219,0,-0.12,document
002095.png,DOC002,1,220,0,-0.12,dewarping
002096.png,DOC002,1,221,0,-0.12,and
002097.png,DOC002,1,222,1,0.12,residual
002098.png,DOC002,1,223,1,0.12,feature
002099.png,DOC002,1,224,1,0.12,extraction
002100.png,DOC002,1,225,0,-0.12,reliably
002101.png,DOC002,1,226,0,-0.12,recover
002102.png,DOC002,1,227,0,-0.12,the
002103.png,DOC002,1,228,0,-0.12,embedded
002104.png,DOC002,1,229,0,-0.12,cryptographic
002105.png,DOC002,1,230,1,0.12,QUESTION
002106.png,DOC002,1,231,0,-0.12,The
002107.png,DOC002,1,232,1,0.12,rapid
002108.png,DOC002,1,233,0,-0.12,advancement
002109.png,DOC002,1,234,0,-0.12,of
002110.png,DOC002,1,235,1,0.12,artificial
002111.png,DOC002,1,236,0,-0.12,intelligence
002112.png,DOC002,1,237,1,0.12,and
002113.png,DOC002,1,238,0,-0.12,machine
002114.png,DOC002,1,239,0,-0.12,has
002115.png,DOC002,1,240,0,-0.12,fundamentally
002116.png,DOC002,1,241,0,-0.12,altered
002117.png,DOC002,1,242,0,-0.12,the
002118.png,DOC002,1,243,0,-0.12,landscape
002119.png,DOC002,1,244,0,-0.12,of
002120.png,DOC002,1,245,1,0.12,modern
002121.png,DOC002,1,246,0,-0.12,computing.
002122.png,DOC002,1,247,0,-0.12,When
002123.png,DOC002,1,248,0,-0.12,scalable
002124.png,DOC002,1,249,0,-0.12,distributed
002125.png,DOC002,1,250,0,-0.12,"systems,"
002126.png,DOC002,1,251,0,-0.12,engineers
002127.png,DOC002,1,252,0,-0.12,must
002128.png,DOC002,1,253,1,0.12,carefully
002129.png,DOC002,1,254,0,-0.12,consider
002130.png,DOC002,1,255,0,-0.12,the
002131.png,DOC002,1,256,0,-0.12,between
002132.png,DOC002,1,257,1,0.12,"latency,"
002133.png,DOC002,1,258,1,0.12,"throughput,"
002134.png,DOC002,1,259,0,-0.12,and
002135.png,DOC002,1,260,0,-0.12,fault
002136.png,DOC002,1,261,1,0.12,tolerance.
002137.png,DOC002,1,262,0,-0.12,In
002138.png,DOC002,1,263,0,-0.12,the
002139.png,DOC002,1,264,0,-0.12,context
002140.png,DOC002,1,265,0,-0.12,of
002141.png,DOC002,1,266,1,0.12,"steganography,"
002142.png,DOC002,1,267,0,-0.12,the
002143.png,DOC002,1,268,0,-0.12,primary
002144.png,DOC002,1,269,1,0.12,challenge
002145.png,DOC002,1,270,0,-0.12,is
002146.png,DOC002,1,271,0,-0.12,overcoming
002147.png,DOC002,1,272,0,-0.12,the
002148.png,DOC002,1,273,0,-0.12,physical
002149.png,DOC002,1,274,0,-0.12,channel
002150.png,DOC002,1,275,0,-0.12,introduced
002151.png,DOC002,1,276,0,-0.12,by
002152.png,DOC002,1,277,0,-0.12,printers
002153.png,DOC002,1,278,1,0.12,and
002154.png,DOC002,1,279,0,-0.12,smartphone
002155.png,DOC002,1,280,1,0.12,cameras.
002156.png,DOC002,1,281,0,-0.12,This
002157.png,DOC002,1,282,1,0.12,requires
002158.png,DOC002,1,283,0,-0.12,highly
002159.png,DOC002,1,284,0,-0.12,error
002160.png,DOC002,1,285,1,0.12,correction
002161.png,DOC002,1,286,0,-0.12,"mechanisms,"
002162.png,DOC002,1,287,0,-0.12,such
002163.png,DOC002,1,288,0,-0.12,as
002164.png,DOC002,1,289,0,-0.12,Reed-Solomon
002165.png,DOC002,1,290,0,-0.12,"coding,"
002166.png,DOC002,1,291,0,-0.12,combined
002167.png,DOC002,1,292,1,0.12,deep
002168.png,DOC002,1,293,1,0.12,learning-based
002169.png,DOC002,1,294,0,-0.12,document
002170.png,DOC002,1,295,1,0.12,dewarping
002171.png,DOC002,1,296,0,-0.12,and
002172.png,DOC002,1,297,1,0.12,residual
002173.png,DOC002,1,298,1,0.12,feature
002174.png,DOC002,1,299,0,-0.12,extraction
002175.png,DOC002,1,300,0,-0.12,reliably
002176.png,DOC002,1,301,0,-0.12,recover
002177.png,DOC002,1,302,1,0.12,the
002178.png,DOC002,1,303,1,0.12,embedded
002179.png,DOC002,1,304,1,0.12,cryptographic
002180.png,DOC002,1,305,0,-0.12,QUESTION
002181.png,DOC002,1,306,0,-0.12,The
002182.png,DOC002,1,307,0,-0.12,rapid
002183.png,DOC002,1,308,0,-0.12,advancement
002184.png,DOC002,1,309,0,-0.12,of
002185.png,DOC002,1,310,1,0.12,artificial
002186.png,DOC002,1,311,1,0.12,intelligence
002187.png,DOC002,1,312,0,-0.12,and
002188.png,DOC002,1,313,0,-0.12,machine
002189.png,DOC002,1,314,0,-0.12,has
002190.png,DOC002,1,315,0,-0.12,fundamentally
002191.png,DOC002,1,316,1,0.12,altered
002192.png,DOC002,1,317,0,-0.12,the
002193.png,DOC002,1,318,0,-0.12,landscape
002194.png,DOC002,1,319,0,-0.12,of
002195.png,DOC002,1,320,0,-0.12,modern
002196.png,DOC002,1,321,0,-0.12,computing.
002197.png,DOC002,1,322,1,0.12,When
002198.png,DOC002,1,323,1,0.12,scalable
002199.png,DOC002,1,324,0,-0.12,distributed
002200.png,DOC002,1,325,0,-0.12,"systems,"
002201.png,DOC002,1,326,0,-0.12,engineers
002202.png,DOC002,1,327,0,-0.12,must
002203.png,DOC002,1,328,0,-0.12,carefully
002204.png,DOC002,1,329,1,0.12,consider
002205.png,DOC002,1,330,0,-0.12,the
002206.png,DOC002,1,331,0,-0.12,between
002207.png,DOC002,1,332,0,-0.12,"latency,"
002208.png,DOC002,1,333,1,0.12,"throughput,"
002209.png,DOC002,1,334,0,-0.12,and
002210.png,DOC002,1,335,1,0.12,fault
002211.png,DOC002,1,336,1,0.12,tolerance.
002212.png,DOC002,1,337,0,-0.12,In
002213.png,DOC002,1,338,1,0.12,the
002214.png,DOC002,1,339,0,-0.12,context
002215.png,DOC002,1,340,1,0.12,of
002216.png,DOC002,1,341,1,0.12,"steganography,"
002217.png,DOC002,1,342,1,0.12,the
002218.png,DOC002,1,343,0,-0.12,primary
002219.png,DOC002,1,344,1,0.12,challenge
002220.png,DOC002,1,345,1,0.12,is
002221.png,DOC002,1,346,1,0.12,overcoming
002222.png,DOC002,1,347,1,0.12,the
002223.png,DOC002,1,348,1,0.12,physical
002224.png,DOC002,1,349,0,-0.12,channel
002225.png,DOC002,1,350,1,0.12,introduced
002226.png,DOC002,1,351,0,-0.12,by
002227.png,DOC002,1,352,0,-0.12,printers
002228.png,DOC002,1,353,1,0.12,and
002229.png,DOC002,1,354,0,-0.12,smartphone
002230.png,DOC002,1,355,1,0.12,cameras.
002231.png,DOC002,1,356,0,-0.12,This
002232.png,DOC002,1,357,0,-0.12,requires
002233.png,DOC002,1,358,1,0.12,highly
002234.png,DOC002,1,359,1,0.12,error
002235.png,DOC002,1,360,0,-0.12,correction
002236.png,DOC002,1,361,1,0.12,"mechanisms,"
002237.png,DOC002,1,362,0,-0.12,such
002238.png,DOC002,1,363,0,-0.12,as
002239.png,DOC002,1,364,0,-0.12,Reed-Solomon
002240.png,DOC002,1,365,1,0.12,"coding,"
002241.png,DOC002,1,366,1,0.12,combined
002242.png,DOC002,1,367,0,-0.12,deep
002243.png,DOC002,1,368,0,-0.12,learning-based
002244.png,DOC002,1,369,1,0.12,document
002245.png,DOC002,1,370,0,-0.12,dewarping
002246.png,DOC002,1,371,0,-0.12,and
002247.png,DOC002,1,372,1,0.12,residual
002248.png,DOC002,1,373,0,-0.12,feature
002249.png,DOC002,1,374,1,0.12,extraction
002250.png,DOC002,2,0,1,0.12,CONFIDENTIAL
002251.png,DOC002,2,1,0,-0.12,ENGINEERING
002252.png,DOC002,2,2,0,-0.12,EXAM
002253.png,DOC002,2,3,0,-0.12,-
002254.png,DOC002,2,4,0,-0.12,PAGE
002255.png,DOC002,2,5,1,0.12,QUESTION
002256.png,DOC002,2,6,0,-0.12,The
002257.png,DOC002,2,7,0,-0.12,rapid
002258.png,DOC002,2,8,0,-0.12,advancement
002259.png,DOC002,2,9,0,-0.12,of
002260.png,DOC002,2,10,0,-0.12,artificial
002261.png,DOC002,2,11,0,-0.12,intelligence
002262.png,DOC002,2,12,0,-0.12,and
002263.png,DOC002,2,13,0,-0.12,machine
002264.png,DOC002,2,14,1,0.12,has
002265.png,DOC002,2,15,0,-0.12,fundamentally
002266.png,DOC002,2,16,0,-0.12,altered
002267.png,DOC002,2,17,0,-0.12,the
002268.png,DOC002,2,18,1,0.12,landscape
002269.png,DOC002,2,19,1,0.12,of
002270.png,DOC002,2,20,0,-0.12,modern
002271.png,DOC002,2,21,1,0.12,computing.
002272.png,DOC002,2,22,1,0.12,When
002273.png,DOC002,2,23,0,-0.12,scalable
002274.png,DOC002,2,24,0,-0.12,distributed
002275.png,DOC002,2,25,1,0.12,"systems,"
002276.png,DOC002,2,26,0,-0.12,engineers
002277.png,DOC002,2,27,1,0.12,must
002278.png,DOC002,2,28,1,0.12,carefully
002279.png,DOC002,2,29,0,-0.12,consider
002280.png,DOC002,2,30,1,0.12,the
002281.png,DOC002,2,31,0,-0.12,between
002282.png,DOC002,2,32,0,-0.12,"latency,"
002283.png,DOC002,2,33,1,0.12,"throughput,"
002284.png,DOC002,2,34,1,0.12,and
002285.png,DOC002,2,35,1,0.12,fault
002286.png,DOC002,2,36,1,0.12,tolerance.
002287.png,DOC002,2,37,0,-0.12,In
002288.png,DOC002,2,38,0,-0.12,the
002289.png,DOC002,2,39,0,-0.12,context
002290.png,DOC002,2,40,0,-0.12,of
002291.png,DOC002,2,41,0,-0.12,"steganography,"
002292.png,DOC002,2,42,1,0.12,the
002293.png,DOC002,2,43,1,0.12,primary
002294.png,DOC002,2,44,0,-0.12,challenge
002295.png,DOC002,2,45,1,0.12,is
002296.png,DOC002,2,46,0,-0.12,overcoming
002297.png,DOC002,2,47,1,0.12,the
002298.png,DOC002,2,48,0,-0.12,physical
002299.png,DOC002,2,49,0,-0.12,channel
002300.png,DOC002,2,50,0,-0.12,introduced
002301.png,DOC002,2,51,0,-0.12,by
002302.png,DOC002,2,52,1,0.12,printers
002303.png,DOC002,2,53,1,0.12,and
002304.png,DOC002,2,54,1,0.12,smartphone
002305.png,DOC002,2,55,1,0.12,cameras.
002306.png,DOC002,2,56,0,-0.12,This
002307.png,DOC002,2,57,0,-0.12,requires
002308.png,DOC002,2,58,0,-0.12,highly
002309.png,DOC002,2,59,0,-0.12,error
002310.png,DOC002,2,60,1,0.12,correction
002311.png,DOC002,2,61,0,-0.12,"mechanisms,"
002312.png,DOC002,2,62,1,0.12,such
002313.png,DOC002,2,63,1,0.12,as
002314.png,DOC002,2,64,0,-0.12,Reed-Solomon
002315.png,DOC002,2,65,1,0.12,"coding,"
002316.png,DOC002,2,66,1,0.12,combined
002317.png,DOC002,2,67,0,-0.12,deep
002318.png,DOC002,2,68,0,-0.12,learning-based
002319.png,DOC002,2,69,1,0.12,document
002320.png,DOC002,2,70,1,0.12,dewarping
002321.png,DOC002,2,71,1,0.12,and
002322.png,DOC002,2,72,0,-0.12,residual
002323.png,DOC002,2,73,0,-0.12,feature
002324.png,DOC002,2,74,0,-0.12,extraction
002325.png,DOC002,2,75,0,-0.12,reliably
002326.png,DOC002,2,76,0,-0.12,recover
002327.png,DOC002,2,77,1,0.12,the
002328.png,DOC002,2,78,0,-0.12,embedded
002329.png,DOC002,2,79,1,0.12,cryptographic
002330.png,DOC002,2,80,0,-0.12,QUESTION
002331.png,DOC002,2,81,0,-0.12,The
002332.png,DOC002,2,82,1,0.12,rapid
002333.png,DOC002,2,83,0,-0.12,advancement
002334.png,DOC002,2,84,0,-0.12,of
002335.png,DOC002,2,85,0,-0.12,artificial
002336.png,DOC002,2,86,0,-0.12,intelligence
002337.png,DOC002,2,87,0,-0.12,and
002338.png,DOC002,2,88,0,-0.12,machine
002339.png,DOC002,2,89,1,0.12,has
002340.png,DOC002,2,90,0,-0.12,fundamentally
002341.png,DOC002,2,91,0,-0.12,altered
002342.png,DOC002,2,92,0,-0.12,the
002343.png,DOC002,2,93,0,-0.12,landscape
002344.png,DOC002,2,94,1,0.12,of
002345.png,DOC002,2,95,0,-0.12,modern
002346.png,DOC002,2,96,0,-0.12,computing.
002347.png,DOC002,2,97,0,-0.12,When
002348.png,DOC002,2,98,1,0.12,scalable
002349.png,DOC002,2,99,1,0.12,distributed
002350.png,DOC002,2,100,0,-0.12,"systems,"
002351.png,DOC002,2,101,0,-0.12,engineers
002352.png,DOC002,2,102,1,0.12,must
002353.png,DOC002,2,103,0,-0.12,carefully
002354.png,DOC002,2,104,0,-0.12,consider
002355.png,DOC002,2,105,0,-0.12,the
002356.png,DOC002,2,106,0,-0.12,between
002357.png,DOC002,2,107,0,-0.12,"latency,"
002358.png,DOC002,2,108,0,-0.12,"throughput,"
002359.png,DOC002,2,109,1,0.12,and
002360.png,DOC002,2,110,0,-0.12,fault
002361.png,DOC002,2,111,0,-0.12,tolerance.
002362.png,DOC002,2,112,1,0.12,In
002363.png,DOC002,2,113,0,-0.12,the
002364.png,DOC002,2,114,1,0.12,context
002365.png,DOC002,2,115,1,0.12,of
002366.png,DOC002,2,116,0,-0.12,"steganography,"
002367.png,DOC002,2,117,1,0.12,the
002368.png,DOC002,2,118,0,-0.12,primary
002369.png,DOC002,2,119,0,-0.12,challenge
002370.png,DOC002,2,120,0,-0.12,is
002371.png,DOC002,2,121,0,-0.12,overcoming
002372.png,DOC002,2,122,1,0.12,the
002373.png,DOC002,2,123,1,0.12,physical
002374.png,DOC002,2,124,1,0.12,channel
002375.png,DOC002,2,125,0,-0.12,introduced
002376.png,DOC002,2,126,0,-0.12,by
002377.png,DOC002,2,127,0,-0.12,printers
002378.png,DOC002,2,128,0,-0.12,and
002379.png,DOC002,2,129,0,-0.12,smartphone
002380.png,DOC002,2,130,1,0.12,cameras.
002381.png,DOC002,2,131,0,-0.12,This
002382.png,DOC002,2,132,0,-0.12,requires
002383.png,DOC002,2,133,1,0.12,highly
002384.png,DOC002,2,134,0,-0.12,error
002385.png,DOC002,2,135,1,0.12,correction
002386.png,DOC002,2,136,0,-0.12,"mechanisms,"
002387.png,DOC002,2,137,0,-0.12,such
002388.png,DOC002,2,138,1,0.12,as
002389.png,DOC002,2,139,0,-0.12,Reed-Solomon
002390.png,DOC002,2,140,1,0.12,"coding,"
002391.png,DOC002,2,141,0,-0.12,combined
002392.png,DOC002,2,142,0,-0.12,deep
002393.png,DOC002,2,143,0,-0.12,learning-based
002394.png,DOC002,2,144,1,0.12,document
002395.png,DOC002,2,145,0,-0.12,dewarping
002396.png,DOC002,2,146,1,0.12,and
002397.png,DOC002,2,147,0,-0.12,residual
002398.png,DOC002,2,148,0,-0.12,feature
002399.png,DOC002,2,149,0,-0.12,extraction
002400.png,DOC002,2,150,0,-0.12,reliably
002401.png,DOC002,2,151,0,-0.12,recover
002402.png,DOC002,2,152,1,0.12,the
002403.png,DOC002,2,153,1,0.12,embedded
002404.png,DOC002,2,154,0,-0.12,cryptographic
002405.png,DOC002,2,155,0,-0.12,QUESTION
002406.png,DOC002,2,156,0,-0.12,The
002407.png,DOC002,2,157,1,0.12,rapid
002408.png,DOC002,2,158,0,-0.12,advancement
002409.png,DOC002,2,159,0,-0.12,of
002410.png,DOC002,2,160,0,-0.12,artificial
002411.png,DOC002,2,161,0,-0.12,intelligence
002412.png,DOC002,2,162,0,-0.12,and
002413.png,DOC002,2,163,0,-0.12,machine
002414.png,DOC002,2,164,0,-0.12,has
002415.png,DOC002,2,165,0,-0.12,fundamentally
002416.png,DOC002,2,166,0,-0.12,altered
002417.png,DOC002,2,167,0,-0.12,the
002418.png,DOC002,2,168,0,-0.12,landscape
002419.png,DOC002,2,169,0,-0.12,of
002420.png,DOC002,2,170,0,-0.12,modern
002421.png,DOC002,2,171,0,-0.12,computing.
002422.png,DOC002,2,172,0,-0.12,When
002423.png,DOC002,2,173,0,-0.12,scalable
002424.png,DOC002,2,174,1,0.12,distributed
002425.png,DOC002,2,175,1,0.12,"systems,"
002426.png,DOC002,2,176,1,0.12,engineers
002427.png,DOC002,2,177,1,0.12,must
002428.png,DOC002,2,178,0,-0.12,carefully
002429.png,DOC002,2,179,0,-0.12,consider
002430.png,DOC002,2,180,0,-0.12,the
002431.png,DOC002,2,181,0,-0.12,between
002432.png,DOC002,2,182,0,-0.12,"latency,"
002433.png,DOC002,2,183,0,-0.12,"throughput,"
002434.png,DOC002,2,184,1,0.12,and
002435.png,DOC002,2,185,0,-0.12,fault
002436.png,DOC002,2,186,0,-0.12,tolerance.
002437.png,DOC002,2,187,1,0.12,In
002438.png,DOC002,2,188,0,-0.12,the
002439.png,DOC002,2,189,1,0.12,context
002440.png,DOC002,2,190,0,-0.12,of
002441.png,DOC002,2,191,1,0.12,"steganography,"
002442.png,DOC002,2,192,0,-0.12,the
002443.png,DOC002,2,193,1,0.12,primary
002444.png,DOC002,2,194,1,0.12,challenge
002445.png,DOC002,2,195,0,-0.12,is
002446.png,DOC002,2,196,0,-0.12,overcoming
002447.png,DOC002,2,197,0,-0.12,the
002448.png,DOC002,2,198,1,0.12,physical
002449.png,DOC002,2,199,0,-0.12,channel
002450.png,DOC002,2,200,0,-0.12,introduced
002451.png,DOC002,2,201,1,0.12,by
002452.png,DOC002,2,202,0,-0.12,printers
002453.png,DOC002,2,203,0,-0.12,and
002454.png,DOC002,2,204,0,-0.12,smartphone
002455.png,DOC002,2,205,0,-0.12,cameras.
002456.png,DOC002,2,206,0,-0.12,This
002457.png,DOC002,2,207,0,-0.12,requires
002458.png,DOC002,2,208,1,0.12,highly
002459.png,DOC002,2,209,0,-0.12,error
002460.png,DOC002,2,210,0,-0.12,correction
002461.png,DOC002,2,211,0,-0.12,"mechanisms,"
002462.png,DOC002,2,212,1,0.12,such
002463.png,DOC002,2,213,0,-0.12,as
002464.png,DOC002,2,214,0,-0.12,Reed-Solomon
002465.png,DOC002,2,215,0,-0.12,"coding,"
002466.png,DOC002,2,216,0,-0.12,combined
002467.png,DOC002,2,217,0,-0.12,deep
002468.png,DOC002,2,218,0,-0.12,learning-based
002469.png,DOC002,2,219,0,-0.12,document
002470.png,DOC002,2,220,0,-0.12,dewarping
002471.png,DOC002,2,221,0,-0.12,and
002472.png,DOC002,2,222,0,-0.12,residual
002473.png,DOC002,2,223,1,0.12,feature
002474.png,DOC002,2,224,0,-0.12,extraction
002475.png,DOC002,2,225,1,0.12,reliably
002476.png,DOC002,2,226,0,-0.12,recover
002477.png,DOC002,2,227,0,-0.12,the
002478.png,DOC002,2,228,0,-0.12,embedded
002479.png,DOC002,2,229,0,-0.12,cryptographic
002480.png,DOC002,2,230,0,-0.12,QUESTION
002481.png,DOC002,2,231,0,-0.12,The
002482.png,DOC002,2,232,0,-0.12,rapid
002483.png,DOC002,2,233,0,-0.12,advancement
002484.png,DOC002,2,234,0,-0.12,of
002485.png,DOC002,2,235,1,0.12,artificial
002486.png,DOC002,2,236,0,-0.12,intelligence
002487.png,DOC002,2,237,0,-0.12,and
002488.png,DOC002,2,238,0,-0.12,machine
002489.png,DOC002,2,239,1,0.12,has
002490.png,DOC002,2,240,1,0.12,fundamentally
002491.png,DOC002,2,241,0,-0.12,altered
002492.png,DOC002,2,242,1,0.12,the
002493.png,DOC002,2,243,0,-0.12,landscape
002494.png,DOC002,2,244,0,-0.12,of
002495.png,DOC002,2,245,0,-0.12,modern
002496.png,DOC002,2,246,0,-0.12,computing.
002497.png,DOC002,2,247,0,-0.12,When
002498.png,DOC002,2,248,0,-0.12,scalable
002499.png,DOC002,2,249,0,-0.12,distributed
002500.png,DOC002,2,250,1,0.12,"systems,"
002501.png,DOC002,2,251,0,-0.12,engineers
002502.png,DOC002,2,252,1,0.12,must
002503.png,DOC002,2,253,1,0.12,carefully
002504.png,DOC002,2,254,0,-0.12,consider
002505.png,DOC002,2,255,0,-0.12,the
002506.png,DOC002,2,256,1,0.12,between
002507.png,DOC002,2,257,1,0.12,"latency,"
002508.png,DOC002,2,258,1,0.12,"throughput,"
002509.png,DOC002,2,259,0,-0.12,and
002510.png,DOC002,2,260,0,-0.12,fault
002511.png,DOC002,2,261,0,-0.12,tolerance.
002512.png,DOC002,2,262,0,-0.12,In
002513.png,DOC002,2,263,0,-0.12,the
002514.png,DOC002,2,264,1,0.12,context
002515.png,DOC002,2,265,0,-0.12,of
002516.png,DOC002,2,266,0,-0.12,"steganography,"
002517.png,DOC002,2,267,1,0.12,the
002518.png,DOC002,2,268,0,-0.12,primary
002519.png,DOC002,2,269,0,-0.12,challenge
002520.png,DOC002,2,270,0,-0.12,is
002521.png,DOC002,2,271,1,0.12,overcoming
002522.png,DOC002,2,272,0,-0.12,the
002523.png,DOC002,2,273,0,-0.12,physical
002524.png,DOC002,2,274,0,-0.12,channel
002525.png,DOC002,2,275,0,-0.12,introduced
002526.png,DOC002,2,276,0,-0.12,by
002527.png,DOC002,2,277,0,-0.12,printers
002528.png,DOC002,2,278,0,-0.12,and
002529.png,DOC002,2,279,0,-0.12,smartphone
002530.png,DOC002,2,280,0,-0.12,cameras.
002531.png,DOC002,2,281,0,-0.12,This
002532.png,DOC002,2,282,0,-0.12,requires
002533.png,DOC002,2,283,1,0.12,highly
002534.png,DOC002,2,284,1,0.12,error
002535.png,DOC002,2,285,1,0.12,correction
002536.png,DOC002,2,286,0,-0.12,"mechanisms,"
002537.png,DOC002,2,287,1,0.12,such
002538.png,DOC002,2,288,0,-0.12,as
002539.png,DOC002,2,289,0,-0.12,Reed-Solomon
002540.png,DOC002,2,290,1,0.12,"coding,"
002541.png,DOC002,2,291,0,-0.12,combined
002542.png,DOC002,2,292,0,-0.12,deep
002543.png,DOC002,2,293,0,-0.12,learning-based
002544.png,DOC002,2,294,0,-0.12,document
002545.png,DOC002,2,295,0,-0.12,dewarping
002546.png,DOC002,2,296,0,-0.12,and
002547.png,DOC002,2,297,0,-0.12,residual
002548.png,DOC002,2,298,0,-0.12,feature
002549.png,DOC002,2,299,0,-0.12,extraction
002550.png,DOC002,2,300,0,-0.12,reliably
002551.png,DOC002,2,301,0,-0.12,recover
002552.png,DOC002,2,302,1,0.12,the
002553.png,DOC002,2,303,0,-0.12,embedded
002554.png,DOC002,2,304,1,0.12,cryptographic
002555.png,DOC002,2,305,1,0.12,QUESTION
002556.png,DOC002,2,306,0,-0.12,The
002557.png,DOC002,2,307,1,0.12,rapid
002558.png,DOC002,2,308,1,0.12,advancement
002559.png,DOC002,2,309,1,0.12,of
002560.png,DOC002,2,310,0,-0.12,artificial
002561.png,DOC002,2,311,0,-0.12,intelligence
002562.png,DOC002,2,312,0,-0.12,and
002563.png,DOC002,2,313,0,-0.12,machine
002564.png,DOC002,2,314,0,-0.12,has
002565.png,DOC002,2,315,0,-0.12,fundamentally
002566.png,DOC002,2,316,0,-0.12,altered
002567.png,DOC002,2,317,0,-0.12,the
002568.png,DOC002,2,318,0,-0.12,landscape
002569.png,DOC002,2,319,0,-0.12,of
002570.png,DOC002,2,320,0,-0.12,modern
002571.png,DOC002,2,321,0,-0.12,computing.
002572.png,DOC002,2,322,0,-0.12,When
002573.png,DOC002,2,323,1,0.12,scalable
002574.png,DOC002,2,324,1,0.12,distributed
002575.png,DOC002,2,325,1,0.12,"systems,"
002576.png,DOC002,2,326,1,0.12,engineers
002577.png,DOC002,2,327,1,0.12,must
002578.png,DOC002,2,328,0,-0.12,carefully
002579.png,DOC002,2,329,1,0.12,consider
002580.png,DOC002,2,330,0,-0.12,the
002581.png,DOC002,2,331,1,0.12,between
002582.png,DOC002,2,332,0,-0.12,"latency,"
002583.png,DOC002,2,333,0,-0.12,"throughput,"
002584.png,DOC002,2,334,1,0.12,and
002585.png,DOC002,2,335,0,-0.12,fault
002586.png,DOC002,2,336,0,-0.12,tolerance.
002587.png,DOC002,2,337,0,-0.12,In
002588.png,DOC002,2,338,0,-0.12,the
002589.png,DOC002,2,339,0,-0.12,context
002590.png,DOC002,2,340,1,0.12,of
002591.png,DOC002,2,341,0,-0.12,"steganography,"
002592.png,DOC002,2,342,1,0.12,the
002593.png,DOC002,2,343,1,0.12,primary
002594.png,DOC002,2,344,0,-0.12,challenge
002595.png,DOC002,2,345,1,0.12,is
002596.png,DOC002,2,346,0,-0.12,overcoming
002597.png,DOC002,2,347,0,-0.12,the
002598.png,DOC002,2,348,0,-0.12,physical
002599.png,DOC002,2,349,0,-0.12,channel
002600.png,DOC002,2,350,0,-0.12,introduced
002601.png,DOC002,2,351,1,0.12,by
002602.png,DOC002,2,352,0,-0.12,printers
002603.png,DOC002,2,353,0,-0.12,and
002604.png,DOC002,2,354,1,0.12,smartphone
002605.png,DOC002,2,355,0,-0.12,cameras.
002606.png,DOC002,2,356,0,-0.12,This
002607.png,DOC002,2,357,1,0.12,requires
002608.png,DOC002,2,358,0,-0.12,highly
002609.png,DOC002,2,359,0,-0.12,error
002610.png,DOC002,2,360,0,-0.12,correction
002611.png,DOC002,2,361,0,-0.12,"mechanisms,"
002612.png,DOC002,2,362,1,0.12,such
002613.png,DOC002,2,363,1,0.12,as
002614.png,DOC002,2,364,0,-0.12,Reed-Solomon
002615.png,DOC002,2,365,0,-0.12,"coding,"
002616.png,DOC002,2,366,0,-0.12,combined
002617.png,DOC002,2,367,0,-0.12,deep
002618.png,DOC002,2,368,0,-0.12,learning-based
002619.png,DOC002,2,369,0,-0.12,document
002620.png,DOC002,2,370,1,0.12,dewarping
002621.png,DOC002,2,371,0,-0.12,and
002622.png,DOC002,2,372,0,-0.12,residual
002623.png,DOC002,2,373,0,-0.12,feature
002624.png,DOC002,2,374,0,-0.12,extraction
002625.png,DOC002,3,0,0,-0.12,CONFIDENTIAL
002626.png,DOC002,3,1,0,-0.12,ENGINEERING
002627.png,DOC002,3,2,0,-0.12,EXAM
002628.png,DOC002,3,3,0,-0.12,-
002629.png,DOC002,3,4,0,-0.12,PAGE
002630.png,DOC002,3,5,1,0.12,QUESTION
002631.png,DOC002,3,6,0,-0.12,The
002632.png,DOC002,3,7,1,0.12,rapid
002633.png,DOC002,3,8,0,-0.12,advancement
002634.png,DOC002,3,9,0,-0.12,of
002635.png,DOC002,3,10,0,-0.12,artificial
002636.png,DOC002,3,11,0,-0.12,intelligence
002637.png,DOC002,3,12,0,-0.12,and
002638.png,DOC002,3,13,0,-0.12,machine
002639.png,DOC002,3,14,0,-0.12,has
002640.png,DOC002,3,15,0,-0.12,fundamentally
002641.png,DOC002,3,16,0,-0.12,altered
002642.png,DOC002,3,17,0,-0.12,the
002643.png,DOC002,3,18,0,-0.12,landscape
002644.png,DOC002,3,19,1,0.12,of
002645.png,DOC002,3,20,0,-0.12,modern
002646.png,DOC002,3,21,0,-0.12,computing.
002647.png,DOC002,3,22,0,-0.12,When
002648.png,DOC002,3,23,0,-0.12,scalable
002649.png,DOC002,3,24,0,-0.12,distributed
002650.png,DOC002,3,25,1,0.12,"systems,"
002651.png,DOC002,3,26,0,-0.12,engineers
002652.png,DOC002,3,27,1,0.12,must
002653.png,DOC002,3,28,1,0.12,carefully
002654.png,DOC002,3,29,0,-0.12,consider
002655.png,DOC002,3,30,0,-0.12,the
002656.png,DOC002,3,31,1,0.12,between
002657.png,DOC002,3,32,1,0.12,"latency,"
002658.png,DOC002,3,33,1,0.12,"throughput,"
002659.png,DOC002,3,34,1,0.12,and
002660.png,DOC002,3,35,0,-0.12,fault
002661.png,DOC002,3,36,1,0.12,tolerance.
002662.png,DOC002,3,37,1,0.12,In
002663.png,DOC002,3,38,0,-0.12,the
002664.png,DOC002,3,39,0,-0.12,context
002665.png,DOC002,3,40,0,-0.12,of
002666.png,DOC002,3,41,1,0.12,"steganography,"
002667.png,DOC002,3,42,0,-0.12,the
002668.png,DOC002,3,43,0,-0.12,primary
002669.png,DOC002,3,44,1,0.12,challenge
002670.png,DOC002,3,45,0,-0.12,is
002671.png,DOC002,3,46,0,-0.12,overcoming
002672.png,DOC002,3,47,0,-0.12,the
002673.png,DOC002,3,48,0,-0.12,physical
002674.png,DOC002,3,49,0,-0.12,channel
002675.png,DOC002,3,50,0,-0.12,introduced
002676.png,DOC002,3,51,0,-0.12,by
002677.png,DOC002,3,52,1,0.12,printers
002678.png,DOC002,3,53,1,0.12,and
002679.png,DOC002,3,54,1,0.12,smartphone
002680.png,DOC002,3,55,0,-0.12,cameras.
002681.png,DOC002,3,56,1,0.12,This
002682.png,DOC002,3,57,0,-0.12,requires
002683.png,DOC002,3,58,0,-0.12,highly
002684.png,DOC002,3,59,0,-0.12,error
002685.png,DOC002,3,60,0,-0.12,correction
002686.png,DOC002,3,61,0,-0.12,"mechanisms,"
002687.png,DOC002,3,62,0,-0.12,such
002688.png,DOC002,3,63,1,0.12,as
002689.png,DOC002,3,64,1,0.12,Reed-Solomon
002690.png,DOC002,3,65,0,-0.12,"coding,"
002691.png,DOC002,3,66,0,-0.12,combined
002692.png,DOC002,3,67,0,-0.12,deep
002693.png,DOC002,3,68,0,-0.12,learning-based
002694.png,DOC002,3,69,0,-0.12,document
002695.png,DOC002,3,70,0,-0.12,dewarping
002696.png,DOC002,3,71,0,-0.12,and
002697.png,DOC002,3,72,0,-0.12,residual
002698.png,DOC002,3,73,1,0.12,feature
002699.png,DOC002,3,74,1,0.12,extraction
002700.png,DOC002,3,75,0,-0.12,reliably
002701.png,DOC002,3,76,1,0.12,recover
002702.png,DOC002,3,77,0,-0.12,the
002703.png,DOC002,3,78,1,0.12,embedded
002704.png,DOC002,3,79,0,-0.12,cryptographic
002705.png,DOC002,3,80,0,-0.12,QUESTION
002706.png,DOC002,3,81,0,-0.12,The
002707.png,DOC002,3,82,0,-0.12,rapid
002708.png,DOC002,3,83,0,-0.12,advancement
002709.png,DOC002,3,84,0,-0.12,of
002710.png,DOC002,3,85,0,-0.12,artificial
002711.png,DOC002,3,86,0,-0.12,intelligence
002712.png,DOC002,3,87,0,-0.12,and
002713.png,DOC002,3,88,0,-0.12,machine
002714.png,DOC002,3,89,0,-0.12,has
002715.png,DOC002,3,90,0,-0.12,fundamentally
002716.png,DOC002,3,91,0,-0.12,altered
002717.png,DOC002,3,92,1,0.12,the
002718.png,DOC002,3,93,0,-0.12,landscape
002719.png,DOC002,3,94,1,0.12,of
002720.png,DOC002,3,95,0,-0.12,modern
002721.png,DOC002,3,96,0,-0.12,computing.
002722.png,DOC002,3,97,0,-0.12,When
002723.png,DOC002,3,98,0,-0.12,scalable
002724.png,DOC002,3,99,1,0.12,distributed
002725.png,DOC002,3,100,0,-0.12,"systems,"
002726.png,DOC002,3,101,1,0.12,engineers
002727.png,DOC002,3,102,0,-0.12,must
002728.png,DOC002,3,103,1,0.12,carefully
002729.png,DOC002,3,104,0,-0.12,consider
002730.png,DOC002,3,105,1,0.12,the
002731.png,DOC002,3,106,1,0.12,between
002732.png,DOC002,3,107,0,-0.12,"latency,"
002733.png,DOC002,3,108,1,0.12,"throughput,"
002734.png,DOC002,3,109,1,0.12,and
002735.png,DOC002,3,110,1,0.12,fault
002736.png,DOC002,3,111,1,0.12,tolerance.
002737.png,DOC002,3,112,0,-0.12,In
002738.png,DOC002,3,113,0,-0.12,the
002739.png,DOC002,3,114,0,-0.12,context
002740.png,DOC002,3,115,0,-0.12,of
002741.png,DOC002,3,116,0,-0.12,"steganography,"
002742.png,DOC002,3,117,1,0.12,the
002743.png,DOC002,3,118,0,-0.12,primary
002744.png,DOC002,3,119,1,0.12,challenge
002745.png,DOC002,3,120,0,-0.12,is
002746.png,DOC002,3,121,0,-0.12,overcoming
002747.png,DOC002,3,122,0,-0.12,the
002748.png,DOC002,3,123,0,-0.12,physical
002749.png,DOC002,3,124,0,-0.12,channel
002750.png,DOC002,3,125,0,-0.12,introduced
002751.png,DOC002,3,126,1,0.12,by
002752.png,DOC002,3,127,1,0.12,printers
002753.png,DOC002,3,128,1,0.12,and
002754.png,DOC002,3,129,0,-0.12,smartphone
002755.png,DOC002,3,130,0,-0.12,cameras.
002756.png,DOC002,3,131,0,-0.12,This
002757.png,DOC002,3,132,0,-0.12,requires
002758.png,DOC002,3,133,0,-0.12,highly
002759.png,DOC002,3,134,0,-0.12,error
002760.png,DOC002,3,135,0,-0.12,correction
002761.png,DOC002,3,136,1,0.12,"mechanisms,"
002762.png,DOC002,3,137,0,-0.12,such
002763.png,DOC002,3,138,0,-0.12,as
002764.png,DOC002,3,139,0,-0.12,Reed-Solomon
002765.png,DOC002,3,140,1,0.12,"coding,"
002766.png,DOC002,3,141,0,-0.12,combined
002767.png,DOC002,3,142,0,-0.12,deep
002768.png,DOC002,3,143,1,0.12,learning-based
002769.png,DOC002,3,144,0,-0.12,document
002770.png,DOC002,3,145,0,-0.12,dewarping
002771.png,DOC002,3,146,0,-0.12,and
002772.png,DOC002,3,147,0,-0.12,residual
002773.png,DOC002,3,148,0,-0.12,feature
002774.png,DOC002,3,149,0,-0.12,extraction
002775.png,DOC002,3,150,1,0.12,reliably
002776.png,DOC002,3,151,0,-0.12,recover
002777.png,DOC002,3,152,0,-0.12,the
002778.png,DOC002,3,153,0,-0.12,embedded
002779.png,DOC002,3,154,0,-0.12,cryptographic
002780.png,DOC002,3,155,1,0.12,QUESTION
002781.png,DOC002,3,156,0,-0.12,The
002782.png,DOC002,3,157,1,0.12,rapid
002783.png,DOC002,3,158,1,0.12,advancement
002784.png,DOC002,3,159,1,0.12,of
002785.png,DOC002,3,160,1,0.12,artificial
002786.png,DOC002,3,161,0,-0.12,intelligence
002787.png,DOC002,3,162,0,-0.12,and
002788.png,DOC002,3,163,0,-0.12,machine
002789.png,DOC002,3,164,0,-0.12,has
002790.png,DOC002,3,165,0,-0.12,fundamentally
002791.png,DOC002,3,166,0,-0.12,altered
002792.png,DOC002,3,167,0,-0.12,the
002793.png,DOC002,3,168,0,-0.12,landscape
002794.png,DOC002,3,169,0,-0.12,of
002795.png,DOC002,3,170,0,-0.12,modern
002796.png,DOC002,3,171,0,-0.12,computing.
002797.png,DOC002,3,172,0,-0.12,When
002798.png,DOC002,3,173,0,-0.12,scalable
002799.png,DOC002,3,174,0,-0.12,distributed
002800.png,DOC002,3,175,0,-0.12,"systems,"
002801.png,DOC002,3,176,1,0.12,engineers
002802.png,DOC002,3,177,1,0.12,must
002803.png,DOC002,3,178,0,-0.12,carefully
002804.png,DOC002,3,179,0,-0.12,consider
002805.png,DOC002,3,180,0,-0.12,the
002806.png,DOC002,3,181,0,-0.12,between
002807.png,DOC002,3,182,1,0.12,"latency,"
002808.png,DOC002,3,183,0,-0.12,"throughput,"
002809.png,DOC002,3,184,0,-0.12,and
002810.png,DOC002,3,185,0,-0.12,fault
002811.png,DOC002,3,186,0,-0.12,tolerance.
002812.png,DOC002,3,187,0,-0.12,In
002813.png,DOC002,3,188,0,-0.12,the
002814.png,DOC002,3,189,0,-0.12,context
002815.png,DOC002,3,190,0,-0.12,of
002816.png,DOC002,3,191,0,-0.12,"steganography,"
002817.png,DOC002,3,192,1,0.12,the
002818.png,DOC002,3,193,0,-0.12,primary
002819.png,DOC002,3,194,0,-0.12,challenge
002820.png,DOC002,3,195,0,-0.12,is
002821.png,DOC002,3,196,0,-0.12,overcoming
002822.png,DOC002,3,197,0,-0.12,the
002823.png,DOC002,3,198,1,0.12,physical
002824.png,DOC002,3,199,0,-0.12,channel
002825.png,DOC002,3,200,0,-0.12,introduced
002826.png,DOC002,3,201,1,0.12,by
002827.png,DOC002,3,202,0,-0.12,printers
002828.png,DOC002,3,203,0,-0.12,and
002829.png,DOC002,3,204,1,0.12,smartphone
002830.png,DOC002,3,205,0,-0.12,cameras.
002831.png,DOC002,3,206,0,-0.12,This
002832.png,DOC002,3,207,0,-0.12,requires
002833.png,DOC002,3,208,1,0.12,highly
002834.png,DOC002,3,209,0,-0.12,error
002835.png,DOC002,3,210,0,-0.12,correction
002836.png,DOC002,3,211,0,-0.12,"mechanisms,"
002837.png,DOC002,3,212,0,-0.12,such
002838.png,DOC002,3,213,0,-0.12,as
002839.png,DOC002,3,214,1,0.12,Reed-Solomon
002840.png,DOC002,3,215,0,-0.12,"coding,"
002841.png,DOC002,3,216,1,0.12,combined
002842.png,DOC002,3,217,0,-0.12,deep
002843.png,DOC002,3,218,1,0.12,learning-based
002844.png,DOC002,3,219,1,0.12,document
002845.png,DOC002,3,220,0,-0.12,dewarping
002846.png,DOC002,3,221,1,0.12,and
002847.png,DOC002,3,222,0,-0.12,residual
002848.png,DOC002,3,223,0,-0.12,feature
002849.png,DOC002,3,224,0,-0.12,extraction
002850.png,DOC002,3,225,0,-0.12,reliably
002851.png,DOC002,3,226,0,-0.12,recover
002852.png,DOC002,3,227,1,0.12,the
002853.png,DOC002,3,228,0,-0.12,embedded
002854.png,DOC002,3,229,1,0.12,cryptographic
002855.png,DOC002,3,230,1,0.12,QUESTION
002856.png,DOC002,3,231,0,-0.12,The
002857.png,DOC002,3,232,0,-0.12,rapid
002858.png,DOC002,3,233,0,-0.12,advancement
002859.png,DOC002,3,234,1,0.12,of
002860.png,DOC002,3,235,1,0.12,artificial
002861.png,DOC002,3,236,0,-0.12,intelligence
002862.png,DOC002,3,237,1,0.12,and
002863.png,DOC002,3,238,0,-0.12,machine
002864.png,DOC002,3,239,1,0.12,has
002865.png,DOC002,3,240,0,-0.12,fundamentally
002866.png,DOC002,3,241,1,0.12,altered
002867.png,DOC002,3,242,1,0.12,the
002868.png,DOC002,3,243,0,-0.12,landscape
002869.png,DOC002,3,244,0,-0.12,of
002870.png,DOC002,3,245,0,-0.12,modern
002871.png,DOC002,3,246,0,-0.12,computing.
002872.png,DOC002,3,247,1,0.12,When
002873.png,DOC002,3,248,0,-0.12,scalable
002874.png,DOC002,3,249,1,0.12,distributed
002875.png,DOC002,3,250,1,0.12,"systems,"
002876.png,DOC002,3,251,1,0.12,engineers
002877.png,DOC002,3,252,0,-0.12,must
002878.png,DOC002,3,253,0,-0.12,carefully
002879.png,DOC002,3,254,1,0.12,consider
002880.png,DOC002,3,255,1,0.12,the
002881.png,DOC002,3,256,1,0.12,between
002882.png,DOC002,3,257,0,-0.12,"latency,"
002883.png,DOC002,3,258,0,-0.12,"throughput,"
002884.png,DOC002,3,259,0,-0.12,and
002885.png,DOC002,3,260,0,-0.12,fault
002886.png,DOC002,3,261,0,-0.12,tolerance.
002887.png,DOC002,3,262,0,-0.12,In
002888.png,DOC002,3,263,0,-0.12,the
002889.png,DOC002,3,264,0,-0.12,context
002890.png,DOC002,3,265,1,0.12,of
002891.png,DOC002,3,266,0,-0.12,"steganography,"
002892.png,DOC002,3,267,0,-0.12,the
002893.png,DOC002,3,268,0,-0.12,primary
002894.png,DOC002,3,269,0,-0.12,challenge
002895.png,DOC002,3,270,0,-0.12,is
002896.png,DOC002,3,271,0,-0.12,overcoming
002897.png,DOC002,3,272,0,-0.12,the
002898.png,DOC002,3,273,0,-0.12,physical
002899.png,DOC002,3,274,0,-0.12,channel
002900.png,DOC002,3,275,0,-0.12,introduced
002901.png,DOC002,3,276,0,-0.12,by
002902.png,DOC002,3,277,0,-0.12,printers
002903.png,DOC002,3,278,0,-0.12,and
002904.png,DOC002,3,279,1,0.12,smartphone
002905.png,DOC002,3,280,0,-0.12,cameras.
002906.png,DOC002,3,281,1,0.12,This
002907.png,DOC002,3,282,0,-0.12,requires
002908.png,DOC002,3,283,0,-0.12,highly
002909.png,DOC002,3,284,0,-0.12,error
002910.png,DOC002,3,285,0,-0.12,correction
002911.png,DOC002,3,286,0,-0.12,"mechanisms,"
002912.png,DOC002,3,287,1,0.12,such
002913.png,DOC002,3,288,1,0.12,as
002914.png,DOC002,3,289,1,0.12,Reed-Solomon
002915.png,DOC002,3,290,1,0.12,"coding,"
002916.png,DOC002,3,291,1,0.12,combined
002917.png,DOC002,3,292,0,-0.12,deep
002918.png,DOC002,3,293,1,0.12,learning-based
002919.png,DOC002,3,294,0,-0.12,document
002920.png,DOC002,3,295,0,-0.12,dewarping
002921.png,DOC002,3,296,1,0.12,and
002922.png,DOC002,3,297,1,0.12,residual
002923.png,DOC002,3,298,1,0.12,feature
002924.png,DOC002,3,299,0,-0.12,extraction
002925.png,DOC002,3,300,1,0.12,reliably
002926.png,DOC002,3,301,0,-0.12,recover
002927.png,DOC002,3,302,0,-0.12,the
002928.png,DOC002,3,303,0,-0.12,embedded
002929.png,DOC002,3,304,0,-0.12,cryptographic
002930.png,DOC002,3,305,1,0.12,QUESTION
002931.png,DOC002,3,306,0,-0.12,The
002932.png,DOC002,3,307,0,-0.12,rapid
002933.png,DOC002,3,308,0,-0.12,advancement
002934.png,DOC002,3,309,1,0.12,of
002935.png,DOC002,3,310,0,-0.12,artificial
002936.png,DOC002,3,311,1,0.12,intelligence
002937.png,DOC002,3,312,1,0.12,and
002938.png,DOC002,3,313,0,-0.12,machine
002939.png,DOC002,3,314,0,-0.12,has
002940.png,DOC002,3,315,0,-0.12,fundamentally
002941.png,DOC002,3,316,0,-0.12,altered
002942.png,DOC002,3,317,1,0.12,the
002943.png,DOC002,3,318,0,-0.12,landscape
002944.png,DOC002,3,319,0,-0.12,of
002945.png,DOC002,3,320,0,-0.12,modern
002946.png,DOC002,3,321,1,0.12,computing.
002947.png,DOC002,3,322,1,0.12,When
002948.png,DOC002,3,323,1,0.12,scalable
002949.png,DOC002,3,324,0,-0.12,distributed
002950.png,DOC002,3,325,0,-0.12,"systems,"
002951.png,DOC002,3,326,1,0.12,engineers
002952.png,DOC002,3,327,0,-0.12,must
002953.png,DOC002,3,328,0,-0.12,carefully
002954.png,DOC002,3,329,0,-0.12,consider
002955.png,DOC002,3,330,0,-0.12,the
002956.png,DOC002,3,331,0,-0.12,between
002957.png,DOC002,3,332,0,-0.12,"latency,"
002958.png,DOC002,3,333,0,-0.12,"throughput,"
002959.png,DOC002,3,334,0,-0.12,and
002960.png,DOC002,3,335,1,0.12,fault
002961.png,DOC002,3,336,0,-0.12,tolerance.
002962.png,DOC002,3,337,0,-0.12,In
002963.png,DOC002,3,338,1,0.12,the
002964.png,DOC002,3,339,1,0.12,context
002965.png,DOC002,3,340,1,0.12,of
002966.png,DOC002,3,341,0,-0.12,"steganography,"
002967.png,DOC002,3,342,0,-0.12,the
002968.png,DOC002,3,343,1,0.12,primary
002969.png,DOC002,3,344,1,0.12,challenge
002970.png,DOC002,3,345,1,0.12,is
002971.png,DOC002,3,346,0,-0.12,overcoming
002972.png,DOC002,3,347,0,-0.12,the
002973.png,DOC002,3,348,0,-0.12,physical
002974.png,DOC002,3,349,1,0.12,channel
002975.png,DOC002,3,350,0,-0.12,introduced
002976.png,DOC002,3,351,0,-0.12,by
002977.png,DOC002,3,352,0,-0.12,printers
002978.png,DOC002,3,353,0,-0.12,and
002979.png,DOC002,3,354,0,-0.12,smartphone
002980.png,DOC002,3,355,0,-0.12,cameras.
002981.png,DOC002,3,356,0,-0.12,This
002982.png,DOC002,3,357,1,0.12,requires
002983.png,DOC002,3,358,0,-0.12,highly
002984.png,DOC002,3,359,0,-0.12,error
002985.png,DOC002,3,360,0,-0.12,correction
002986.png,DOC002,3,361,0,-0.12,"mechanisms,"
002987.png,DOC002,3,362,0,-0.12,such
002988.png,DOC002,3,363,1,0.12,as
002989.png,DOC002,3,364,0,-0.12,Reed-Solomon
002990.png,DOC002,3,365,0,-0.12,"coding,"
002991.png,DOC002,3,366,1,0.12,combined
002992.png,DOC002,3,367,1,0.12,deep
002993.png,DOC002,3,368,0,-0.12,learning-based
002994.png,DOC002,3,369,0,-0.12,document
002995.png,DOC002,3,370,1,0.12,dewarping
002996.png,DOC002,3,371,1,0.12,and
002997.png,DOC002,3,372,0,-0.12,residual
002998.png,DOC002,3,373,1,0.12,feature
002999.png,DOC002,3,374,0,-0.12,extraction
003000.png,DOC003,0,0,0,-0.12,CONFIDENTIAL
003001.png,DOC003,0,1,0,-0.12,ENGINEERING
003002.png,DOC003,0,2,1,0.12,EXAM
003003.png,DOC003,0,3,0,-0.12,-
003004.png,DOC003,0,4,1,0.12,PAGE
003005.png,DOC003,0,5,0,-0.12,QUESTION
003006.png,DOC003,0,6,0,-0.12,The
003007.png,DOC003,0,7,1,0.12,rapid
003008.png,DOC003,0,8,0,-0.12,advancement
003009.png,DOC003,0,9,0,-0.12,of
003010.png,DOC003,0,10,0,-0.12,artificial
003011.png,DOC003,0,11,0,-0.12,intelligence
003012.png,DOC003,0,12,1,0.12,and
003013.png,DOC003,0,13,1,0.12,machine
003014.png,DOC003,0,14,0,-0.12,has
003015.png,DOC003,0,15,0,-0.12,fundamentally
003016.png,DOC003,0,16,0,-0.12,altered
003017.png,DOC003,0,17,1,0.12,the
003018.png,DOC003,0,18,1,0.12,landscape
003019.png,DOC003,0,19,0,-0.12,of
003020.png,DOC003,0,20,0,-0.12,modern
003021.png,DOC003,0,21,0,-0.12,computing.
003022.png,DOC003,0,22,0,-0.12,When
003023.png,DOC003,0,23,0,-0.12,scalable
003024.png,DOC003,0,24,0,-0.12,distributed
003025.png,DOC003,0,25,1,0.12,"systems,"
003026.png,DOC003,0,26,0,-0.12,engineers
003027.png,DOC003,0,27,0,-0.12,must
003028.png,DOC003,0,28,1,0.12,carefully
003029.png,DOC003,0,29,0,-0.12,consider
003030.png,DOC003,0,30,1,0.12,the
003031.png,DOC003,0,31,0,-0.12,between
003032.png,DOC003,0,32,0,-0.12,"latency,"
003033.png,DOC003,0,33,0,-0.12,"throughput,"
003034.png,DOC003,0,34,0,-0.12,and
003035.png,DOC003,0,35,1,0.12,fault
003036.png,DOC003,0,36,0,-0.12,tolerance.
003037.png,DOC003,0,37,0,-0.12,In
003038.png,DOC003,0,38,0,-0.12,the
003039.png,DOC003,0,39,0,-0.12,context
003040.png,DOC003,0,40,1,0.12,of
003041.png,DOC003,0,41,1,0.12,"steganography,"
003042.png,DOC003,0,42,0,-0.12,the
003043.png,DOC003,0,43,1,0.12,primary
003044.png,DOC003,0,44,1,0.12,challenge
003045.png,DOC003,0,45,0,-0.12,is
003046.png,DOC003,0,46,0,-0.12,overcoming
003047.png,DOC003,0,47,1,0.12,the
003048.png,DOC003,0,48,0,-0.12,physical
003049.png,DOC003,0,49,0,-0.12,channel
003050.png,DOC003,0,50,0,-0.12,introduced
003051.png,DOC003,0,51,0,-0.12,by
003052.png,DOC003,0,52,1,0.12,printers
003053.png,DOC003,0,53,0,-0.12,and
003054.png,DOC003,0,54,0,-0.12,smartphone
003055.png,DOC003,0,55,0,-0.12,cameras.
003056.png,DOC003,0,56,0,-0.12,This
003057.png,DOC003,0,57,1,0.12,requires
003058.png,DOC003,0,58,1,0.12,highly
003059.png,DOC003,0,59,1,0.12,error
003060.png,DOC003,0,60,0,-0.12,correction
003061.png,DOC003,0,61,0,-0.12,"mechanisms,"
003062.png,DOC003,0,62,0,-0.12,such
003063.png,DOC003,0,63,1,0.12,as
003064.png,DOC003,0,64,0,-0.12,Reed-Solomon
003065.png,DOC003,0,65,0,-0.12,"coding,"
003066.png,DOC003,0,66,0,-0.12,combined
003067.png,DOC003,0,67,0,-0.12,deep
003068.png,DOC003,0,68,0,-0.12,learning-based
003069.png,DOC003,0,69,0,-0.12,document
003070.png,DOC003,0,70,0,-0.12,dewarping
003071.png,DOC003,0,71,0,-0.12,and
003072.png,DOC003,0,72,0,-0.12,residual
003073.png,DOC003,0,73,1,0.12,feature
003074.png,DOC003,0,74,0,-0.12,extraction
003075.png,DOC003,0,75,0,-0.12,reliably
003076.png,DOC003,0,76,0,-0.12,recover
003077.png,DOC003,0,77,0,-0.12,the
003078.png,DOC003,0,78,1,0.12,embedded
003079.png,DOC003,0,79,0,-0.12,cryptographic
003080.png,DOC003,0,80,1,0.12,QUESTION
003081.png,DOC003,0,81,0,-0.12,The
003082.png,DOC003,0,82,1,0.12,rapid
003083.png,DOC003,0,83,0,-0.12,advancement
003084.png,DOC003,0,84,0,-0.12,of
003085.png,DOC003,0,85,0,-0.12,artificial
003086.png,DOC003,0,86,1,0.12,intelligence
003087.png,DOC003,0,87,0,-0.12,and
003088.png,DOC003,0,88,0,-0.12,machine
003089.png,DOC003,0,89,0,-0.12,has
003090.png,DOC003,0,90,0,-0.12,fundamentally
003091.png,DOC003,0,91,0,-0.12,altered
003092.png,DOC003,0,92,0,-0.12,the
003093.png,DOC003,0,93,0,-0.12,landscape
003094.png,DOC003,0,94,0,-0.12,of
003095.png,DOC003,0,95,1,0.12,modern
003096.png,DOC003,0,96,0,-0.12,computing.
003097.png,DOC003,0,97,0,-0.12,When
003098.png,DOC003,0,98,0,-0.12,scalable
003099.png,DOC003,0,99,0,-0.12,distributed
003100.png,DOC003,0,100,1,0.12,"systems,"
003101.png,DOC003,0,101,0,-0.12,engineers
003102.png,DOC003,0,102,1,0.12,must
003103.png,DOC003,0,103,0,-0.12,carefully
003104.png,DOC003,0,104,1,0.12,consider
003105.png,DOC003,0,105,0,-0.12,the
003106.png,DOC003,0,106,1,0.12,between
003107.png,DOC003,0,107,0,-0.12,"latency,"
003108.png,DOC003,0,108,0,-0.12,"throughput,"
003109.png,DOC003,0,109,1,0.12,and
003110.png,DOC003,0,110,0,-0.12,fault
003111.png,DOC003,0,111,1,0.12,tolerance.
003112.png,DOC003,0,112,0,-0.12,In
003113.png,DOC003,0,113,0,-0.12,the
003114.png,DOC003,0,114,0,-0.12,context
003115.png,DOC003,0,115,1,0.12,of
003116.png,DOC003,0,116,1,0.12,"steganography,"
003117.png,DOC003,0,117,1,0.12,the
003118.png,DOC003,0,118,1,0.12,primary
003119.png,DOC003,0,119,0,-0.12,challenge
003120.png,DOC003,0,120,0,-0.12,is
003121.png,DOC003,0,121,1,0.12,overcoming
003122.png,DOC003,0,122,0,-0.12,the
003123.png,DOC003,0,123,0,-0.12,physical
003124.png,DOC003,0,124,1,0.12,channel
003125.png,DOC003,0,125,0,-0.12,introduced
003126.png,DOC003,0,126,0,-0.12,by
003127.png,DOC003,0,127,1,0.12,printers
003128.png,DOC003,0,128,0,-0.12,and
003129.png,DOC003,0,129,0,-0.12,smartphone
003130.png,DOC003,0,130,0,-0.12,cameras.
003131.png,DOC003,0,131,1,0.12,This
003132.png,DOC003,0,132,0,-0.12,requires
003133.png,DOC003,0,133,0,-0.12,highly
003134.png,DOC003,0,134,1,0.12,error
003135.png,DOC003,0,135,0,-0.12,correction
003136.png,DOC003,0,136,1,0.12,"mechanisms,"
003137.png,DOC003,0,137,0,-0.12,such
003138.png,DOC003,0,138,1,0.12,as
003139.png,DOC003,0,139,1,0.12,Reed-Solomon
003140.png,DOC003,0,140,0,-0.12,"coding,"
003141.png,DOC003,0,141,1,0.12,combined
003142.png,DOC003,0,142,0,-0.12,deep
003143.png,DOC003,0,143,1,0.12,learning-based
003144.png,DOC003,0,144,1,0.12,document
003145.png,DOC003,0,145,0,-0.12,dewarping
003146.png,DOC003,0,146,0,-0.12,and
003147.png,DOC003,0,147,1,0.12,residual
003148.png,DOC003,0,148,1,0.12,feature
003149.png,DOC003,0,149,1,0.12,extraction
003150.png,DOC003,0,150,0,-0.12,reliably
003151.png,DOC003,0,151,1,0.12,recover
003152.png,DOC003,0,152,0,-0.12,the
003153.png,DOC003,0,153,0,-0.12,embedded
003154.png,DOC003,0,154,0,-0.12,cryptographic
003155.png,DOC003,0,155,0,-0.12,QUESTION
003156.png,DOC003,0,156,1,0.12,The
003157.png,DOC003,0,157,0,-0.12,rapid
003158.png,DOC003,0,158,0,-0.12,advancement
003159.png,DOC003,0,159,0,-0.12,of
003160.png,DOC003,0,160,1,0.12,artificial
003161.png,DOC003,0,161,0,-0.12,intelligence
003162.png,DOC003,0,162,0,-0.12,and
003163.png,DOC003,0,163,0,-0.12,machine
003164.png,DOC003,0,164,1,0.12,has
003165.png,DOC003,0,165,0,-0.12,fundamentally
003166.png,DOC003,0,166,1,0.12,altered
003167.png,DOC003,0,167,1,0.12,the
003168.png,DOC003,0,168,1,0.12,landscape
003169.png,DOC003,0,169,0,-0.12,of
003170.png,DOC003,0,170,1,0.12,modern
003171.png,DOC003,0,171,0,-0.12,computing.
003172.png,DOC003,0,172,1,0.12,When
003173.png,DOC003,0,173,0,-0.12,scalable
003174.png,DOC003,0,174,1,0.12,distributed
003175.png,DOC003,0,175,0,-0.12,"systems,"
003176.png,DOC003,0,176,0,-0.12,engineers
003177.png,DOC003,0,177,0,-0.12,must
003178.png,DOC003,0,178,1,0.12,carefully
003179.png,DOC003,0,179,1,0.12,consider
003180.png,DOC003,0,180,1,0.12,the
003181.png,DOC003,0,181,1,0.12,between
003182.png,DOC003,0,182,0,-0.12,"latency,"
003183.png,DOC003,0,183,0,-0.12,"throughput,"
003184.png,DOC003,0,184,0,-0.12,and
003185.png,DOC003,0,185,0,-0.12,fault
003186.png,DOC003,0,186,1,0.12,tolerance.
003187.png,DOC003,0,187,0,-0.12,In
003188.png,DOC003,0,188,0,-0.12,the
003189.png,DOC003,0,189,0,-0.12,context
003190.png,DOC003,0,190,0,-0.12,of
003191.png,DOC003,0,191,0,-0.12,"steganography,"
003192.png,DOC003,0,192,1,0.12,the
003193.png,DOC003,0,193,1,0.12,primary
003194.png,DOC003,0,194,1,0.12,challenge
003195.png,DOC003,0,195,0,-0.12,is
003196.png,DOC003,0,196,0,-0.12,overcoming
003197.png,DOC003,0,197,1,0.12,the
003198.png,DOC003,0,198,0,-0.12,physical
003199.png,DOC003,0,199,1,0.12,channel
003200.png,DOC003,0,200,0,-0.12,introduced
003201.png,DOC003,0,201,1,0.12,by
003202.png,DOC003,0,202,0,-0.12,printers
003203.png,DOC003,0,203,1,0.12,and
003204.png,DOC003,0,204,0,-0.12,smartphone
003205.png,DOC003,0,205,0,-0.12,cameras.
003206.png,DOC003,0,206,1,0.12,This
003207.png,DOC003,0,207,0,-0.12,requires
003208.png,DOC003,0,208,0,-0.12,highly
003209.png,DOC003,0,209,0,-0.12,error
003210.png,DOC003,0,210,0,-0.12,correction
003211.png,DOC003,0,211,0,-0.12,"mechanisms,"
003212.png,DOC003,0,212,1,0.12,such
003213.png,DOC003,0,213,0,-0.12,as
003214.png,DOC003,0,214,0,-0.12,Reed-Solomon
003215.png,DOC003,0,215,0,-0.12,"coding,"
003216.png,DOC003,0,216,1,0.12,combined
003217.png,DOC003,0,217,0,-0.12,deep
003218.png,DOC003,0,218,0,-0.12,learning-based
003219.png,DOC003,0,219,0,-0.12,document
003220.png,DOC003,0,220,0,-0.12,dewarping
003221.png,DOC003,0,221,1,0.12,and
003222.png,DOC003,0,222,0,-0.12,residual
003223.png,DOC003,0,223,1,0.12,feature
003224.png,DOC003,0,224,0,-0.12,extraction
003225.png,DOC003,0,225,0,-0.12,reliably
003226.png,DOC003,0,226,0,-0.12,recover
003227.png,DOC003,0,227,0,-0.12,the
003228.png,DOC003,0,228,0,-0.12,embedded
003229.png,DOC003,0,229,0,-0.12,cryptographic
003230.png,DOC003,0,230,1,0.12,QUESTION
003231.png,DOC003,0,231,0,-0.12,The
003232.png,DOC003,0,232,0,-0.12,rapid
003233.png,DOC003,0,233,0,-0.12,advancement
003234.png,DOC003,0,234,0,-0.12,of
003235.png,DOC003,0,235,1,0.12,artificial
003236.png,DOC003,0,236,0,-0.12,intelligence
003237.png,DOC003,0,237,1,0.12,and
003238.png,DOC003,0,238,0,-0.12,machine
003239.png,DOC003,0,239,1,0.12,has
003240.png,DOC003,0,240,1,0.12,fundamentally
003241.png,DOC003,0,241,1,0.12,altered
003242.png,DOC003,0,242,0,-0.12,the
003243.png,DOC003,0,243,1,0.12,landscape
003244.png,DOC003,0,244,1,0.12,of
003245.png,DOC003,0,245,0,-0.12,modern
003246.png,DOC003,0,246,0,-0.12,computing.
003247.png,DOC003,0,247,0,-0.12,When
003248.png,DOC003,0,248,1,0.12,scalable
003249.png,DOC003,0,249,0,-0.12,distributed
003250.png,DOC003,0,250,0,-0.12,"systems,"
003251.png,DOC003,0,251,0,-0.12,engineers
003252.png,DOC003,0,252,0,-0.12,must
003253.png,DOC003,0,253,0,-0.12,carefully
003254.png,DOC003,0,254,1,0.12,consider
003255.png,DOC003,0,255,0,-0.12,the
003256.png,DOC003,0,256,1,0.12,between
003257.png,DOC003,0,257,0,-0.12,"latency,"
003258.png,DOC003,0,258,0,-0.12,"throughput,"
003259.png,DOC003,0,259,0,-0.12,and
003260.png,DOC003,0,260,0,-0.12,fault
003261.png,DOC003,0,261,0,-0.12,tolerance.
003262.png,DOC003,0,262,0,-0.12,In
003263.png,DOC003,0,263,0,-0.12,the
003264.png,DOC003,0,264,0,-0.12,context
003265.png,DOC003,0,265,0,-0.12,of
003266.png,DOC003,0,266,0,-0.12,"steganography,"
003267.png,DOC003,0,267,0,-0.12,the
003268.png,DOC003,0,268,0,-0.12,primary
003269.png,DOC003,0,269,0,-0.12,challenge
003270.png,DOC003,0,270,0,-0.12,is
003271.png,DOC003,0,271,1,0.12,overcoming
003272.png,DOC003,0,272,0,-0.12,the
003273.png,DOC003,0,273,1,0.12,physical
003274.png,DOC003,0,274,0,-0.12,channel
003275.png,DOC003,0,275,0,-0.12,introduced
003276.png,DOC003,0,276,0,-0.12,by
003277.png,DOC003,0,277,0,-0.12,printers
003278.png,DOC003,0,278,0,-0.12,and
003279.png,DOC003,0,279,0,-0.12,smartphone
003280.png,DOC003,0,280,0,-0.12,cameras.
003281.png,DOC003,0,281,1,0.12,This
003282.png,DOC003,0,282,0,-0.12,requires
003283.png,DOC003,0,283,0,-0.12,highly
003284.png,DOC003,0,284,0,-0.12,error
003285.png,DOC003,0,285,0,-0.12,correction
003286.png,DOC003,0,286,0,-0.12,"mechanisms,"
003287.png,DOC003,0,287,1,0.12,such
003288.png,DOC003,0,288,1,0.12,as
003289.png,DOC003,0,289,0,-0.12,Reed-Solomon
003290.png,DOC003,0,290,0,-0.12,"coding,"
003291.png,DOC003,0,291,0,-0.12,combined
003292.png,DOC003,0,292,0,-0.12,deep
003293.png,DOC003,0,293,0,-0.12,learning-based
003294.png,DOC003,0,294,0,-0.12,document
003295.png,DOC003,0,295,0,-0.12,dewarping
003296.png,DOC003,0,296,0,-0.12,and
003297.png,DOC003,0,297,1,0.12,residual
003298.png,DOC003,0,298,0,-0.12,feature
003299.png,DOC003,0,299,1,0.12,extraction
003300.png,DOC003,0,300,0,-0.12,reliably
003301.png,DOC003,0,301,0,-0.12,recover
003302.png,DOC003,0,302,0,-0.12,the
003303.png,DOC003,0,303,0,-0.12,embedded
003304.png,DOC003,0,304,0,-0.12,cryptographic
003305.png,DOC003,0,305,0,-0.12,QUESTION
003306.png,DOC003,0,306,0,-0.12,The
003307.png,DOC003,0,307,0,-0.12,rapid
003308.png,DOC003,0,308,0,-0.12,advancement
003309.png,DOC003,0,309,1,0.12,of
003310.png,DOC003,0,310,1,0.12,artificial
003311.png,DOC003,0,311,0,-0.12,intelligence
003312.png,DOC003,0,312,0,-0.12,and
003313.png,DOC003,0,313,0,-0.12,machine
003314.png,DOC003,0,314,1,0.12,has
003315.png,DOC003,0,315,0,-0.12,fundamentally
003316.png,DOC003,0,316,1,0.12,altered
003317.png,DOC003,0,317,0,-0.12,the
003318.png,DOC003,0,318,0,-0.12,landscape
003319.png,DOC003,0,319,0,-0.12,of
003320.png,DOC003,0,320,0,-0.12,modern
003321.png,DOC003,0,321,0,-0.12,computing.
003322.png,DOC003,0,322,0,-0.12,When
003323.png,DOC003,0,323,0,-0.12,scalable
003324.png,DOC003,0,324,0,-0.12,distributed
003325.png,DOC003,0,325,0,-0.12,"systems,"
003326.png,DOC003,0,326,0,-0.12,engineers
003327.png,DOC003,0,327,1,0.12,must
003328.png,DOC003,0,328,0,-0.12,carefully
003329.png,DOC003,0,329,0,-0.12,consider
003330.png,DOC003,0,330,0,-0.12,the
003331.png,DOC003,0,331,0,-0.12,between
003332.png,DOC003,0,332,0,-0.12,"latency,"
003333.png,DOC003,0,333,1,0.12,"throughput,"
003334.png,DOC003,0,334,0,-0.12,and
003335.png,DOC003,0,335,0,-0.12,fault
003336.png,DOC003,0,336,0,-0.12,tolerance.
003337.png,DOC003,0,337,0,-0.12,In
003338.png,DOC003,0,338,0,-0.12,the
003339.png,DOC003,0,339,0,-0.12,context
003340.png,DOC003,0,340,0,-0.12,of
003341.png,DOC003,0,341,1,0.12,"steganography,"
003342.png,DOC003,0,342,0,-0.12,the
003343.png,DOC003,0,343,0,-0.12,primary
003344.png,DOC003,0,344,0,-0.12,challenge
003345.png,DOC003,0,345,0,-0.12,is
003346.png,DOC003,0,346,1,0.12,overcoming
003347.png,DOC003,0,347,0,-0.12,the
003348.png,DOC003,0,348,0,-0.12,physical
003349.png,DOC003,0,349,0,-0.12,channel
003350.png,DOC003,0,350,0,-0.12,introduced
003351.png,DOC003,0,351,0,-0.12,by
003352.png,DOC003,0,352,0,-0.12,printers
003353.png,DOC003,0,353,0,-0.12,and
003354.png,DOC003,0,354,0,-0.12,smartphone
003355.png,DOC003,0,355,1,0.12,cameras.
003356.png,DOC003,0,356,1,0.12,This
003357.png,DOC003,0,357,0,-0.12,requires
003358.png,DOC003,0,358,0,-0.12,highly
003359.png,DOC003,0,359,0,-0.12,error
003360.png,DOC003,0,360,1,0.12,correction
003361.png,DOC003,0,361,0,-0.12,"mechanisms,"
003362.png,DOC003,0,362,0,-0.12,such
003363.png,DOC003,0,363,0,-0.12,as
003364.png,DOC003,0,364,0,-0.12,Reed-Solomon
003365.png,DOC003,0,365,0,-0.12,"coding,"
003366.png,DOC003,0,366,0,-0.12,combined
003367.png,DOC003,0,367,1,0.12,deep
003368.png,DOC003,0,368,1,0.12,learning-based
003369.png,DOC003,0,369,1,0.12,document
003370.png,DOC003,0,370,1,0.12,dewarping
003371.png,DOC003,0,371,0,-0.12,and
003372.png,DOC003,0,372,0,-0.12,residual
003373.png,DOC003,0,373,1,0.12,feature
003374.png,DOC003,0,374,1,0.12,extraction
003375.png,DOC003,1,0,0,-0.12,CONFIDENTIAL
003376.png,DOC003,1,1,0,-0.12,ENGINEERING
003377.png,DOC003,1,2,0,-0.12,EXAM
003378.png,DOC003,1,3,0,-0.12,-
003379.png,DOC003,1,4,0,-0.12,PAGE
003380.png,DOC003,1,5,0,-0.12,QUESTION
003381.png,DOC003,1,6,0,-0.12,The
003382.png,DOC003,1,7,0,-0.12,rapid
003383.png,DOC003,1,8,0,-0.12,advancement
003384.png,DOC003,1,9,0,-0.12,of
003385.png,DOC003,1,10,1,0.12,artificial
003386.png,DOC003,1,11,1,0.12,intelligence
003387.png,DOC003,1,12,1,0.12,and
003388.png,DOC003,1,13,0,-0.12,machine
003389.png,DOC003,1,14,1,0.12,has
003390.png,DOC003,1,15,0,-0.12,fundamentally
003391.png,DOC003,1,16,0,-0.12,altered
003392.png,DOC003,1,17,1,0.12,the
003393.png,DOC003,1,18,0,-0.12,landscape
003394.png,DOC003,1,19,1,0.12,of
003395.png,DOC003,1,20,0,-0.12,modern
003396.png,DOC003,1,21,0,-0.12,computing.
003397.png,DOC003,1,22,0,-0.12,When
003398.png,DOC003,1,23,1,0.12,scalable
003399.png,DOC003,1,24,0,-0.12,distributed
003400.png,DOC003,1,25,0,-0.12,"systems,"
003401.png,DOC003,1,26,1,0.12,engineers
003402.png,DOC003,1,27,0,-0.12,must
003403.png,DOC003,1,28,0,-0.12,carefully
003404.png,DOC003,1,29,0,-0.12,consider
003405.png,DOC003,1,30,0,-0.12,the
003406.png,DOC003,1,31,0,-0.12,between
003407.png,DOC003,1,32,0,-0.12,"latency,"
003408.png,DOC003,1,33,0,-0.12,"throughput,"
003409.png,DOC003,1,34,0,-0.12,and
003410.png,DOC003,1,35,0,-0.12,fault
003411.png,DOC003,1,36,0,-0.12,tolerance.
003412.png,DOC003,1,37,0,-0.12,In
003413.png,DOC003,1,38,0,-0.12,the
003414.png,DOC003,1,39,0,-0.12,context
003415.png,DOC003,1,40,0,-0.12,of
003416.png,DOC003,1,41,0,-0.12,"steganography,"
003417.png,DOC003,1,42,1,0.12,the
003418.png,DOC003,1,43,0,-0.12,primary
003419.png,DOC003,1,44,0,-0.12,challenge
003420.png,DOC003,1,45,0,-0.12,is
003421.png,DOC003,1,46,0,-0.12,overcoming
003422.png,DOC003,1,47,0,-0.12,the
003423.png,DOC003,1,48,0,-0.12,physical
003424.png,DOC003,1,49,0,-0.12,channel
003425.png,DOC003,1,50,0,-0.12,introduced
003426.png,DOC003,1,51,0,-0.12,by
003427.png,DOC003,1,52,0,-0.12,printers
003428.png,DOC003,1,53,1,0.12,and
003429.png,DOC003,1,54,1,0.12,smartphone
003430.png,DOC003,1,55,1,0.12,cameras.
003431.png,DOC003,1,56,0,-0.12,This
003432.png,DOC003,1,57,0,-0.12,requires
003433.png,DOC003,1,58,0,-0.12,highly
003434.png,DOC003,1,59,0,-0.12,error
003435.png,DOC003,1,60,1,0.12,correction
003436.png,DOC003,1,61,1,0.12,"mechanisms,"
003437.png,DOC003,1,62,1,0.12,such
003438.png,DOC003,1,63,1,0.12,as
003439.png,DOC003,1,64,0,-0.12,Reed-Solomon
003440.png,DOC003,1,65,0,-0.12,"coding,"
003441.png,DOC003,1,66,1,0.12,combined
003442.png,DOC003,1,67,1,0.12,deep
003443.png,DOC003,1,68,0,-0.12,learning-based
003444.png,DOC003,1,69,0,-0.12,document
003445.png,DOC003,1,70,0,-0.12,dewarping
003446.png,DOC003,1,71,1,0.12,and
003447.png,DOC003,1,72,1,0.12,residual
003448.png,DOC003,1,73,0,-0.12,feature
003449.png,DOC003,1,74,1,0.12,extraction
003450.png,DOC003,1,75,0,-0.12,reliably
003451.png,DOC003,1,76,0,-0.12,recover
003452.png,DOC003,1,77,0,-0.12,the
003453.png,DOC003,1,78,1,0.12,embedded
003454.png,DOC003,1,79,1,0.12,cryptographic
003455.png,DOC003,1,80,0,-0.12,QUESTION
003456.png,DOC003,1,81,1,0.12,The
003457.png,DOC003,1,82,0,-0.12,rapid
003458.png,DOC003,1,83,1,0.12,advancement
003459.png,DOC003,1,84,1,0.12,of
003460.png,DOC003,1,85,0,-0.12,artificial
003461.png,DOC003,1,86,1,0.12,intelligence
003462.png,DOC003,1,87,1,0.12,and
003463.png,DOC003,1,88,0,-0.12,machine
003464.png,DOC003,1,89,1,0.12,has
003465.png,DOC003,1,90,1,0.12,fundamentally
003466.png,DOC003,1,91,0,-0.12,altered
003467.png,DOC003,1,92,1,0.12,the
003468.png,DOC003,1,93,1,0.12,landscape
003469.png,DOC003,1,94,0,-0.12,of
003470.png,DOC003,1,95,0,-0.12,modern
003471.png,DOC003,1,96,0,-0.12,computing.
003472.png,DOC003,1,97,0,-0.12,When
003473.png,DOC003,1,98,0,-0.12,scalable
003474.png,DOC003,1,99,1,0.12,distributed
003475.png,DOC003,1,100,0,-0.12,"systems,"
003476.png,DOC003,1,101,0,-0.12,engineers
003477.png,DOC003,1,102,0,-0.12,must
003478.png,DOC003,1,103,0,-0.12,carefully
003479.png,DOC003,1,104,1,0.12,consider
003480.png,DOC003,1,105,0,-0.12,the
003481.png,DOC003,1,106,0,-0.12,between
003482.png,DOC003,1,107,0,-0.12,"latency,"
003483.png,DOC003,1,108,1,0.12,"throughput,"
003484.png,DOC003,1,109,0,-0.12,and
003485.png,DOC003,1,110,1,0.12,fault
003486.png,DOC003,1,111,0,-0.12,tolerance.
003487.png,DOC003,1,112,0,-0.12,In
003488.png,DOC003,1,113,0,-0.12,the
003489.png,DOC003,1,114,0,-0.12,context
003490.png,DOC003,1,115,0,-0.12,of
003491.png,DOC003,1,116,0,-0.12,"steganography,"
003492.png,DOC003,1,117,0,-0.12,the
003493.png,DOC003,1,118,1,0.12,primary
003494.png,DOC003,1,119,0,-0.12,challenge
003495.png,DOC003,1,120,0,-0.12,is
003496.png,DOC003,1,121,0,-0.12,overcoming
003497.png,DOC003,1,122,0,-0.12,the
003498.png,DOC003,1,123,1,0.12,physical
003499.png,DOC003,1,124,0,-0.12,channel
003500.png,DOC003,1,125,0,-0.12,introduced
003501.png,DOC003,1,126,1,0.12,by
003502.png,DOC003,1,127,1,0.12,printers
003503.png,DOC003,1,128,1,0.12,and
003504.png,DOC003,1,129,0,-0.12,smartphone
003505.png,DOC003,1,130,1,0.12,cameras.
003506.png,DOC003,1,131,0,-0.12,This
003507.png,DOC003,1,132,0,-0.12,requires
003508.png,DOC003,1,133,0,-0.12,highly
003509.png,DOC003,1,134,1,0.12,error
003510.png,DOC003,1,135,0,-0.12,correction
003511.png,DOC003,1,136,0,-0.12,"mechanisms,"
003512.png,DOC003,1,137,1,0.12,such
003513.png,DOC003,1,138,1,0.12,as
003514.png,DOC003,1,139,0,-0.12,Reed-Solomon
003515.png,DOC003,1,140,0,-0.12,"coding,"
003516.png,DOC003,1,141,1,0.12,combined
003517.png,DOC003,1,142,0,-0.12,deep
003518.png,DOC003,1,143,0,-0.12,learning-based
003519.png,DOC003,1,144,1,0.12,document
003520.png,DOC003,1,145,0,-0.12,dewarping
003521.png,DOC003,1,146,0,-0.12,and
003522.png,DOC003,1,147,1,0.12,residual
003523.png,DOC003,1,148,0,-0.12,feature
003524.png,DOC003,1,149,0,-0.12,extraction
003525.png,DOC003,1,150,1,0.12,reliably
003526.png,DOC003,1,151,0,-0.12,recover
003527.png,DOC003,1,152,0,-0.12,the
003528.png,DOC003,1,153,0,-0.12,embedded
003529.png,DOC003,1,154,1,0.12,cryptographic
003530.png,DOC003,1,155,0,-0.12,QUESTION
003531.png,DOC003,1,156,0,-0.12,The
003532.png,DOC003,1,157,1,0.12,rapid
003533.png,DOC003,1,158,0,-0.12,advancement
003534.png,DOC003,1,159,0,-0.12,of
003535.png,DOC003,1,160,0,-0.12,artificial
003536.png,DOC003,1,161,0,-0.12,intelligence
003537.png,DOC003,1,162,0,-0.12,and
003538.png,DOC003,1,163,0,-0.12,machine
003539.png,DOC003,1,164,1,0.12,has
003540.png,DOC003,1,165,0,-0.12,fundamentally
003541.png,DOC003,1,166,1,0.12,altered
003542.png,DOC003,1,167,1,0.12,the
003543.png,DOC003,1,168,1,0.12,landscape
003544.png,DOC003,1,169,0,-0.12,of
003545.png,DOC003,1,170,0,-0.12,modern
003546.png,DOC003,1,171,0,-0.12,computing.
003547.png,DOC003,1,172,1,0.12,When
003548.png,DOC003,1,173,0,-0.12,scalable
003549.png,DOC003,1,174,0,-0.12,distributed
003550.png,DOC003,1,175,1,0.12,"systems,"
003551.png,DOC003,1,176,0,-0.12,engineers
003552.png,DOC003,1,177,0,-0.12,must
003553.png,DOC003,1,178,1,0.12,carefully
003554.png,DOC003,1,179,0,-0.12,consider
003555.png,DOC003,1,180,0,-0.12,the
003556.png,DOC003,1,181,0,-0.12,between
003557.png,DOC003,1,182,0,-0.12,"latency,"
003558.png,DOC003,1,183,1,0.12,"throughput,"
003559.png,DOC003,1,184,0,-0.12,and
003560.png,DOC003,1,185,0,-0.12,fault
003561.png,DOC003,1,186,0,-0.12,tolerance.
003562.png,DOC003,1,187,0,-0.12,In
003563.png,DOC003,1,188,0,-0.12,the
003564.png,DOC003,1,189,0,-0.12,context
003565.png,DOC003,1,190,1,0.12,of
003566.png,DOC003,1,191,1,0.12,"steganography,"
003567.png,DOC003,1,192,1,0.12,the
003568.png,DOC003,1,193,0,-0.12,primary
003569.png,DOC003,1,194,0,-0.12,challenge
003570.png,DOC003,1,195,1,0.12,is
003571.png,DOC003,1,196,0,-0.12,overcoming
003572.png,DOC003,1,197,1,0.12,the
003573.png,DOC003,1,198,0,-0.12,physical
003574.png,DOC003,1,199,0,-0.12,channel
003575.png,DOC003,1,200,0,-0.12,introduced
003576.png,DOC003,1,201,0,-0.12,by
003577.png,DOC003,1,202,0,-0.12,printers
003578.png,DOC003,1,203,0,-0.12,and
003579.png,DOC003,1,204,1,0.12,smartphone
003580.png,DOC003,1,205,0,-0.12,cameras.
003581.png,DOC003,1,206,0,-0.12,This
003582.png,DOC003,1,207,1,0.12,requires
003583.png,DOC003,1,208,0,-0.12,highly
003584.png,DOC003,1,209,0,-0.12,error
003585.png,DOC003,1,210,0,-0.12,correction
003586.png,DOC003,1,211,0,-0.12,"mechanisms,"
003587.png,DOC003,1,212,0,-0.12,such
003588.png,DOC003,1,213,1,0.12,as
003589.png,DOC003,1,214,0,-0.12,Reed-Solomon
003590.png,DOC003,1,215,0,-0.12,"coding,"
003591.png,DOC003,1,216,0,-0.12,combined
003592.png,DOC003,1,217,0,-0.12,deep
003593.png,DOC003,1,218,0,-0.12,learning-based
003594.png,DOC003,1,219,0,-0.12,document
003595.png,DOC003,1,220,1,0.12,dewarping
003596.png,DOC003,1,221,0,-0.12,and
003597.png,DOC003,1,222,0,-0.12,residual
003598.png,DOC003,1,223,0,-0.12,feature
003599.png,DOC003,1,224,1,0.12,extraction
003600.png,DOC003,1,225,1,0.12,reliably
003601.png,DOC003,1,226,0,-0.12,recover
003602.png,DOC003,1,227,0,-0.12,the
003603.png,DOC003,1,228,0,-0.12,embedded
003604.png,DOC003,1,229,1,0.12,cryptographic
003605.png,DOC003,1,230,0,-0.12,QUESTION
003606.png,DOC003,1,231,0,-0.12,The
003607.png,DOC003,1,232,0,-0.12,rapid
003608.png,DOC003,1,233,0,-0.12,advancement
003609.png,DOC003,1,234,0,-0.12,of
003610.png,DOC003,1,235,1,0.12,artificial
003611.png,DOC003,1,236,0,-0.12,intelligence
003612.png,DOC003,1,237,0,-0.12,and
003613.png,DOC003,1,238,0,-0.12,machine
003614.png,DOC003,1,239,0,-0.12,has
003615.png,DOC003,1,240,0,-0.12,fundamentally
003616.png,DOC003,1,241,1,0.12,altered
003617.png,DOC003,1,242,1,0.12,the
003618.png,DOC003,1,243,0,-0.12,landscape
003619.png,DOC003,1,244,0,-0.12,of
003620.png,DOC003,1,245,1,0.12,modern
003621.png,DOC003,1,246,0,-0.12,computing.
003622.png,DOC003,1,247,0,-0.12,When
003623.png,DOC003,1,248,1,0.12,scalable
003624.png,DOC003,1,249,0,-0.12,distributed
003625.png,DOC003,1,250,1,0.12,"systems,"
003626.png,DOC003,1,251,1,0.12,engineers
003627.png,DOC003,1,252,0,-0.12,must
003628.png,DOC003,1,253,0,-0.12,carefully
003629.png,DOC003,1,254,0,-0.12,consider
003630.png,DOC003,1,255,0,-0.12,the
003631.png,DOC003,1,256,0,-0.12,between
003632.png,DOC003,1,257,0,-0.12,"latency,"
003633.png,DOC003,1,258,1,0.12,"throughput,"
003634.png,DOC003,1,259,1,0.12,and
003635.png,DOC003,1,260,1,0.12,fault
003636.png,DOC003,1,261,0,-0.12,tolerance.
003637.png,DOC003,1,262,1,0.12,In
003638.png,DOC003,1,263,0,-0.12,the
003639.png,DOC003,1,264,0,-0.12,context
003640.png,DOC003,1,265,0,-0.12,of
003641.png,DOC003,1,266,0,-0.12,"steganography,"
003642.png,DOC003,1,267,0,-0.12,the
003643.png,DOC003,1,268,0,-0.12,primary
003644.png,DOC003,1,269,1,0.12,challenge
003645.png,DOC003,1,270,0,-0.12,is
003646.png,DOC003,1,271,0,-0.12,overcoming
003647.png,DOC003,1,272,0,-0.12,the
003648.png,DOC003,1,273,1,0.12,physical
003649.png,DOC003,1,274,0,-0.12,channel
003650.png,DOC003,1,275,0,-0.12,introduced
003651.png,DOC003,1,276,0,-0.12,by
003652.png,DOC003,1,277,0,-0.12,printers
003653.png,DOC003,1,278,0,-0.12,and
003654.png,DOC003,1,279,1,0.12,smartphone
003655.png,DOC003,1,280,0,-0.12,cameras.
003656.png,DOC003,1,281,1,0.12,This
003657.png,DOC003,1,282,0,-0.12,requires
003658.png,DOC003,1,283,1,0.12,highly
003659.png,DOC003,1,284,0,-0.12,error
003660.png,DOC003,1,285,0,-0.12,correction
003661.png,DOC003,1,286,0,-0.12,"mechanisms,"
003662.png,DOC003,1,287,0,-0.12,such
003663.png,DOC003,1,288,1,0.12,as
003664.png,DOC003,1,289,0,-0.12,Reed-Solomon
003665.png,DOC003,1,290,0,-0.12,"coding,"
003666.png,DOC003,1,291,0,-0.12,combined
003667.png,DOC003,1,292,0,-0.12,deep
003668.png,DOC003,1,293,0,-0.12,learning-based
003669.png,DOC003,1,294,0,-0.12,document
003670.png,DOC003,1,295,0,-0.12,dewarping
003671.png,DOC003,1,296,0,-0.12,and
003672.png,DOC003,1,297,1,0.12,residual
003673.png,DOC003,1,298,0,-0.12,feature
003674.png,DOC003,1,299,0,-0.12,extraction
003675.png,DOC003,1,300,1,0.12,reliably
003676.png,DOC003,1,301,0,-0.12,recover
003677.png,DOC003,1,302,0,-0.12,the
003678.png,DOC003,1,303,0,-0.12,embedded
003679.png,DOC003,1,304,1,0.12,cryptographic
003680.png,DOC003,1,305,1,0.12,QUESTION
003681.png,DOC003,1,306,0,-0.12,The
003682.png,DOC003,1,307,0,-0.12,rapid
003683.png,DOC003,1,308,1,0.12,advancement
003684.png,DOC003,1,309,0,-0.12,of
003685.png,DOC003,1,310,0,-0.12,artificial
003686.png,DOC003,1,311,1,0.12,intelligence
003687.png,DOC003,1,312,1,0.12,and
003688.png,DOC003,1,313,0,-0.12,machine
003689.png,DOC003,1,314,0,-0.12,has
003690.png,DOC003,1,315,0,-0.12,fundamentally
003691.png,DOC003,1,316,0,-0.12,altered
003692.png,DOC003,1,317,0,-0.12,the
003693.png,DOC003,1,318,1,0.12,landscape
003694.png,DOC003,1,319,0,-0.12,of
003695.png,DOC003,1,320,0,-0.12,modern
003696.png,DOC003,1,321,1,0.12,computing.
003697.png,DOC003,1,322,0,-0.12,When
003698.png,DOC003,1,323,1,0.12,scalable
003699.png,DOC003,1,324,1,0.12,distributed
003700.png,DOC003,1,325,0,-0.12,"systems,"
003701.png,DOC003,1,326,0,-0.12,engineers
003702.png,DOC003,1,327,0,-0.12,must
003703.png,DOC003,1,328,0,-0.12,carefully
003704.png,DOC003,1,329,1,0.12,consider
003705.png,DOC003,1,330,1,0.12,the
003706.png,DOC003,1,331,0,-0.12,between
003707.png,DOC003,1,332,0,-0.12,"latency,"
003708.png,DOC003,1,333,1,0.12,"throughput,"
003709.png,DOC003,1,334,0,-0.12,and
003710.png,DOC003,1,335,0,-0.12,fault
003711.png,DOC003,1,336,0,-0.12,tolerance.
003712.png,DOC003,1,337,1,0.12,In
003713.png,DOC003,1,338,0,-0.12,the
003714.png,DOC003,1,339,1,0.12,context
003715.png,DOC003,1,340,1,0.12,of
003716.png,DOC003,1,341,0,-0.12,"steganography,"
003717.png,DOC003,1,342,0,-0.12,the
003718.png,DOC003,1,343,0,-0.12,primary
003719.png,DOC003,1,344,1,0.12,challenge
003720.png,DOC003,1,345,0,-0.12,is
003721.png,DOC003,1,346,0,-0.12,overcoming
003722.png,DOC003,1,347,0,-0.12,the
003723.png,DOC003,1,348,0,-0.12,physical
003724.png,DOC003,1,349,0,-0.12,channel
003725.png,DOC003,1,350,0,-0.12,introduced
003726.png,DOC003,1,351,1,0.12,by
003727.png,DOC003,1,352,0,-0.12,printers
003728.png,DOC003,1,353,0,-0.12,and
003729.png,DOC003,1,354,0,-0.12,smartphone
003730.png,DOC003,1,355,0,-0.12,cameras.
003731.png,DOC003,1,356,0,-0.12,This
003732.png,DOC003,1,357,0,-0.12,requires
003733.png,DOC003,1,358,0,-0.12,highly
003734.png,DOC003,1,359,0,-0.12,error
003735.png,DOC003,1,360,0,-0.12,correction
003736.png,DOC003,1,361,1,0.12,"mechanisms,"
003737.png,DOC003,1,362,0,-0.12,such
003738.png,DOC003,1,363,0,-0.12,as
003739.png,DOC003,1,364,0,-0.12,Reed-Solomon
003740.png,DOC003,1,365,0,-0.12,"coding,"
003741.png,DOC003,1,366,0,-0.12,combined
003742.png,DOC003,1,367,1,0.12,deep
003743.png,DOC003,1,368,0,-0.12,learning-based
003744.png,DOC003,1,369,1,0.12,document
003745.png,DOC003,1,370,1,0.12,dewarping
003746.png,DOC003,1,371,0,-0.12,and
003747.png,DOC003,1,372,1,0.12,residual
003748.png,DOC003,1,373,1,0.12,feature
003749.png,DOC003,1,374,0,-0.12,extraction
003750.png,DOC003,2,0,0,-0.12,CONFIDENTIAL
003751.png,DOC003,2,1,0,-0.12,ENGINEERING
003752.png,DOC003,2,2,0,-0.12,EXAM
003753.png,DOC003,2,3,0,-0.12,-
003754.png,DOC003,2,4,0,-0.12,PAGE
003755.png,DOC003,2,5,0,-0.12,QUESTION
003756.png,DOC003,2,6,0,-0.12,The
003757.png,DOC003,2,7,0,-0.12,rapid
003758.png,DOC003,2,8,1,0.12,advancement
003759.png,DOC003,2,9,1,0.12,of
003760.png,DOC003,2,10,0,-0.12,artificial
003761.png,DOC003,2,11,0,-0.12,intelligence
003762.png,DOC003,2,12,0,-0.12,and
003763.png,DOC003,2,13,0,-0.12,machine
003764.png,DOC003,2,14,0,-0.12,has
003765.png,DOC003,2,15,0,-0.12,fundamentally
003766.png,DOC003,2,16,0,-0.12,altered
003767.png,DOC003,2,17,1,0.12,the
003768.png,DOC003,2,18,0,-0.12,landscape
003769.png,DOC003,2,19,0,-0.12,of
003770.png,DOC003,2,20,1,0.12,modern
003771.png,DOC003,2,21,1,0.12,computing.
003772.png,DOC003,2,22,0,-0.12,When
003773.png,DOC003,2,23,0,-0.12,scalable
003774.png,DOC003,2,24,1,0.12,distributed
003775.png,DOC003,2,25,1,0.12,"systems,"
003776.png,DOC003,2,26,0,-0.12,engineers
003777.png,DOC003,2,27,0,-0.12,must
003778.png,DOC003,2,28,1,0.12,carefully
003779.png,DOC003,2,29,0,-0.12,consider
003780.png,DOC003,2,30,0,-0.12,the
003781.png,DOC003,2,31,0,-0.12,between
003782.png,DOC003,2,32,1,0.12,"latency,"
003783.png,DOC003,2,33,0,-0.12,"throughput,"
003784.png,DOC003,2,34,0,-0.12,and
003785.png,DOC003,2,35,0,-0.12,fault
003786.png,DOC003,2,36,0,-0.12,tolerance.
003787.png,DOC003,2,37,0,-0.12,In
003788.png,DOC003,2,38,0,-0.12,the
003789.png,DOC003,2,39,0,-0.12,context
003790.png,DOC003,2,40,0,-0.12,of
003791.png,DOC003,2,41,0,-0.12,"steganography,"
003792.png,DOC003,2,42,0,-0.12,the
003793.png,DOC003,2,43,0,-0.12,primary
003794.png,DOC003,2,44,0,-0.12,challenge
003795.png,DOC003,2,45,0,-0.12,is
003796.png,DOC003,2,46,0,-0.12,overcoming
003797.png,DOC003,2,47,1,0.12,the
003798.png,DOC003,2,48,0,-0.12,physical
003799.png,DOC003,2,49,1,0.12,channel
003800.png,DOC003,2,50,0,-0.12,introduced
003801.png,DOC003,2,51,0,-0.12,by
003802.png,DOC003,2,52,0,-0.12,printers
003803.png,DOC003,2,53,0,-0.12,and
003804.png,DOC003,2,54,0,-0.12,smartphone
003805.png,DOC003,2,55,0,-0.12,cameras.
003806.png,DOC003,2,56,1,0.12,This
003807.png,DOC003,2,57,1,0.12,requires
003808.png,DOC003,2,58,0,-0.12,highly
003809.png,DOC003,2,59,0,-0.12,error
003810.png,DOC003,2,60,0,-0.12,correction
003811.png,DOC003,2,61,0,-0.12,"mechanisms,"
003812.png,DOC003,2,62,0,-0.12,such
003813.png,DOC003,2,63,1,0.12,as
003814.png,DOC003,2,64,0,-0.12,Reed-Solomon
003815.png,DOC003,2,65,1,0.12,"coding,"
003816.png,DOC003,2,66,0,-0.12,combined
003817.png,DOC003,2,67,0,-0.12,deep
003818.png,DOC003,2,68,0,-0.12,learning-based
003819.png,DOC003,2,69,0,-0.12,document
003820.png,DOC003,2,70,1,0.12,dewarping
003821.png,DOC003,2,71,0,-0.12,and
003822.png,DOC003,2,72,1,0.12,residual
003823.png,DOC003,2,73,0,-0.12,feature
003824.png,DOC003,2,74,1,0.12,extraction
003825.png,DOC003,2,75,1,0.12,reliably
003826.png,DOC003,2,76,1,0.12,recover
003827.png,DOC003,2,77,0,-0.12,the
003828.png,DOC003,2,78,0,-0.12,embedded
003829.png,DOC003,2,79,1,0.12,cryptographic
003830.png,DOC003,2,80,0,-0.12,QUESTION
003831.png,DOC003,2,81,0,-0.12,The
003832.png,DOC003,2,82,0,-0.12,rapid
003833.png,DOC003,2,83,0,-0.12,advancement
003834.png,DOC003,2,84,1,0.12,of
003835.png,DOC003,2,85,0,-0.12,artificial
003836.png,DOC003,2,86,0,-0.12,intelligence
003837.png,DOC003,2,87,0,-0.12,and
003838.png,DOC003,2,88,0,-0.12,machine
003839.png,DOC003,2,89,0,-0.12,has
003840.png,DOC003,2,90,0,-0.12,fundamentally
003841.png,DOC003,2,91,0,-0.12,altered
003842.png,DOC003,2,92,0,-0.12,the
003843.png,DOC003,2,93,0,-0.12,landscape
003844.png,DOC003,2,94,0,-0.12,of
003845.png,DOC003,2,95,0,-0.12,modern
003846.png,DOC003,2,96,0,-0.12,computing.
003847.png,DOC003,2,97,0,-0.12,When
003848.png,DOC003,2,98,0,-0.12,scalable
003849.png,DOC003,2,99,0,-0.12,distributed
003850.png,DOC003,2,100,0,-0.12,"systems,"
003851.png,DOC003,2,101,0,-0.12,engineers
003852.png,DOC003,2,102,1,0.12,must
003853.png,DOC003,2,103,0,-0.12,carefully
003854.png,DOC003,2,104,0,-0.12,consider
003855.png,DOC003,2,105,1,0.12,the
003856.png,DOC003,2,106,0,-0.12,between
003857.png,DOC003,2,107,1,0.12,"latency,"
003858.png,DOC003,2,108,0,-0.12,"throughput,"
003859.png,DOC003,2,109,0,-0.12,and
003860.png,DOC003,2,110,0,-0.12,fault
003861.png,DOC003,2,111,1,0.12,tolerance.
003862.png,DOC003,2,112,1,0.12,In
003863.png,DOC003,2,113,0,-0.12,the
003864.png,DOC003,2,114,0,-0.12,context
003865.png,DOC003,2,115,0,-0.12,of
003866.png,DOC003,2,116,0,-0.12,"steganography,"
003867.png,DOC003,2,117,1,0.12,the
003868.png,DOC003,2,118,0,-0.12,primary
003869.png,DOC003,2,119,0,-0.12,challenge
003870.png,DOC003,2,120,1,0.12,is
003871.png,DOC003,2,121,0,-0.12,overcoming
003872.png,DOC003,2,122,0,-0.12,the
003873.png,DOC003,2,123,0,-0.12,physical
003874.png,DOC003,2,124,0,-0.12,channel
003875.png,DOC003,2,125,1,0.12,introduced
003876.png,DOC003,2,126,0,-0.12,by
003877.png,DOC003,2,127,0,-0.12,printers
003878.png,DOC003,2,128,0,-0.12,and
003879.png,DOC003,2,129,1,0.12,smartphone
003880.png,DOC003,2,130,0,-0.12,cameras.
003881.png,DOC003,2,131,1,0.12,This
003882.png,DOC003,2,132,0,-0.12,requires
003883.png,DOC003,2,133,1,0.12,highly
003884.png,DOC003,2,134,0,-0.12,error
003885.png,DOC003,2,135,1,0.12,correction
003886.png,DOC003,2,136,0,-0.12,"mechanisms,"
003887.png,DOC003,2,137,1,0.12,such
003888.png,DOC003,2,138,0,-0.12,as
003889.png,DOC003,2,139,0,-0.12,Reed-Solomon
003890.png,DOC003,2,140,1,0.12,"coding,"
003891.png,DOC003,2,141,0,-0.12,combined
003892.png,DOC003,2,142,0,-0.12,deep
003893.png,DOC003,2,143,0,-0.12,learning-based
003894.png,DOC003,2,144,0,-0.12,document
003895.png,DOC003,2,145,1,0.12,dewarping
003896.png,DOC003,2,146,1,0.12,and
003897.png,DOC003,2,147,0,-0.12,residual
003898.png,DOC003,2,148,0,-0.12,feature
003899.png,DOC003,2,149,0,-0.12,extraction
003900.png,DOC003,2,150,1,0.12,reliably
003901.png,DOC003,2,151,0,-0.12,recover
003902.png,DOC003,2,152,0,-0.12,the
003903.png,DOC003,2,153,0,-0.12,embedded
003904.png,DOC003,2,154,0,-0.12,cryptographic
003905.png,DOC003,2,155,0,-0.12,QUESTION
003906.png,DOC003,2,156,0,-0.12,The
003907.png,DOC003,2,157,1,0.12,rapid
003908.png,DOC003,2,158,1,0.12,advancement
003909.png,DOC003,2,159,0,-0.12,of
003910.png,DOC003,2,160,0,-0.12,artificial
003911.png,DOC003,2,161,1,0.12,intelligence
003912.png,DOC003,2,162,0,-0.12,and
003913.png,DOC003,2,163,0,-0.12,machine
003914.png,DOC003,2,164,1,0.12,has
003915.png,DOC003,2,165,0,-0.12,fundamentally
003916.png,DOC003,2,166,1,0.12,altered
003917.png,DOC003,2,167,0,-0.12,the
003918.png,DOC003,2,168,1,0.12,landscape
003919.png,DOC003,2,169,0,-0.12,of
003920.png,DOC003,2,170,0,-0.12,modern
003921.png,DOC003,2,171,0,-0.12,computing.
003922.png,DOC003,2,172,0,-0.12,When
003923.png,DOC003,2,173,0,-0.12,scalable
003924.png,DOC003,2,174,0,-0.12,distributed
003925.png,DOC003,2,175,0,-0.12,"systems,"
003926.png,DOC003,2,176,0,-0.12,engineers
003927.png,DOC003,2,177,0,-0.12,must
003928.png,DOC003,2,178,0,-0.12,carefully
003929.png,DOC003,2,179,0,-0.12,consider
003930.png,DOC003,2,180,1,0.12,the
003931.png,DOC003,2,181,0,-0.12,between
003932.png,DOC003,2,182,1,0.12,"latency,"
003933.png,DOC003,2,183,0,-0.12,"throughput,"
003934.png,DOC003,2,184,0,-0.12,and
003935.png,DOC003,2,185,1,0.12,fault
003936.png,DOC003,2,186,1,0.12,tolerance.
003937.png,DOC003,2,187,0,-0.12,In
003938.png,DOC003,2,188,0,-0.12,the
003939.png,DOC003,2,189,0,-0.12,context
003940.png,DOC003,2,190,0,-0.12,of
003941.png,DOC003,2,191,0,-0.12,"steganography,"
003942.png,DOC003,2,192,0,-0.12,the
003943.png,DOC003,2,193,0,-0.12,primary
003944.png,DOC003,2,194,1,0.12,challenge
003945.png,DOC003,2,195,1,0.12,is
003946.png,DOC003,2,196,1,0.12,overcoming
003947.png,DOC003,2,197,0,-0.12,the
003948.png,DOC003,2,198,0,-0.12,physical
003949.png,DOC003,2,199,1,0.12,channel
003950.png,DOC003,2,200,1,0.12,introduced
003951.png,DOC003,2,201,0,-0.12,by
003952.png,DOC003,2,202,1,0.12,printers
003953.png,DOC003,2,203,1,0.12,and
003954.png,DOC003,2,204,0,-0.12,smartphone
003955.png,DOC003,2,205,0,-0.12,cameras.
003956.png,DOC003,2,206,0,-0.12,This
003957.png,DOC003,2,207,0,-0.12,requires
003958.png,DOC003,2,208,1,0.12,highly
003959.png,DOC003,2,209,0,-0.12,error
003960.png,DOC003,2,210,1,0.12,correction
003961.png,DOC003,2,211,0,-0.12,"mechanisms,"
003962.png,DOC003,2,212,1,0.12,such
003963.png,DOC003,2,213,0,-0.12,as
003964.png,DOC003,2,214,1,0.12,Reed-Solomon
003965.png,DOC003,2,215,0,-0.12,"coding,"
003966.png,DOC003,2,216,0,-0.12,combined
003967.png,DOC003,2,217,0,-0.12,deep
003968.png,DOC003,2,218,1,0.12,learning-based
003969.png,DOC003,2,219,0,-0.12,document
003970.png,DOC003,2,220,0,-0.12,dewarping
003971.png,DOC003,2,221,0,-0.12,and
003972.png,DOC003,2,222,0,-0.12,residual
003973.png,DOC003,2,223,0,-0.12,feature
003974.png,DOC003,2,224,1,0.12,extraction
003975.png,DOC003,2,225,1,0.12,reliably
003976.png,DOC003,2,226,1,0.12,recover
003977.png,DOC003,2,227,0,-0.12,the
003978.png,DOC003,2,228,1,0.12,embedded
003979.png,DOC003,2,229,1,0.12,cryptographic
003980.png,DOC003,2,230,0,-0.12,QUESTION
003981.png,DOC003,2,231,0,-0.12,The
003982.png,DOC003,2,232,1,0.12,rapid
003983.png,DOC003,2,233,0,-0.12,advancement
003984.png,DOC003,2,234,0,-0.12,of
003985.png,DOC003,2,235,1,0.12,artificial
003986.png,DOC003,2,236,0,-0.12,intelligence
003987.png,DOC003,2,237,0,-0.12,and
003988.png,DOC003,2,238,0,-0.12,machine
003989.png,DOC003,2,239,1,0.12,has
003990.png,DOC003,2,240,0,-0.12,fundamentally
003991.png,DOC003,2,241,1,0.12,altered
003992.png,DOC003,2,242,0,-0.12,the
003993.png,DOC003,2,243,1,0.12,landscape
003994.png,DOC003,2,244,1,0.12,of
003995.png,DOC003,2,245,0,-0.12,modern
003996.png,DOC003,2,246,1,0.12,computing.
003997.png,DOC003,2,247,1,0.12,When
003998.png,DOC003,2,248,0,-0.12,scalable
003999.png,DOC003,2,249,0,-0.12,distributed
004000.png,DOC003,2,250,1,0.12,"systems,"
004001.png,DOC003,2,251,0,-0.12,engineers
004002.png,DOC003,2,252,0,-0.12,must
004003.png,DOC003,2,253,1,0.12,carefully
004004.png,DOC003,2,254,0,-0.12,consider
004005.png,DOC003,2,255,1,0.12,the
004006.png,DOC003,2,256,1,0.12,between
004007.png,DOC003,2,257,0,-0.12,"latency,"
004008.png,DOC003,2,258,0,-0.12,"throughput,"
004009.png,DOC003,2,259,0,-0.12,and
004010.png,DOC003,2,260,0,-0.12,fault
004011.png,DOC003,2,261,1,0.12,tolerance.
004012.png,DOC003,2,262,0,-0.12,In
004013.png,DOC003,2,263,0,-0.12,the
004014.png,DOC003,2,264,0,-0.12,context
004015.png,DOC003,2,265,0,-0.12,of
004016.png,DOC003,2,266,0,-0.12,"steganography,"
004017.png,DOC003,2,267,1,0.12,the
004018.png,DOC003,2,268,0,-0.12,primary
004019.png,DOC003,2,269,0,-0.12,challenge
004020.png,DOC003,2,270,1,0.12,is
004021.png,DOC003,2,271,0,-0.12,overcoming
004022.png,DOC003,2,272,1,0.12,the
004023.png,DOC003,2,273,0,-0.12,physical
004024.png,DOC003,2,274,1,0.12,channel
004025.png,DOC003,2,275,0,-0.12,introduced
004026.png,DOC003,2,276,0,-0.12,by
004027.png,DOC003,2,277,0,-0.12,printers
004028.png,DOC003,2,278,0,-0.12,and
004029.png,DOC003,2,279,0,-0.12,smartphone
004030.png,DOC003,2,280,0,-0.12,cameras.
004031.png,DOC003,2,281,0,-0.12,This
004032.png,DOC003,2,282,1,0.12,requires
004033.png,DOC003,2,283,0,-0.12,highly
004034.png,DOC003,2,284,0,-0.12,error
004035.png,DOC003,2,285,0,-0.12,correction
004036.png,DOC003,2,286,0,-0.12,"mechanisms,"
004037.png,DOC003,2,287,0,-0.12,such
004038.png,DOC003,2,288,1,0.12,as
004039.png,DOC003,2,289,1,0.12,Reed-Solomon
004040.png,DOC003,2,290,0,-0.12,"coding,"
004041.png,DOC003,2,291,1,0.12,combined
004042.png,DOC003,2,292,1,0.12,deep
004043.png,DOC003,2,293,0,-0.12,learning-based
004044.png,DOC003,2,294,1,0.12,document
004045.png,DOC003,2,295,0,-0.12,dewarping
004046.png,DOC003,2,296,0,-0.12,and
004047.png,DOC003,2,297,1,0.12,residual
004048.png,DOC003,2,298,1,0.12,feature
004049.png,DOC003,2,299,1,0.12,extraction
004050.png,DOC003,2,300,1,0.12,reliably
004051.png,DOC003,2,301,1,0.12,recover
004052.png,DOC003,2,302,0,-0.12,the
004053.png,DOC003,2,303,1,0.12,embedded
004054.png,DOC003,2,304,0,-0.12,cryptographic
004055.png,DOC003,2,305,1,0.12,QUESTION
004056.png,DOC003,2,306,0,-0.12,The
004057.png,DOC003,2,307,0,-0.12,rapid
004058.png,DOC003,2,308,0,-0.12,advancement
004059.png,DOC003,2,309,0,-0.12,of
004060.png,DOC003,2,310,0,-0.12,artificial
004061.png,DOC003,2,311,0,-0.12,intelligence
004062.png,DOC003,2,312,1,0.12,and
004063.png,DOC003,2,313,1,0.12,machine
004064.png,DOC003,2,314,1,0.12,has
004065.png,DOC003,2,315,1,0.12,fundamentally
004066.png,DOC003,2,316,0,-0.12,altered
004067.png,DOC003,2,317,0,-0.12,the
004068.png,DOC003,2,318,0,-0.12,landscape
004069.png,DOC003,2,319,1,0.12,of
004070.png,DOC003,2,320,0,-0.12,modern
004071.png,DOC003,2,321,0,-0.12,computing.
004072.png,DOC003,2,322,0,-0.12,When
004073.png,DOC003,2,323,0,-0.12,scalable
004074.png,DOC003,2,324,0,-0.12,distributed
004075.png,DOC003,2,325,1,0.12,"systems,"
004076.png,DOC003,2,326,0,-0.12,engineers
004077.png,DOC003,2,327,1,0.12,must
004078.png,DOC003,2,328,0,-0.12,carefully
004079.png,DOC003,2,329,1,0.12,consider
004080.png,DOC003,2,330,0,-0.12,the
004081.png,DOC003,2,331,0,-0.12,between
004082.png,DOC003,2,332,0,-0.12,"latency,"
004083.png,DOC003,2,333,0,-0.12,"throughput,"
004084.png,DOC003,2,334,0,-0.12,and
004085.png,DOC003,2,335,0,-0.12,fault
004086.png,DOC003,2,336,0,-0.12,tolerance.
004087.png,DOC003,2,337,1,0.12,In
004088.png,DOC003,2,338,0,-0.12,the
004089.png,DOC003,2,339,0,-0.12,context
004090.png,DOC003,2,340,0,-0.12,of
004091.png,DOC003,2,341,0,-0.12,"steganography,"
004092.png,DOC003,2,342,0,-0.12,the
004093.png,DOC003,2,343,0,-0.12,primary
004094.png,DOC003,2,344,0,-0.12,challenge
004095.png,DOC003,2,345,0,-0.12,is
004096.png,DOC003,2,346,0,-0.12,overcoming
004097.png,DOC003,2,347,1,0.12,the
004098.png,DOC003,2,348,0,-0.12,physical
004099.png,DOC003,2,349,1,0.12,channel
004100.png,DOC003,2,350,0,-0.12,introduced
004101.png,DOC003,2,351,0,-0.12,by
004102.png,DOC003,2,352,1,0.12,printers
004103.png,DOC003,2,353,0,-0.12,and
004104.png,DOC003,2,354,1,0.12,smartphone
004105.png,DOC003,2,355,0,-0.12,cameras.
004106.png,DOC003,2,356,0,-0.12,This
004107.png,DOC003,2,357,0,-0.12,requires
004108.png,DOC003,2,358,0,-0.12,highly
004109.png,DOC003,2,359,0,-0.12,error
004110.png,DOC003,2,360,0,-0.12,correction
004111.png,DOC003,2,361,1,0.12,"mechanisms,"
004112.png,DOC003,2,362,0,-0.12,such
004113.png,DOC003,2,363,0,-0.12,as
004114.png,DOC003,2,364,1,0.12,Reed-Solomon
004115.png,DOC003,2,365,0,-0.12,"coding,"
004116.png,DOC003,2,366,0,-0.12,combined
004117.png,DOC003,2,367,0,-0.12,deep
004118.png,DOC003,2,368,0,-0.12,learning-based
004119.png,DOC003,2,369,1,0.12,document
004120.png,DOC003,2,370,0,-0.12,dewarping
004121.png,DOC003,2,371,0,-0.12,and
004122.png,DOC003,2,372,0,-0.12,residual
004123.png,DOC003,2,373,0,-0.12,feature
004124.png,DOC003,2,374,1,0.12,extraction
004125.png,DOC003,3,0,0,-0.12,CONFIDENTIAL
004126.png,DOC003,3,1,1,0.12,ENGINEERING
004127.png,DOC003,3,2,0,-0.12,EXAM
004128.png,DOC003,3,3,0,-0.12,-
004129.png,DOC003,3,4,0,-0.12,PAGE
004130.png,DOC003,3,5,0,-0.12,QUESTION
004131.png,DOC003,3,6,0,-0.12,The
004132.png,DOC003,3,7,0,-0.12,rapid
004133.png,DOC003,3,8,1,0.12,advancement
004134.png,DOC003,3,9,0,-0.12,of
004135.png,DOC003,3,10,1,0.12,artificial
004136.png,DOC003,3,11,0,-0.12,intelligence
004137.png,DOC003,3,12,0,-0.12,and
004138.png,DOC003,3,13,0,-0.12,machine
004139.png,DOC003,3,14,0,-0.12,has
004140.png,DOC003,3,15,0,-0.12,fundamentally
004141.png,DOC003,3,16,1,0.12,altered
004142.png,DOC003,3,17,0,-0.12,the
004143.png,DOC003,3,18,0,-0.12,landscape
004144.png,DOC003,3,19,0,-0.12,of
004145.png,DOC003,3,20,0,-0.12,modern
004146.png,DOC003,3,21,0,-0.12,computing.
004147.png,DOC003,3,22,0,-0.12,When
004148.png,DOC003,3,23,0,-0.12,scalable
004149.png,DOC003,3,24,0,-0.12,distributed
004150.png,DOC003,3,25,0,-0.12,"systems,"
004151.png,DOC003,3,26,0,-0.12,engineers
004152.png,DOC003,3,27,0,-0.12,must
004153.png,DOC003,3,28,0,-0.12,carefully
004154.png,DOC003,3,29,0,-0.12,consider
004155.png,DOC003,3,30,0,-0.12,the
004156.png,DOC003,3,31,0,-0.12,between
004157.png,DOC003,3,32,1,0.12,"latency,"
004158.png,DOC003,3,33,0,-0.12,"throughput,"
004159.png,DOC003,3,34,1,0.12,and
004160.png,DOC003,3,35,0,-0.12,fault
004161.png,DOC003,3,36,0,-0.12,tolerance.
004162.png,DOC003,3,37,1,0.12,In
004163.png,DOC003,3,38,1,0.12,the
004164.png,DOC003,3,39,0,-0.12,context
004165.png,DOC003,3,40,0,-0.12,of
004166.png,DOC003,3,41,1,0.12,"steganography,"
004167.png,DOC003,3,42,0,-0.12,the
004168.png,DOC003,3,43,0,-0.12,primary
004169.png,DOC003,3,44,0,-0.12,challenge
004170.png,DOC003,3,45,1,0.12,is
004171.png,DOC003,3,46,0,-0.12,overcoming
004172.png,DOC003,3,47,0,-0.12,the
004173.png,DOC003,3,48,0,-0.12,physical
004174.png,DOC003,3,49,0,-0.12,channel
004175.png,DOC003,3,50,0,-0.12,introduced
004176.png,DOC003,3,51,1,0.12,by
004177.png,DOC003,3,52,0,-0.12,printers
004178.png,DOC003,3,53,0,-0.12,and
004179.png,DOC003,3,54,0,-0.12,smartphone
004180.png,DOC003,3,55,1,0.12,cameras.
004181.png,DOC003,3,56,1,0.12,This
004182.png,DOC003,3,57,0,-0.12,requires
004183.png,DOC003,3,58,0,-0.12,highly
004184.png,DOC003,3,59,0,-0.12,error
004185.png,DOC003,3,60,0,-0.12,correction
004186.png,DOC003,3,61,0,-0.12,"mechanisms,"
004187.png,DOC003,3,62,0,-0.12,such
004188.png,DOC003,3,63,1,0.12,as
004189.png,DOC003,3,64,0,-0.12,Reed-Solomon
004190.png,DOC003,3,65,1,0.12,"coding,"
004191.png,DOC003,3,66,0,-0.12,combined
004192.png,DOC003,3,67,0,-0.12,deep
004193.png,DOC003,3,68,0,-0.12,learning-based
004194.png,DOC003,3,69,0,-0.12,document
004195.png,DOC003,3,70,0,-0.12,dewarping
004196.png,DOC003,3,71,1,0.12,and
004197.png,DOC003,3,72,1,0.12,residual
004198.png,DOC003,3,73,0,-0.12,feature
004199.png,DOC003,3,74,0,-0.12,extraction
004200.png,DOC003,3,75,0,-0.12,reliably
004201.png,DOC003,3,76,0,-0.12,recover
004202.png,DOC003,3,77,1,0.12,the
004203.png,DOC003,3,78,0,-0.12,embedded
004204.png,DOC003,3,79,0,-0.12,cryptographic
004205.png,DOC003,3,80,1,0.12,QUESTION
004206.png,DOC003,3,81,0,-0.12,The
004207.png,DOC003,3,82,0,-0.12,rapid
004208.png,DOC003,3,83,0,-0.12,advancement
004209.png,DOC003,3,84,0,-0.12,of
004210.png,DOC003,3,85,0,-0.12,artificial
004211.png,DOC003,3,86,0,-0.12,intelligence
004212.png,DOC003,3,87,0,-0.12,and
004213.png,DOC003,3,88,0,-0.12,machine
004214.png,DOC003,3,89,1,0.12,has
004215.png,DOC003,3,90,1,0.12,fundamentally
004216.png,DOC003,3,91,1,0.12,altered
004217.png,DOC003,3,92,0,-0.12,the
004218.png,DOC003,3,93,0,-0.12,landscape
004219.png,DOC003,3,94,1,0.12,of
004220.png,DOC003,3,95,1,0.12,modern
004221.png,DOC003,3,96,1,0.12,computing.
004222.png,DOC003,3,97,0,-0.12,When
004223.png,DOC003,3,98,0,-0.12,scalable
004224.png,DOC003,3,99,0,-0.12,distributed
004225.png,DOC003,3,100,0,-0.12,"systems,"
004226.png,DOC003,3,101,1,0.12,engineers
004227.png,DOC003,3,102,0,-0.12,must
004228.png,DOC003,3,103,1,0.12,carefully
004229.png,DOC003,3,104,0,-0.12,consider
004230.png,DOC003,3,105,0,-0.12,the
004231.png,DOC003,3,106,0,-0.12,between
004232.png,DOC003,3,107,0,-0.12,"latency,"
004233.png,DOC003,3,108,1,0.12,"throughput,"
004234.png,DOC003,3,109,0,-0.12,and
004235.png,DOC003,3,110,1,0.12,fault
004236.png,DOC003,3,111,0,-0.12,tolerance.
004237.png,DOC003,3,112,1,0.12,In
004238.png,DOC003,3,113,0,-0.12,the
004239.png,DOC003,3,114,0,-0.12,context
004240.png,DOC003,3,115,0,-0.12,of
004241.png,DOC003,3,116,1,0.12,"steganography,"
004242.png,DOC003,3,117,0,-0.12,the
004243.png,DOC003,3,118,0,-0.12,primary
004244.png,DOC003,3,119,0,-0.12,challenge
004245.png,DOC003,3,120,1,0.12,is
004246.png,DOC003,3,121,1,0.12,overcoming
004247.png,DOC003,3,122,1,0.12,the
004248.png,DOC003,3,123,0,-0.12,physical
004249.png,DOC003,3,124,0,-0.12,channel
004250.png,DOC003,3,125,0,-0.12,introduced
004251.png,DOC003,3,126,0,-0.12,by
004252.png,DOC003,3,127,0,-0.12,printers
004253.png,DOC003,3,128,1,0.12,and
004254.png,DOC003,3,129,0,-0.12,smartphone
004255.png,DOC003,3,130,1,0.12,cameras.
004256.png,DOC003,3,131,0,-0.12,This
004257.png,DOC003,3,132,0,-0.12,requires
004258.png,DOC003,3,133,0,-0.12,highly
004259.png,DOC003,3,134,0,-0.12,error
004260.png,DOC003,3,135,0,-0.12,correction
004261.png,DOC003,3,136,0,-0.12,"mechanisms,"
004262.png,DOC003,3,137,0,-0.12,such
004263.png,DOC003,3,138,1,0.12,as
004264.png,DOC003,3,139,0,-0.12,Reed-Solomon
004265.png,DOC003,3,140,1,0.12,"coding,"
004266.png,DOC003,3,141,1,0.12,combined
004267.png,DOC003,3,142,0,-0.12,deep
004268.png,DOC003,3,143,0,-0.12,learning-based
004269.png,DOC003,3,144,1,0.12,document
004270.png,DOC003,3,145,1,0.12,dewarping
004271.png,DOC003,3,146,1,0.12,and
004272.png,DOC003,3,147,1,0.12,residual
004273.png,DOC003,3,148,1,0.12,feature
004274.png,DOC003,3,149,0,-0.12,extraction
004275.png,DOC003,3,150,0,-0.12,reliably
004276.png,DOC003,3,151,0,-0.12,recover
004277.png,DOC003,3,152,0,-0.12,the
004278.png,DOC003,3,153,0,-0.12,embedded
004279.png,DOC003,3,154,1,0.12,cryptographic
004280.png,DOC003,3,155,0,-0.12,QUESTION
004281.png,DOC003,3,156,0,-0.12,The
004282.png,DOC003,3,157,0,-0.12,rapid
004283.png,DOC003,3,158,1,0.12,advancement
004284.png,DOC003,3,159,0,-0.12,of
004285.png,DOC003,3,160,0,-0.12,artificial
004286.png,DOC003,3,161,0,-0.12,intelligence
004287.png,DOC003,3,162,0,-0.12,and
004288.png,DOC003,3,163,0,-0.12,machine
004289.png,DOC003,3,164,0,-0.12,has
004290.png,DOC003,3,165,0,-0.12,fundamentally
004291.png,DOC003,3,166,1,0.12,altered
004292.png,DOC003,3,167,0,-0.12,the
004293.png,DOC003,3,168,0,-0.12,landscape
004294.png,DOC003,3,169,0,-0.12,of
004295.png,DOC003,3,170,0,-0.12,modern
004296.png,DOC003,3,171,0,-0.12,computing.
004297.png,DOC003,3,172,1,0.12,When
004298.png,DOC003,3,173,0,-0.12,scalable
004299.png,DOC003,3,174,1,0.12,distributed
004300.png,DOC003,3,175,0,-0.12,"systems,"
004301.png,DOC003,3,176,1,0.12,engineers
004302.png,DOC003,3,177,1,0.12,must
004303.png,DOC003,3,178,0,-0.12,carefully
004304.png,DOC003,3,179,0,-0.12,consider
004305.png,DOC003,3,180,0,-0.12,the
004306.png,DOC003,3,181,0,-0.12,between
004307.png,DOC003,3,182,0,-0.12,"latency,"
004308.png,DOC003,3,183,1,0.12,"throughput,"
004309.png,DOC003,3,184,0,-0.12,and
004310.png,DOC003,3,185,0,-0.12,fault
004311.png,DOC003,3,186,0,-0.12,tolerance.
004312.png,DOC003,3,187,0,-0.12,In
004313.png,DOC003,3,188,0,-0.12,the
004314.png,DOC003,3,189,0,-0.12,context
004315.png,DOC003,3,190,1,0.12,of
004316.png,DOC003,3,191,1,0.12,"steganography,"
004317.png,DOC003,3,192,0,-0.12,the
004318.png,DOC003,3,193,0,-0.12,primary
004319.png,DOC003,3,194,1,0.12,challenge
004320.png,DOC003,3,195,0,-0.12,is
004321.png,DOC003,3,196,0,-0.12,overcoming
004322.png,DOC003,3,197,0,-0.12,the
004323.png,DOC003,3,198,0,-0.12,physical
004324.png,DOC003,3,199,0,-0.12,channel
004325.png,DOC003,3,200,0,-0.12,introduced
004326.png,DOC003,3,201,0,-0.12,by
004327.png,DOC003,3,202,0,-0.12,printers
004328.png,DOC003,3,203,1,0.12,and
004329.png,DOC003,3,204,0,-0.12,smartphone
004330.png,DOC003,3,205,0,-0.12,cameras.
004331.png,DOC003,3,206,0,-0.12,This
004332.png,DOC003,3,207,1,0.12,requires
004333.png,DOC003,3,208,0,-0.12,highly
004334.png,DOC003,3,209,0,-0.12,error
004335.png,DOC003,3,210,0,-0.12,correction
004336.png,DOC003,3,211,1,0.12,"mechanisms,"
004337.png,DOC003,3,212,1,0.12,such
004338.png,DOC003,3,213,1,0.12,as
004339.png,DOC003,3,214,1,0.12,Reed-Solomon
004340.png,DOC003,3,215,1,0.12,"coding,"
004341.png,DOC003,3,216,0,-0.12,combined
004342.png,DOC003,3,217,1,0.12,deep
004343.png,DOC003,3,218,1,0.12,learning-based
004344.png,DOC003,3,219,0,-0.12,document
004345.png,DOC003,3,220,1,0.12,dewarping
004346.png,DOC003,3,221,0,-0.12,and
004347.png,DOC003,3,222,0,-0.12,residual
004348.png,DOC003,3,223,0,-0.12,feature
004349.png,DOC003,3,224,0,-0.12,extraction
004350.png,DOC003,3,225,0,-0.12,reliably
004351.png,DOC003,3,226,1,0.12,recover
004352.png,DOC003,3,227,0,-0.12,the
004353.png,DOC003,3,228,0,-0.12,embedded
004354.png,DOC003,3,229,0,-0.12,cryptographic
004355.png,DOC003,3,230,0,-0.12,QUESTION
004356.png,DOC003,3,231,0,-0.12,The
004357.png,DOC003,3,232,1,0.12,rapid
004358.png,DOC003,3,233,0,-0.12,advancement
004359.png,DOC003,3,234,0,-0.12,of
004360.png,DOC003,3,235,0,-0.12,artificial
004361.png,DOC003,3,236,1,0.12,intelligence
004362.png,DOC003,3,237,0,-0.12,and
004363.png,DOC003,3,238,0,-0.12,machine
004364.png,DOC003,3,239,0,-0.12,has
004365.png,DOC003,3,240,0,-0.12,fundamentally
004366.png,DOC003,3,241,0,-0.12,altered
004367.png,DOC003,3,242,0,-0.12,the
004368.png,DOC003,3,243,0,-0.12,landscape
004369.png,DOC003,3,244,1,0.12,of
004370.png,DOC003,3,245,1,0.12,modern
004371.png,DOC003,3,246,0,-0.12,computing.
004372.png,DOC003,3,247,0,-0.12,When
004373.png,DOC003,3,248,0,-0.12,scalable
004374.png,DOC003,3,249,1,0.12,distributed
004375.png,DOC003,3,250,0,-0.12,"systems,"
004376.png,DOC003,3,251,0,-0.12,engineers
004377.png,DOC003,3,252,0,-0.12,must
004378.png,DOC003,3,253,0,-0.12,carefully
004379.png,DOC003,3,254,1,0.12,consider
004380.png,DOC003,3,255,1,0.12,the
004381.png,DOC003,3,256,1,0.12,between
004382.png,DOC003,3,257,0,-0.12,"latency,"
004383.png,DOC003,3,258,0,-0.12,"throughput,"
004384.png,DOC003,3,259,1,0.12,and
004385.png,DOC003,3,260,0,-0.12,fault
004386.png,DOC003,3,261,0,-0.12,tolerance.
004387.png,DOC003,3,262,1,0.12,In
004388.png,DOC003,3,263,0,-0.12,the
004389.png,DOC003,3,264,0,-0.12,context
004390.png,DOC003,3,265,0,-0.12,of
004391.png,DOC003,3,266,1,0.12,"steganography,"
004392.png,DOC003,3,267,0,-0.12,the
004393.png,DOC003,3,268,1,0.12,primary
004394.png,DOC003,3,269,0,-0.12,challenge
004395.png,DOC003,3,270,0,-0.12,is
004396.png,DOC003,3,271,1,0.12,overcoming
004397.png,DOC003,3,272,0,-0.12,the
004398.png,DOC003,3,273,0,-0.12,physical
004399.png,DOC003,3,274,0,-0.12,channel
004400.png,DOC003,3,275,1,0.12,introduced
004401.png,DOC003,3,276,1,0.12,by
004402.png,DOC003,3,277,0,-0.12,printers
004403.png,DOC003,3,278,1,0.12,and
004404.png,DOC003,3,279,0,-0.12,smartphone
004405.png,DOC003,3,280,0,-0.12,cameras.
004406.png,DOC003,3,281,0,-0.12,This
004407.png,DOC003,3,282,0,-0.12,requires
004408.png,DOC003,3,283,1,0.12,highly
004409.png,DOC003,3,284,0,-0.12,error
004410.png,DOC003,3,285,0,-0.12,correction
004411.png,DOC003,3,286,0,-0.12,"mechanisms,"
004412.png,DOC003,3,287,1,0.12,such
004413.png,DOC003,3,288,0,-0.12,as
004414.png,DOC003,3,289,0,-0.12,Reed-Solomon
004415.png,DOC003,3,290,1,0.12,"coding,"
004416.png,DOC003,3,291,0,-0.12,combined
004417.png,DOC003,3,292,0,-0.12,deep
004418.png,DOC003,3,293,1,0.12,learning-based
004419.png,DOC003,3,294,1,0.12,document
004420.png,DOC003,3,295,0,-0.12,dewarping
004421.png,DOC003,3,296,1,0.12,and
004422.png,DOC003,3,297,0,-0.12,residual
004423.png,DOC003,3,298,1,0.12,feature
004424.png,DOC003,3,299,0,-0.12,extraction
004425.png,DOC003,3,300,0,-0.12,reliably
004426.png,DOC003,3,301,0,-0.12,recover
004427.png,DOC003,3,302,1,0.12,the
004428.png,DOC003,3,303,1,0.12,embedded
004429.png,DOC003,3,304,0,-0.12,cryptographic
004430.png,DOC003,3,305,0,-0.12,QUESTION
004431.png,DOC003,3,306,0,-0.12,The
004432.png,DOC003,3,307,0,-0.12,rapid
004433.png,DOC003,3,308,1,0.12,advancement
004434.png,DOC003,3,309,0,-0.12,of
004435.png,DOC003,3,310,1,0.12,artificial
004436.png,DOC003,3,311,1,0.12,intelligence
004437.png,DOC003,3,312,0,-0.12,and
004438.png,DOC003,3,313,1,0.12,machine
004439.png,DOC003,3,314,0,-0.12,has
004440.png,DOC003,3,315,0,-0.12,fundamentally
004441.png,DOC003,3,316,0,-0.12,altered
004442.png,DOC003,3,317,0,-0.12,the
004443.png,DOC003,3,318,1,0.12,landscape
004444.png,DOC003,3,319,0,-0.12,of
004445.png,DOC003,3,320,0,-0.12,modern
004446.png,DOC003,3,321,0,-0.12,computing.
004447.png,DOC003,3,322,0,-0.12,When
004448.png,DOC003,3,323,1,0.12,scalable
004449.png,DOC003,3,324,0,-0.12,distributed
004450.png,DOC003,3,325,1,0.12,"systems,"
004451.png,DOC003,3,326,0,-0.12,engineers
004452.png,DOC003,3,327,0,-0.12,must
004453.png,DOC003,3,328,0,-0.12,carefully
004454.png,DOC003,3,329,1,0.12,consider
004455.png,DOC003,3,330,0,-0.12,the
004456.png,DOC003,3,331,0,-0.12,between
004457.png,DOC003,3,332,1,0.12,"latency,"
004458.png,DOC003,3,333,0,-0.12,"throughput,"
004459.png,DOC003,3,334,0,-0.12,and
004460.png,DOC003,3,335,1,0.12,fault
004461.png,DOC003,3,336,0,-0.12,tolerance.
004462.png,DOC003,3,337,1,0.12,In
004463.png,DOC003,3,338,0,-0.12,the
004464.png,DOC003,3,339,0,-0.12,context
004465.png,DOC003,3,340,1,0.12,of
004466.png,DOC003,3,341,0,-0.12,"steganography,"
004467.png,DOC003,3,342,1,0.12,the
004468.png,DOC003,3,343,1,0.12,primary
004469.png,DOC003,3,344,1,0.12,challenge
004470.png,DOC003,3,345,0,-0.12,is
004471.png,DOC003,3,346,0,-0.12,overcoming
004472.png,DOC003,3,347,1,0.12,the
004473.png,DOC003,3,348,0,-0.12,physical
004474.png,DOC003,3,349,0,-0.12,channel
004475.png,DOC003,3,350,0,-0.12,introduced
004476.png,DOC003,3,351,0,-0.12,by
004477.png,DOC003,3,352,1,0.12,printers
004478.png,DOC003,3,353,1,0.12,and
004479.png,DOC003,3,354,0,-0.12,smartphone
004480.png,DOC003,3,355,0,-0.12,cameras.
004481.png,DOC003,3,356,0,-0.12,This
004482.png,DOC003,3,357,0,-0.12,requires
004483.png,DOC003,3,358,0,-0.12,highly
004484.png,DOC003,3,359,0,-0.12,error
004485.png,DOC003,3,360,0,-0.12,correction
004486.png,DOC003,3,361,0,-0.12,"mechanisms,"
004487.png,DOC003,3,362,1,0.12,such
004488.png,DOC003,3,363,0,-0.12,as
004489.png,DOC003,3,364,1,0.12,Reed-Solomon
004490.png,DOC003,3,365,1,0.12,"coding,"
004491.png,DOC003,3,366,0,-0.12,combined
004492.png,DOC003,3,367,0,-0.12,deep
004493.png,DOC003,3,368,0,-0.12,learning-based
004494.png,DOC003,3,369,0,-0.12,document
004495.png,DOC003,3,370,1,0.12,dewarping
004496.png,DOC003,3,371,0,-0.12,and
004497.png,DOC003,3,372,0,-0.12,residual
004498.png,DOC003,3,373,0,-0.12,feature
004499.png,DOC003,3,374,0,-0.12,extraction
004500.png,DOC004,0,0,1,0.12,CONFIDENTIAL
004501.png,DOC004,0,1,0,-0.12,ENGINEERING
004502.png,DOC004,0,2,0,-0.12,EXAM
004503.png,DOC004,0,3,1,0.12,-
004504.png,DOC004,0,4,1,0.12,PAGE
004505.png,DOC004,0,5,0,-0.12,QUESTION
004506.png,DOC004,0,6,1,0.12,The
004507.png,DOC004,0,7,0,-0.12,rapid
004508.png,DOC004,0,8,0,-0.12,advancement
004509.png,DOC004,0,9,0,-0.12,of
004510.png,DOC004,0,10,0,-0.12,artificial
004511.png,DOC004,0,11,1,0.12,intelligence
004512.png,DOC004,0,12,1,0.12,and
004513.png,DOC004,0,13,0,-0.12,machine
004514.png,DOC004,0,14,0,-0.12,has
004515.png,DOC004,0,15,0,-0.12,fundamentally
004516.png,DOC004,0,16,1,0.12,altered
004517.png,DOC004,0,17,0,-0.12,the
004518.png,DOC004,0,18,1,0.12,landscape
004519.png,DOC004,0,19,1,0.12,of
004520.png,DOC004,0,20,0,-0.12,modern
004521.png,DOC004,0,21,1,0.12,computing.
004522.png,DOC004,0,22,1,0.12,When
004523.png,DOC004,0,23,0,-0.12,scalable
004524.png,DOC004,0,24,0,-0.12,distributed
004525.png,DOC004,0,25,1,0.12,"systems,"
004526.png,DOC004,0,26,0,-0.12,engineers
004527.png,DOC004,0,27,0,-0.12,must
004528.png,DOC004,0,28,0,-0.12,carefully
004529.png,DOC004,0,29,0,-0.12,consider
004530.png,DOC004,0,30,1,0.12,the
004531.png,DOC004,0,31,1,0.12,between
004532.png,DOC004,0,32,0,-0.12,"latency,"
004533.png,DOC004,0,33,1,0.12,"throughput,"
004534.png,DOC004,0,34,0,-0.12,and
004535.png,DOC004,0,35,0,-0.12,fault
004536.png,DOC004,0,36,1,0.12,tolerance.
004537.png,DOC004,0,37,1,0.12,In
004538.png,DOC004,0,38,1,0.12,the
004539.png,DOC004,0,39,0,-0.12,context
004540.png,DOC004,0,40,1,0.12,of
004541.png,DOC004,0,41,0,-0.12,"steganography,"
004542.png,DOC004,0,42,1,0.12,the
004543.png,DOC004,0,43,1,0.12,primary
004544.png,DOC004,0,44,1,0.12,challenge
004545.png,DOC004,0,45,1,0.12,is
004546.png,DOC004,0,46,1,0.12,overcoming
004547.png,DOC004,0,47,0,-0.12,the
004548.png,DOC004,0,48,1,0.12,physical
004549.png,DOC004,0,49,1,0.12,channel
004550.png,DOC004,0,50,0,-0.12,introduced
004551.png,DOC004,0,51,1,0.12,by
004552.png,DOC004,0,52,0,-0.12,printers
004553.png,DOC004,0,53,0,-0.12,and
004554.png,DOC004,0,54,1,0.12,smartphone
004555.png,DOC004,0,55,0,-0.12,cameras.
004556.png,DOC004,0,56,0,-0.12,This
004557.png,DOC004,0,57,0,-0.12,requires
004558.png,DOC004,0,58,0,-0.12,highly
004559.png,DOC004,0,59,1,0.12,error
004560.png,DOC004,0,60,0,-0.12,correction
004561.png,DOC004,0,61,0,-0.12,"mechanisms,"
004562.png,DOC004,0,62,1,0.12,such
004563.png,DOC004,0,63,0,-0.12,as
004564.png,DOC004,0,64,1,0.12,Reed-Solomon
004565.png,DOC004,0,65,0,-0.12,"coding,"
004566.png,DOC004,0,66,1,0.12,combined
004567.png,DOC004,0,67,0,-0.12,deep
004568.png,DOC004,0,68,0,-0.12,learning-based
004569.png,DOC004,0,69,0,-0.12,document
004570.png,DOC004,0,70,1,0.12,dewarping
004571.png,DOC004,0,71,0,-0.12,and
004572.png,DOC004,0,72,0,-0.12,residual
004573.png,DOC004,0,73,0,-0.12,feature
004574.png,DOC004,0,74,1,0.12,extraction
004575.png,DOC004,0,75,1,0.12,reliably
004576.png,DOC004,0,76,0,-0.12,recover
004577.png,DOC004,0,77,1,0.12,the
004578.png,DOC004,0,78,0,-0.12,embedded
004579.png,DOC004,0,79,0,-0.12,cryptographic
004580.png,DOC004,0,80,0,-0.12,QUESTION
004581.png,DOC004,0,81,0,-0.12,The
004582.png,DOC004,0,82,0,-0.12,rapid
004583.png,DOC004,0,83,0,-0.12,advancement
004584.png,DOC004,0,84,1,0.12,of
004585.png,DOC004,0,85,1,0.12,artificial
004586.png,DOC004,0,86,0,-0.12,intelligence
004587.png,DOC004,0,87,1,0.12,and
004588.png,DOC004,0,88,0,-0.12,machine
004589.png,DOC004,0,89,0,-0.12,has
004590.png,DOC004,0,90,0,-0.12,fundamentally
004591.png,DOC004,0,91,0,-0.12,altered
004592.png,DOC004,0,92,1,0.12,the
004593.png,DOC004,0,93,0,-0.12,landscape
004594.png,DOC004,0,94,0,-0.12,of
004595.png,DOC004,0,95,0,-0.12,modern
004596.png,DOC004,0,96,0,-0.12,computing.
004597.png,DOC004,0,97,0,-0.12,When
004598.png,DOC004,0,98,0,-0.12,scalable
004599.png,DOC004,0,99,0,-0.12,distributed
004600.png,DOC004,0,100,0,-0.12,"systems,"
004601.png,DOC004,0,101,0,-0.12,engineers
004602.png,DOC004,0,102,0,-0.12,must
004603.png,DOC004,0,103,0,-0.12,carefully
004604.png,DOC004,0,104,1,0.12,consider
004605.png,DOC004,0,105,0,-0.12,the
004606.png,DOC004,0,106,0,-0.12,between
004607.png,DOC004,0,107,0,-0.12,"latency,"
004608.png,DOC004,0,108,1,0.12,"throughput,"
004609.png,DOC004,0,109,1,0.12,and
004610.png,DOC004,0,110,1,0.12,fault
004611.png,DOC004,0,111,0,-0.12,tolerance.
004612.png,DOC004,0,112,1,0.12,In
004613.png,DOC004,0,113,1,0.12,the
004614.png,DOC004,0,114,1,0.12,context
004615.png,DOC004,0,115,0,-0.12,of
004616.png,DOC004,0,116,0,-0.12,"steganography,"
004617.png,DOC004,0,117,0,-0.12,the
004618.png,DOC004,0,118,1,0.12,primary
004619.png,DOC004,0,119,0,-0.12,challenge
004620.png,DOC004,0,120,0,-0.12,is
004621.png,DOC004,0,121,0,-0.12,overcoming
004622.png,DOC004,0,122,0,-0.12,the
004623.png,DOC004,0,123,0,-0.12,physical
004624.png,DOC004,0,124,0,-0.12,channel
004625.png,DOC004,0,125,0,-0.12,introduced
004626.png,DOC004,0,126,0,-0.12,by
004627.png,DOC004,0,127,0,-0.12,printers
004628.png,DOC004,0,128,0,-0.12,and
004629.png,DOC004,0,129,1,0.12,smartphone
004630.png,DOC004,0,130,0,-0.12,cameras.
004631.png,DOC004,0,131,1,0.12,This
004632.png,DOC004,0,132,0,-0.12,requires
004633.png,DOC004,0,133,0,-0.12,highly
004634.png,DOC004,0,134,1,0.12,error
004635.png,DOC004,0,135,1,0.12,correction
004636.png,DOC004,0,136,0,-0.12,"mechanisms,"
004637.png,DOC004,0,137,0,-0.12,such
004638.png,DOC004,0,138,0,-0.12,as
004639.png,DOC004,0,139,0,-0.12,Reed-Solomon
004640.png,DOC004,0,140,0,-0.12,"coding,"
004641.png,DOC004,0,141,0,-0.12,combined
004642.png,DOC004,0,142,0,-0.12,deep
004643.png,DOC004,0,143,0,-0.12,learning-based
004644.png,DOC004,0,144,1,0.12,document
004645.png,DOC004,0,145,0,-0.12,dewarping
004646.png,DOC004,0,146,0,-0.12,and
004647.png,DOC004,0,147,1,0.12,residual
004648.png,DOC004,0,148,0,-0.12,feature
004649.png,DOC004,0,149,0,-0.12,extraction
004650.png,DOC004,0,150,0,-0.12,reliably
004651.png,DOC004,0,151,0,-0.12,recover
004652.png,DOC004,0,152,1,0.12,the
004653.png,DOC004,0,153,0,-0.12,embedded
004654.png,DOC004,0,154,1,0.12,cryptographic
004655.png,DOC004,0,155,0,-0.12,QUESTION
004656.png,DOC004,0,156,0,-0.12,The
004657.png,DOC004,0,157,1,0.12,rapid
004658.png,DOC004,0,158,0,-0.12,advancement
004659.png,DOC004,0,159,0,-0.12,of
004660.png,DOC004,0,160,0,-0.12,artificial
004661.png,DOC004,0,161,1,0.12,intelligence
004662.png,DOC004,0,162,0,-0.12,and
004663.png,DOC004,0,163,0,-0.12,machine
004664.png,DOC004,0,164,1,0.12,has
004665.png,DOC004,0,165,0,-0.12,fundamentally
004666.png,DOC004,0,166,0,-0.12,altered
004667.png,DOC004,0,167,1,0.12,the
004668.png,DOC004,0,168,0,-0.12,landscape
004669.png,DOC004,0,169,1,0.12,of
004670.png,DOC004,0,170,1,0.12,modern
004671.png,DOC004,0,171,0,-0.12,computing.
004672.png,DOC004,0,172,0,-0.12,When
004673.png,DOC004,0,173,0,-0.12,scalable
004674.png,DOC004,0,174,0,-0.12,distributed
004675.png,DOC004,0,175,0,-0.12,"systems,"
004676.png,DOC004,0,176,1,0.12,engineers
004677.png,DOC004,0,177,1,0.12,must
004678.png,DOC004,0,178,1,0.12,carefully
004679.png,DOC004,0,179,0,-0.12,consider
004680.png,DOC004,0,180,0,-0.12,the
004681.png,DOC004,0,181,1,0.12,between
004682.png,DOC004,0,182,0,-0.12,"latency,"
004683.png,DOC004,0,183,1,0.12,"throughput,"
004684.png,DOC004,0,184,1,0.12,and
004685.png,DOC004,0,185,0,-0.12,fault
004686.png,DOC004,0,186,0,-0.12,tolerance.
004687.png,DOC004,0,187,1,0.12,In
004688.png,DOC004,0,188,0,-0.12,the
004689.png,DOC004,0,189,0,-0.12,context
004690.png,DOC004,0,190,0,-0.12,of
004691.png,DOC004,0,191,1,0.12,"steganography,"
004692.png,DOC004,0,192,0,-0.12,the
004693.png,DOC004,0,193,0,-0.12,primary
004694.png,DOC004,0,194,1,0.12,challenge
004695.png,DOC004,0,195,0,-0.12,is
004696.png,DOC004,0,196,1,0.12,overcoming
004697.png,DOC004,0,197,0,-0.12,the
004698.png,DOC004,0,198,0,-0.12,physical
004699.png,DOC004,0,199,0,-0.12,channel
004700.png,DOC004,0,200,1,0.12,introduced
004701.png,DOC004,0,201,0,-0.12,by
004702.png,DOC004,0,202,0,-0.12,printers
004703.png,DOC004,0,203,0,-0.12,and
004704.png,DOC004,0,204,0,-0.12,smartphone
004705.png,DOC004,0,205,0,-0.12,cameras.
004706.png,DOC004,0,206,1,0.12,This
004707.png,DOC004,0,207,1,0.12,requires
004708.png,DOC004,0,208,0,-0.12,highly
004709.png,DOC004,0,209,0,-0.12,error
004710.png,DOC004,0,210,0,-0.12,correction
004711.png,DOC004,0,211,0,-0.12,"mechanisms,"
004712.png,DOC004,0,212,0,-0.12,such
004713.png,DOC004,0,213,0,-0.12,as
004714.png,DOC004,0,214,0,-0.12,Reed-Solomon
004715.png,DOC004,0,215,1,0.12,"coding,"
004716.png,DOC004,0,216,0,-0.12,combined
004717.png,DOC004,0,217,1,0.12,deep
004718.png,DOC004,0,218,0,-0.12,learning-based
004719.png,DOC004,0,219,1,0.12,document
004720.png,DOC004,0,220,0,-0.12,dewarping
004721.png,DOC004,0,221,0,-0.12,and
004722.png,DOC004,0,222,0,-0.12,residual
004723.png,DOC004,0,223,0,-0.12,feature
004724.png,DOC004,0,224,1,0.12,extraction
004725.png,DOC004,0,225,0,-0.12,reliably
004726.png,DOC004,0,226,1,0.12,recover
004727.png,DOC004,0,227,0,-0.12,the
004728.png,DOC004,0,228,0,-0.12,embedded
004729.png,DOC004,0,229,1,0.12,cryptographic
004730.png,DOC004,0,230,0,-0.12,QUESTION
004731.png,DOC004,0,231,0,-0.12,The
004732.png,DOC004,0,232,0,-0.12,rapid
004733.png,DOC004,0,233,0,-0.12,advancement
004734.png,DOC004,0,234,0,-0.12,of
004735.png,DOC004,0,235,0,-0.12,artificial
004736.png,DOC004,0,236,0,-0.12,intelligence
004737.png,DOC004,0,237,0,-0.12,and
004738.png,DOC004,0,238,0,-0.12,machine
004739.png,DOC004,0,239,1,0.12,has
004740.png,DOC004,0,240,0,-0.12,fundamentally
004741.png,DOC004,0,241,0,-0.12,altered
004742.png,DOC004,0,242,0,-0.12,the
004743.png,DOC004,0,243,0,-0.12,landscape
004744.png,DOC004,0,244,0,-0.12,of
004745.png,DOC004,0,245,0,-0.12,modern
004746.png,DOC004,0,246,0,-0.12,computing.
004747.png,DOC004,0,247,1,0.12,When
004748.png,DOC004,0,248,0,-0.12,scalable
004749.png,DOC004,0,249,1,0.12,distributed
004750.png,DOC004,0,250,1,0.12,"systems,"
004751.png,DOC004,0,251,0,-0.12,engineers
004752.png,DOC004,0,252,0,-0.12,must
004753.png,DOC004,0,253,0,-0.12,carefully
004754.png,DOC004,0,254,0,-0.12,consider
004755.png,DOC004,0,255,0,-0.12,the
004756.png,DOC004,0,256,0,-0.12,between
004757.png,DOC004,0,257,0,-0.12,"latency,"
004758.png,DOC004,0,258,0,-0.12,"throughput,"
004759.png,DOC004,0,259,0,-0.12,and
004760.png,DOC004,0,260,0,-0.12,fault
004761.png,DOC004,0,261,1,0.12,tolerance.
004762.png,DOC004,0,262,0,-0.12,In
004763.png,DOC004,0,263,0,-0.12,the
004764.png,DOC004,0,264,0,-0.12,context
004765.png,DOC004,0,265,0,-0.12,of
004766.png,DOC004,0,266,0,-0.12,"steganography,"
004767.png,DOC004,0,267,1,0.12,the
004768.png,DOC004,0,268,0,-0.12,primary
004769.png,DOC004,0,269,0,-0.12,challenge
004770.png,DOC004,0,270,0,-0.12,is
004771.png,DOC004,0,271,1,0.12,overcoming
004772.png,DOC004,0,272,0,-0.12,the
004773.png,DOC004,0,273,1,0.12,physical
004774.png,DOC004,0,274,0,-0.12,channel
004775.png,DOC004,0,275,1,0.12,introduced
004776.png,DOC004,0,276,0,-0.12,by
004777.png,DOC004,0,277,0,-0.12,printers
004778.png,DOC004,0,278,0,-0.12,and
004779.png,DOC004,0,279,0,-0.12,smartphone
004780.png,DOC004,0,280,0,-0.12,cameras.
004781.png,DOC004,0,281,1,0.12,This
004782.png,DOC004,0,282,0,-0.12,requires
004783.png,DOC004,0,283,0,-0.12,highly
004784.png,DOC004,0,284,0,-0.12,error
004785.png,DOC004,0,285,0,-0.12,correction
004786.png,DOC004,0,286,0,-0.12,"mechanisms,"
004787.png,DOC004,0,287,1,0.12,such
004788.png,DOC004,0,288,0,-0.12,as
004789.png,DOC004,0,289,1,0.12,Reed-Solomon
004790.png,DOC004,0,290,0,-0.12,"coding,"
004791.png,DOC004,0,291,0,-0.12,combined
004792.png,DOC004,0,292,0,-0.12,deep
004793.png,DOC004,0,293,0,-0.12,learning-based
004794.png,DOC004,0,294,0,-0.12,document
004795.png,DOC004,0,295,0,-0.12,dewarping
004796.png,DOC004,0,296,0,-0.12,and
004797.png,DOC004,0,297,0,-0.12,residual
004798.png,DOC004,0,298,0,-0.12,feature
004799.png,DOC004,0,299,0,-0.12,extraction
004800.png,DOC004,0,300,0,-0.12,reliably
004801.png,DOC004,0,301,0,-0.12,recover
004802.png,DOC004,0,302,0,-0.12,the
004803.png,DOC004,0,303,0,-0.12,embedded
004804.png,DOC004,0,304,0,-0.12,cryptographic
004805.png,DOC004,0,305,0,-0.12,QUESTION
004806.png,DOC004,0,306,0,-0.12,The
004807.png,DOC004,0,307,0,-0.12,rapid
004808.png,DOC004,0,308,0,-0.12,advancement
004809.png,DOC004,0,309,1,0.12,of
004810.png,DOC004,0,310,1,0.12,artificial
004811.png,DOC004,0,311,0,-0.12,intelligence
004812.png,DOC004,0,312,0,-0.12,and
004813.png,DOC004,0,313,0,-0.12,machine
004814.png,DOC004,0,314,0,-0.12,has
004815.png,DOC004,0,315,0,-0.12,fundamentally
004816.png,DOC004,0,316,1,0.12,altered
004817.png,DOC004,0,317,1,0.12,the
004818.png,DOC004,0,318,0,-0.12,landscape
004819.png,DOC004,0,319,1,0.12,of
004820.png,DOC004,0,320,1,0.12,modern
004821.png,DOC004,0,321,1,0.12,computing.
004822.png,DOC004,0,322,1,0.12,When
004823.png,DOC004,0,323,1,0.12,scalable
004824.png,DOC004,0,324,0,-0.12,distributed
004825.png,DOC004,0,325,1,0.12,"systems,"
004826.png,DOC004,0,326,0,-0.12,engineers
004827.png,DOC004,0,327,0,-0.12,must
004828.png,DOC004,0,328,0,-0.12,carefully
004829.png,DOC004,0,329,0,-0.12,consider
004830.png,DOC004,0,330,1,0.12,the
004831.png,DOC004,0,331,0,-0.12,between
004832.png,DOC004,0,332,0,-0.12,"latency,"
004833.png,DOC004,0,333,0,-0.12,"throughput,"
004834.png,DOC004,0,334,0,-0.12,and
004835.png,DOC004,0,335,0,-0.12,fault
004836.png,DOC004,0,336,0,-0.12,tolerance.
004837.png,DOC004,0,337,0,-0.12,In
004838.png,DOC004,0,338,0,-0.12,the
004839.png,DOC004,0,339,0,-0.12,context
004840.png,DOC004,0,340,0,-0.12,of
004841.png,DOC004,0,341,0,-0.12,"steganography,"
004842.png,DOC004,0,342,0,-0.12,the
004843.png,DOC004,0,343,1,0.12,primary
004844.png,DOC004,0,344,1,0.12,challenge
004845.png,DOC004,0,345,1,0.12,is
004846.png,DOC004,0,346,1,0.12,overcoming
004847.png,DOC004,0,347,0,-0.12,the
004848.png,DOC004,0,348,1,0.12,physical
004849.png,DOC004,0,349,0,-0.12,channel
004850.png,DOC004,0,350,0,-0.12,introduced
004851.png,DOC004,0,351,0,-0.12,by
004852.png,DOC004,0,352,1,0.12,printers
004853.png,DOC004,0,353,1,0.12,and
004854.png,DOC004,0,354,0,-0.12,smartphone
004855.png,DOC004,0,355,0,-0.12,cameras.
004856.png,DOC004,0,356,1,0.12,This
004857.png,DOC004,0,357,0,-0.12,requires
004858.png,DOC004,0,358,1,0.12,highly
004859.png,DOC004,0,359,1,0.12,error
004860.png,DOC004,0,360,1,0.12,correction
004861.png,DOC004,0,361,0,-0.12,"mechanisms,"
004862.png,DOC004,0,362,1,0.12,such
004863.png,DOC004,0,363,0,-0.12,as
004864.png,DOC004,0,364,0,-0.12,Reed-Solomon
004865.png,DOC004,0,365,0,-0.12,"coding,"
004866.png,DOC004,0,366,0,-0.12,combined
004867.png,DOC004,0,367,0,-0.12,deep
004868.png,DOC004,0,368,0,-0.12,learning-based
004869.png,DOC004,0,369,0,-0.12,document
004870.png,DOC004,0,370,0,-0.12,dewarping
004871.png,DOC004,0,371,0,-0.12,and
004872.png,DOC004,0,372,1,0.12,residual
004873.png,DOC004,0,373,0,-0.12,feature
004874.png,DOC004,0,374,1,0.12,extraction
004875.png,DOC004,1,0,0,-0.12,CONFIDENTIAL
004876.png,DOC004,1,1,1,0.12,ENGINEERING
004877.png,DOC004,1,2,0,-0.12,EXAM
004878.png,DOC004,1,3,0,-0.12,-
004879.png,DOC004,1,4,0,-0.12,PAGE
004880.png,DOC004,1,5,0,-0.12,QUESTION
004881.png,DOC004,1,6,1,0.12,The
004882.png,DOC004,1,7,1,0.12,rapid
004883.png,DOC004,1,8,0,-0.12,advancement
004884.png,DOC004,1,9,0,-0.12,of
004885.png,DOC004,1,10,0,-0.12,artificial
004886.png,DOC004,1,11,0,-0.12,intelligence
004887.png,DOC004,1,12,1,0.12,and
004888.png,DOC004,1,13,0,-0.12,machine
004889.png,DOC004,1,14,1,0.12,has
004890.png,DOC004,1,15,0,-0.12,fundamentally
004891.png,DOC004,1,16,0,-0.12,altered
004892.png,DOC004,1,17,1,0.12,the
004893.png,DOC004,1,18,0,-0.12,landscape
004894.png,DOC004,1,19,1,0.12,of
004895.png,DOC004,1,20,0,-0.12,modern
004896.png,DOC004,1,21,0,-0.12,computing.
004897.png,DOC004,1,22,0,-0.12,When
004898.png,DOC004,1,23,0,-0.12,scalable
004899.png,DOC004,1,24,0,-0.12,distributed
004900.png,DOC004,1,25,0,-0.12,"systems,"
004901.png,DOC004,1,26,0,-0.12,engineers
004902.png,DOC004,1,27,1,0.12,must
004903.png,DOC004,1,28,0,-0.12,carefully
004904.png,DOC004,1,29,1,0.12,consider
004905.png,DOC004,1,30,1,0.12,the
004906.png,DOC004,1,31,1,0.12,between
004907.png,DOC004,1,32,1,0.12,"latency,"
004908.png,DOC004,1,33,0,-0.12,"throughput,"
004909.png,DOC004,1,34,0,-0.12,and
004910.png,DOC004,1,35,1,0.12,fault
004911.png,DOC004,1,36,0,-0.12,tolerance.
004912.png,DOC004,1,37,0,-0.12,In
004913.png,DOC004,1,38,0,-0.12,the
004914.png,DOC004,1,39,0,-0.12,context
004915.png,DOC004,1,40,1,0.12,of
004916.png,DOC004,1,41,0,-0.12,"steganography,"
004917.png,DOC004,1,42,0,-0.12,the
004918.png,DOC004,1,43,0,-0.12,primary
004919.png,DOC004,1,44,1,0.12,challenge
004920.png,DOC004,1,45,0,-0.12,is
004921.png,DOC004,1,46,1,0.12,overcoming
004922.png,DOC004,1,47,0,-0.12,the
004923.png,DOC004,1,48,0,-0.12,physical
004924.png,DOC004,1,49,0,-0.12,channel
004925.png,DOC004,1,50,0,-0.12,introduced
004926.png,DOC004,1,51,1,0.12,by
004927.png,DOC004,1,52,0,-0.12,printers
004928.png,DOC004,1,53,1,0.12,and
004929.png,DOC004,1,54,0,-0.12,smartphone
004930.png,DOC004,1,55,0,-0.12,cameras.
004931.png,DOC004,1,56,0,-0.12,This
004932.png,DOC004,1,57,0,-0.12,requires
004933.png,DOC004,1,58,0,-0.12,highly
004934.png,DOC004,1,59,0,-0.12,error
004935.png,DOC004,1,60,1,0.12,correction
004936.png,DOC004,1,61,1,0.12,"mechanisms,"
004937.png,DOC004,1,62,0,-0.12,such
004938.png,DOC004,1,63,0,-0.12,as
004939.png,DOC004,1,64,0,-0.12,Reed-Solomon
004940.png,DOC004,1,65,0,-0.12,"coding,"
004941.png,DOC004,1,66,1,0.12,combined
004942.png,DOC004,1,67,0,-0.12,deep
004943.png,DOC004,1,68,0,-0.12,learning-based
004944.png,DOC004,1,69,1,0.12,document
004945.png,DOC004,1,70,0,-0.12,dewarping
004946.png,DOC004,1,71,0,-0.12,and
004947.png,DOC004,1,72,1,0.12,residual
004948.png,DOC004,1,73,1,0.12,feature
004949.png,DOC004,1,74,0,-0.12,extraction
004950.png,DOC004,1,75,0,-0.12,reliably
004951.png,DOC004,1,76,1,0.12,recover
004952.png,DOC004,1,77,1,0.12,the
004953.png,DOC004,1,78,0,-0.12,embedded
004954.png,DOC004,1,79,0,-0.12,cryptographic
004955.png,DOC004,1,80,1,0.12,QUESTION
004956.png,DOC004,1,81,0,-0.12,The
004957.png,DOC004,1,82,0,-0.12,rapid
004958.png,DOC004,1,83,0,-0.12,advancement
004959.png,DOC004,1,84,0,-0.12,of
004960.png,DOC004,1,85,0,-0.12,artificial
004961.png,DOC004,1,86,1,0.12,intelligence
004962.png,DOC004,1,87,0,-0.12,and
004963.png,DOC004,1,88,1,0.12,machine
004964.png,DOC004,1,89,0,-0.12,has
004965.png,DOC004,1,90,0,-0.12,fundamentally
004966.png,DOC004,1,91,1,0.12,altered
004967.png,DOC004,1,92,0,-0.12,the
004968.png,DOC004,1,93,0,-0.12,landscape
004969.png,DOC004,1,94,0,-0.12,of
004970.png,DOC004,1,95,1,0.12,modern
004971.png,DOC004,1,96,0,-0.12,computing.
004972.png,DOC004,1,97,0,-0.12,When
004973.png,DOC004,1,98,1,0.12,scalable
004974.png,DOC004,1,99,1,0.12,distributed
004975.png,DOC004,1,100,0,-0.12,"systems,"
004976.png,DOC004,1,101,1,0.12,engineers
004977.png,DOC004,1,102,0,-0.12,must
004978.png,DOC004,1,103,1,0.12,carefully
004979.png,DOC004,1,104,0,-0.12,consider
004980.png,DOC004,1,105,1,0.12,the
004981.png,DOC004,1,106,1,0.12,between
004982.png,DOC004,1,107,1,0.12,"latency,"
004983.png,DOC004,1,108,0,-0.12,"throughput,"
004984.png,DOC004,1,109,0,-0.12,and
004985.png,DOC004,1,110,0,-0.12,fault
004986.png,DOC004,1,111,0,-0.12,tolerance.
004987.png,DOC004,1,112,0,-0.12,In
004988.png,DOC004,1,113,0,-0.12,the
004989.png,DOC004,1,114,0,-0.12,context
004990.png,DOC004,1,115,0,-0.12,of
004991.png,DOC004,1,116,0,-0.12,"steganography,"
004992.png,DOC004,1,117,0,-0.12,the
004993.png,DOC004,1,118,0,-0.12,primary
004994.png,DOC004,1,119,0,-0.12,challenge
004995.png,DOC004,1,120,0,-0.12,is
004996.png,DOC004,1,121,0,-0.12,overcoming
004997.png,DOC004,1,122,0,-0.12,the
004998.png,DOC004,1,123,0,-0.12,physical
004999.png,DOC004,1,124,0,-0.12,channel
005000.png,DOC004,1,125,0,-0.12,introduced
005001.png,DOC004,1,126,0,-0.12,by
005002.png,DOC004,1,127,1,0.12,printers
005003.png,DOC004,1,128,0,-0.12,and
005004.png,DOC004,1,129,0,-0.12,smartphone
005005.png,DOC004,1,130,0,-0.12,cameras.
005006.png,DOC004,1,131,0,-0.12,This
005007.png,DOC004,1,132,0,-0.12,requires
005008.png,DOC004,1,133,0,-0.12,highly
005009.png,DOC004,1,134,1,0.12,error
005010.png,DOC004,1,135,0,-0.12,correction
005011.png,DOC004,1,136,0,-0.12,"mechanisms,"
005012.png,DOC004,1,137,1,0.12,such
005013.png,DOC004,1,138,0,-0.12,as
005014.png,DOC004,1,139,0,-0.12,Reed-Solomon
005015.png,DOC004,1,140,1,0.12,"coding,"
005016.png,DOC004,1,141,0,-0.12,combined
005017.png,DOC004,1,142,0,-0.12,deep
005018.png,DOC004,1,143,1,0.12,learning-based
005019.png,DOC004,1,144,1,0.12,document
005020.png,DOC004,1,145,0,-0.12,dewarping
005021.png,DOC004,1,146,0,-0.12,and
005022.png,DOC004,1,147,0,-0.12,residual
005023.png,DOC004,1,148,1,0.12,feature
005024.png,DOC004,1,149,0,-0.12,extraction
005025.png,DOC004,1,150,0,-0.12,reliably
005026.png,DOC004,1,151,0,-0.12,recover
005027.png,DOC004,1,152,0,-0.12,the
005028.png,DOC004,1,153,1,0.12,embedded
005029.png,DOC004,1,154,0,-0.12,cryptographic
005030.png,DOC004,1,155,0,-0.12,QUESTION
005031.png,DOC004,1,156,0,-0.12,The
005032.png,DOC004,1,157,1,0.12,rapid
005033.png,DOC004,1,158,0,-0.12,advancement
005034.png,DOC004,1,159,1,0.12,of
005035.png,DOC004,1,160,0,-0.12,artificial
005036.png,DOC004,1,161,0,-0.12,intelligence
005037.png,DOC004,1,162,1,0.12,and
005038.png,DOC004,1,163,0,-0.12,machine
005039.png,DOC004,1,164,0,-0.12,has
005040.png,DOC004,1,165,0,-0.12,fundamentally
005041.png,DOC004,1,166,1,0.12,altered
005042.png,DOC004,1,167,0,-0.12,the
005043.png,DOC004,1,168,0,-0.12,landscape
005044.png,DOC004,1,169,0,-0.12,of
005045.png,DOC004,1,170,0,-0.12,modern
005046.png,DOC004,1,171,0,-0.12,computing.
005047.png,DOC004,1,172,0,-0.12,When
005048.png,DOC004,1,173,0,-0.12,scalable
005049.png,DOC004,1,174,0,-0.12,distributed
005050.png,DOC004,1,175,1,0.12,"systems,"
005051.png,DOC004,1,176,0,-0.12,engineers
005052.png,DOC004,1,177,0,-0.12,must
005053.png,DOC004,1,178,1,0.12,carefully
005054.png,DOC004,1,179,1,0.12,consider
005055.png,DOC004,1,180,1,0.12,the
005056.png,DOC004,1,181,0,-0.12,between
005057.png,DOC004,1,182,1,0.12,"latency,"
005058.png,DOC004,1,183,1,0.12,"throughput,"
005059.png,DOC004,1,184,1,0.12,and
005060.png,DOC004,1,185,0,-0.12,fault
005061.png,DOC004,1,186,0,-0.12,tolerance.
005062.png,DOC004,1,187,0,-0.12,In
005063.png,DOC004,1,188,0,-0.12,the
005064.png,DOC004,1,189,1,0.12,context
005065.png,DOC004,1,190,1,0.12,of
005066.png,DOC004,1,191,0,-0.12,"steganography,"
005067.png,DOC004,1,192,0,-0.12,the
005068.png,DOC004,1,193,0,-0.12,primary
005069.png,DOC004,1,194,0,-0.12,challenge
005070.png,DOC004,1,195,0,-0.12,is
005071.png,DOC004,1,196,0,-0.12,overcoming
005072.png,DOC004,1,197,0,-0.12,the
005073.png,DOC004,1,198,1,0.12,physical
005074.png,DOC004,1,199,0,-0.12,channel
005075.png,DOC004,1,200,1,0.12,introduced
005076.png,DOC004,1,201,0,-0.12,by
005077.png,DOC004,1,202,0,-0.12,printers
005078.png,DOC004,1,203,0,-0.12,and
005079.png,DOC004,1,204,0,-0.12,smartphone
005080.png,DOC004,1,205,0,-0.12,cameras.
005081.png,DOC004,1,206,0,-0.12,This
005082.png,DOC004,1,207,1,0.12,requires
005083.png,DOC004,1,208,1,0.12,highly
005084.png,DOC004,1,209,0,-0.12,error
005085.png,DOC004,1,210,1,0.12,correction
005086.png,DOC004,1,211,0,-0.12,"mechanisms,"
005087.png,DOC004,1,212,0,-0.12,such
005088.png,DOC004,1,213,0,-0.12,as
005089.png,DOC004,1,214,1,0.12,Reed-Solomon
005090.png,DOC004,1,215,1,0.12,"coding,"
005091.png,DOC004,1,216,0,-0.12,combined
005092.png,DOC004,1,217,1,0.12,deep
005093.png,DOC004,1,218,0,-0.12,learning-based
005094.png,DOC004,1,219,0,-0.12,document
005095.png,DOC004,1,220,0,-0.12,dewarping
005096.png,DOC004,1,221,0,-0.12,and
005097.png,DOC004,1,222,0,-0.12,residual
005098.png,DOC004,1,223,1,0.12,feature
005099.png,DOC004,1,224,0,-0.12,extraction
005100.png,DOC004,1,225,1,0.12,reliably
005101.png,DOC004,1,226,0,-0.12,recover
005102.png,DOC004,1,227,0,-0.12,the
005103.png,DOC004,1,228,1,0.12,embedded
005104.png,DOC004,1,229,0,-0.12,cryptographic
005105.png,DOC004,1,230,1,0.12,QUESTION
005106.png,DOC004,1,231,0,-0.12,The
005107.png,DOC004,1,232,0,-0.12,rapid
005108.png,DOC004,1,233,1,0.12,advancement
005109.png,DOC004,1,234,0,-0.12,of
005110.png,DOC004,1,235,1,0.12,artificial
005111.png,DOC004,1,236,1,0.12,intelligence
005112.png,DOC004,1,237,0,-0.12,and
005113.png,DOC004,1,238,0,-0.12,machine
005114.png,DOC004,1,239,0,-0.12,has
005115.png,DOC004,1,240,1,0.12,fundamentally
005116.png,DOC004,1,241,0,-0.12,altered
005117.png,DOC004,1,242,0,-0.12,the
005118.png,DOC004,1,243,1,0.12,landscape
005119.png,DOC004,1,244,1,0.12,of
005120.png,DOC004,1,245,0,-0.12,modern
005121.png,DOC004,1,246,0,-0.12,computing.
005122.png,DOC004,1,247,1,0.12,When
005123.png,DOC004,1,248,0,-0.12,scalable
005124.png,DOC004,1,249,0,-0.12,distributed
005125.png,DOC004,1,250,0,-0.12,"systems,"
005126.png,DOC004,1,251,1,0.12,engineers
005127.png,DOC004,1,252,0,-0.12,must
005128.png,DOC004,1,253,0,-0.12,carefully
005129.png,DOC004,1,254,0,-0.12,consider
005130.png,DOC004,1,255,0,-0.12,the
005131.png,DOC004,1,256,1,0.12,between
005132.png,DOC004,1,257,0,-0.12,"latency,"
005133.png,DOC004,1,258,0,-0.12,"throughput,"
005134.png,DOC004,1,259,0,-0.12,and
005135.png,DOC004,1,260,0,-0.12,fault
005136.png,DOC004,1,261,0,-0.12,tolerance.
005137.png,DOC004,1,262,0,-0.12,In
005138.png,DOC004,1,263,1,0.12,the
005139.png,DOC004,1,264,0,-0.12,context
005140.png,DOC004,1,265,0,-0.12,of
005141.png,DOC004,1,266,0,-0.12,"steganography,"
005142.png,DOC004,1,267,0,-0.12,the
005143.png,DOC004,1,268,1,0.12,primary
005144.png,DOC004,1,269,0,-0.12,challenge
005145.png,DOC004,1,270,0,-0.12,is
005146.png,DOC004,1,271,0,-0.12,overcoming
005147.png,DOC004,1,272,0,-0.12,the
005148.png,DOC004,1,273,1,0.12,physical
005149.png,DOC004,1,274,1,0.12,channel
005150.png,DOC004,1,275,1,0.12,introduced
005151.png,DOC004,1,276,0,-0.12,by
005152.png,DOC004,1,277,1,0.12,printers
005153.png,DOC004,1,278,1,0.12,and
005154.png,DOC004,1,279,0,-0.12,smartphone
005155.png,DOC004,1,280,0,-0.12,cameras.
005156.png,DOC004,1,281,0,-0.12,This
005157.png,DOC004,1,282,0,-0.12,requires
005158.png,DOC004,1,283,0,-0.12,highly
005159.png,DOC004,1,284,0,-0.12,error
005160.png,DOC004,1,285,0,-0.12,correction
005161.png,DOC004,1,286,0,-0.12,"mechanisms,"
005162.png,DOC004,1,287,0,-0.12,such
005163.png,DOC004,1,288,0,-0.12,as
005164.png,DOC004,1,289,1,0.12,Reed-Solomon
005165.png,DOC004,1,290,0,-0.12,"coding,"
005166.png,DOC004,1,291,0,-0.12,combined
005167.png,DOC004,1,292,0,-0.12,deep
005168.png,DOC004,1,293,1,0.12,learning-based
005169.png,DOC004,1,294,0,-0.12,document
005170.png,DOC004,1,295,0,-0.12,dewarping
005171.png,DOC004,1,296,1,0.12,and
005172.png,DOC004,1,297,0,-0.12,residual
005173.png,DOC004,1,298,1,0.12,feature
005174.png,DOC004,1,299,1,0.12,extraction
005175.png,DOC004,1,300,0,-0.12,reliably
005176.png,DOC004,1,301,1,0.12,recover
005177.png,DOC004,1,302,0,-0.12,the
005178.png,DOC004,1,303,1,0.12,embedded
005179.png,DOC004,1,304,0,-0.12,cryptographic
005180.png,DOC004,1,305,0,-0.12,QUESTION
005181.png,DOC004,1,306,1,0.12,The
005182.png,DOC004,1,307,0,-0.12,rapid
005183.png,DOC004,1,308,1,0.12,advancement
005184.png,DOC004,1,309,1,0.12,of
005185.png,DOC004,1,310,0,-0.12,artificial
005186.png,DOC004,1,311,0,-0.12,intelligence
005187.png,DOC004,1,312,1,0.12,and
005188.png,DOC004,1,313,1,0.12,machine
005189.png,DOC004,1,314,1,0.12,has
005190.png,DOC004,1,315,0,-0.12,fundamentally
005191.png,DOC004,1,316,1,0.12,altered
005192.png,DOC004,1,317,0,-0.12,the
005193.png,DOC004,1,318,0,-0.12,landscape
005194.png,DOC004,1,319,0,-0.12,of
005195.png,DOC004,1,320,1,0.12,modern
005196.png,DOC004,1,321,0,-0.12,computing.
005197.png,DOC004,1,322,0,-0.12,When
005198.png,DOC004,1,323,0,-0.12,scalable
005199.png,DOC004,1,324,0,-0.12,distributed
005200.png,DOC004,1,325,1,0.12,"systems,"
005201.png,DOC004,1,326,0,-0.12,engineers
005202.png,DOC004,1,327,0,-0.12,must
005203.png,DOC004,1,328,0,-0.12,carefully
005204.png,DOC004,1,329,0,-0.12,consider
005205.png,DOC004,1,330,0,-0.12,the
005206.png,DOC004,1,331,0,-0.12,between
005207.png,DOC004,1,332,1,0.12,"latency,"
005208.png,DOC004,1,333,0,-0.12,"throughput,"
005209.png,DOC004,1,334,1,0.12,and
005210.png,DOC004,1,335,0,-0.12,fault
005211.png,DOC004,1,336,1,0.12,tolerance.
005212.png,DOC004,1,337,0,-0.12,In
005213.png,DOC004,1,338,1,0.12,the
005214.png,DOC004,1,339,0,-0.12,context
005215.png,DOC004,1,340,0,-0.12,of
005216.png,DOC004,1,341,1,0.12,"steganography,"
005217.png,DOC004,1,342,0,-0.12,the
005218.png,DOC004,1,343,0,-0.12,primary
005219.png,DOC004,1,344,0,-0.12,challenge
005220.png,DOC004,1,345,0,-0.12,is
005221.png,DOC004,1,346,0,-0.12,overcoming
005222.png,DOC004,1,347,1,0.12,the
005223.png,DOC004,1,348,1,0.12,physical
005224.png,DOC004,1,349,1,0.12,channel
005225.png,DOC004,1,350,0,-0.12,introduced
005226.png,DOC004,1,351,0,-0.12,by
005227.png,DOC004,1,352,1,0.12,printers
005228.png,DOC004,1,353,0,-0.12,and
005229.png,DOC004,1,354,1,0.12,smartphone
005230.png,DOC004,1,355,1,0.12,cameras.
005231.png,DOC004,1,356,0,-0.12,This
005232.png,DOC004,1,357,0,-0.12,requires
005233.png,DOC004,1,358,0,-0.12,highly
005234.png,DOC004,1,359,1,0.12,error
005235.png,DOC004,1,360,0,-0.12,correction
005236.png,DOC004,1,361,1,0.12,"mechanisms,"
005237.png,DOC004,1,362,0,-0.12,such
005238.png,DOC004,1,363,0,-0.12,as
005239.png,DOC004,1,364,0,-0.12,Reed-Solomon
005240.png,DOC004,1,365,0,-0.12,"coding,"
005241.png,DOC004,1,366,0,-0.12,combined
005242.png,DOC004,1,367,0,-0.12,deep
005243.png,DOC004,1,368,0,-0.12,learning-based
005244.png,DOC004,1,369,1,0.12,document
005245.png,DOC004,1,370,0,-0.12,dewarping
005246.png,DOC004,1,371,0,-0.12,and
005247.png,DOC004,1,372,1,0.12,residual
005248.png,DOC004,1,373,0,-0.12,feature
005249.png,DOC004,1,374,0,-0.12,extraction
005250.png,DOC004,2,0,0,-0.12,CONFIDENTIAL
005251.png,DOC004,2,1,1,0.12,ENGINEERING
005252.png,DOC004,2,2,0,-0.12,EXAM
005253.png,DOC004,2,3,1,0.12,-
005254.png,DOC004,2,4,1,0.12,PAGE
005255.png,DOC004,2,5,0,-0.12,QUESTION
005256.png,DOC004,2,6,0,-0.12,The
005257.png,DOC004,2,7,0,-0.12,rapid
005258.png,DOC004,2,8,1,0.12,advancement
005259.png,DOC004,2,9,0,-0.12,of
005260.png,DOC004,2,10,0,-0.12,artificial
005261.png,DOC004,2,11,1,0.12,intelligence
005262.png,DOC004,2,12,0,-0.12,and
005263.png,DOC004,2,13,1,0.12,machine
005264.png,DOC004,2,14,1,0.12,has
005265.png,DOC004,2,15,0,-0.12,fundamentally
005266.png,DOC004,2,16,0,-0.12,altered
005267.png,DOC004,2,17,1,0.12,the
005268.png,DOC004,2,18,1,0.12,landscape
005269.png,DOC004,2,19,0,-0.12,of
005270.png,DOC004,2,20,1,0.12,modern
005271.png,DOC004,2,21,1,0.12,computing.
005272.png,DOC004,2,22,0,-0.12,When
005273.png,DOC004,2,23,0,-0.12,scalable
005274.png,DOC004,2,24,1,0.12,distributed
005275.png,DOC004,2,25,1,0.12,"systems,"
005276.png,DOC004,2,26,0,-0.12,engineers
005277.png,DOC004,2,27,0,-0.12,must
005278.png,DOC004,2,28,0,-0.12,carefully
005279.png,DOC004,2,29,0,-0.12,consider
005280.png,DOC004,2,30,0,-0.12,the
005281.png,DOC004,2,31,1,0.12,between
005282.png,DOC004,2,32,0,-0.12,"latency,"
005283.png,DOC004,2,33,0,-0.12,"throughput,"
005284.png,DOC004,2,34,0,-0.12,and
005285.png,DOC004,2,35,0,-0.12,fault
005286.png,DOC004,2,36,0,-0.12,tolerance.
005287.png,DOC004,2,37,1,0.12,In
005288.png,DOC004,2,38,0,-0.12,the
005289.png,DOC004,2,39,1,0.12,context
005290.png,DOC004,2,40,0,-0.12,of
005291.png,DOC004,2,41,1,0.12,"steganography,"
005292.png,DOC004,2,42,0,-0.12,the
005293.png,DOC004,2,43,0,-0.12,primary
005294.png,DOC004,2,44,0,-0.12,challenge
005295.png,DOC004,2,45,0,-0.12,is
005296.png,DOC004,2,46,1,0.12,overcoming
005297.png,DOC004,2,47,1,0.12,the
005298.png,DOC004,2,48,0,-0.12,physical
005299.png,DOC004,2,49,0,-0.12,channel
005300.png,DOC004,2,50,1,0.12,introduced
005301.png,DOC004,2,51,0,-0.12,by
005302.png,DOC004,2,52,1,0.12,printers
005303.png,DOC004,2,53,0,-0.12,and
005304.png,DOC004,2,54,0,-0.12,smartphone
005305.png,DOC004,2,55,0,-0.12,cameras.
005306.png,DOC004,2,56,0,-0.12,This
005307.png,DOC004,2,57,0,-0.12,requires
005308.png,DOC004,2,58,1,0.12,highly
005309.png,DOC004,2,59,1,0.12,error
005310.png,DOC004,2,60,0,-0.12,correction
005311.png,DOC004,2,61,0,-0.12,"mechanisms,"
005312.png,DOC004,2,62,0,-0.12,such
005313.png,DOC004,2,63,0,-0.12,as
005314.png,DOC004,2,64,1,0.12,Reed-Solomon
005315.png,DOC004,2,65,0,-0.12,"coding,"
005316.png,DOC004,2,66,0,-0.12,combined
005317.png,DOC004,2,67,0,-0.12,deep
005318.png,DOC004,2,68,0,-0.12,learning-based
005319.png,DOC004,2,69,0,-0.12,document
005320.png,DOC004,2,70,1,0.12,dewarping
005321.png,DOC004,2,71,0,-0.12,and
005322.png,DOC004,2,72,1,0.12,residual
005323.png,DOC004,2,73,1,0.12,feature
005324.png,DOC004,2,74,0,-0.12,extraction
005325.png,DOC004,2,75,1,0.12,reliably
005326.png,DOC004,2,76,1,0.12,recover
005327.png,DOC004,2,77,0,-0.12,the
005328.png,DOC004,2,78,1,0.12,embedded
005329.png,DOC004,2,79,0,-0.12,cryptographic
005330.png,DOC004,2,80,0,-0.12,QUESTION
005331.png,DOC004,2,81,1,0.12,The
005332.png,DOC004,2,82,0,-0.12,rapid
005333.png,DOC004,2,83,0,-0.12,advancement
005334.png,DOC004,2,84,1,0.12,of
005335.png,DOC004,2,85,1,0.12,artificial
005336.png,DOC004,2,86,0,-0.12,intelligence
005337.png,DOC004,2,87,0,-0.12,and
005338.png,DOC004,2,88,0,-0.12,machine
005339.png,DOC004,2,89,0,-0.12,has
005340.png,DOC004,2,90,1,0.12,fundamentally
005341.png,DOC004,2,91,1,0.12,altered
005342.png,DOC004,2,92,0,-0.12,the
005343.png,DOC004,2,93,1,0.12,landscape
005344.png,DOC004,2,94,1,0.12,of
005345.png,DOC004,2,95,0,-0.12,modern
005346.png,DOC004,2,96,1,0.12,computing.
005347.png,DOC004,2,97,1,0.12,When
005348.png,DOC004,2,98,0,-0.12,scalable
005349.png,DOC004,2,99,1,0.12,distributed
005350.png,DOC004,2,100,0,-0.12,"systems,"
005351.png,DOC004,2,101,1,0.12,engineers
005352.png,DOC004,2,102,0,-0.12,must
005353.png,DOC004,2,103,0,-0.12,carefully
005354.png,DOC004,2,104,0,-0.12,consider
005355.png,DOC004,2,105,1,0.12,the
005356.png,DOC004,2,106,0,-0.12,between
005357.png,DOC004,2,107,0,-0.12,"latency,"
005358.png,DOC004,2,108,0,-0.12,"throughput,"
005359.png,DOC004,2,109,0,-0.12,and
005360.png,DOC004,2,110,0,-0.12,fault
005361.png,DOC004,2,111,0,-0.12,tolerance.
005362.png,DOC004,2,112,1,0.12,In
005363.png,DOC004,2,113,0,-0.12,the
005364.png,DOC004,2,114,0,-0.12,context
005365.png,DOC004,2,115,0,-0.12,of
005366.png,DOC004,2,116,0,-0.12,"steganography,"
005367.png,DOC004,2,117,1,0.12,the
005368.png,DOC004,2,118,0,-0.12,primary
005369.png,DOC004,2,119,0,-0.12,challenge
005370.png,DOC004,2,120,0,-0.12,is
005371.png,DOC004,2,121,0,-0.12,overcoming
005372.png,DOC004,2,122,0,-0.12,the
005373.png,DOC004,2,123,0,-0.12,physical
005374.png,DOC004,2,124,1,0.12,channel
005375.png,DOC004,2,125,0,-0.12,introduced
005376.png,DOC004,2,126,0,-0.12,by
005377.png,DOC004,2,127,0,-0.12,printers
005378.png,DOC004,2,128,0,-0.12,and
005379.png,DOC004,2,129,1,0.12,smartphone
005380.png,DOC004,2,130,0,-0.12,cameras.
005381.png,DOC004,2,131,0,-0.12,This
005382.png,DOC004,2,132,1,0.12,requires
005383.png,DOC004,2,133,1,0.12,highly
005384.png,DOC004,2,134,0,-0.12,error
005385.png,DOC004,2,135,0,-0.12,correction
005386.png,DOC004,2,136,1,0.12,"mechanisms,"
005387.png,DOC004,2,137,0,-0.12,such
005388.png,DOC004,2,138,1,0.12,as
005389.png,DOC004,2,139,0,-0.12,Reed-Solomon
005390.png,DOC004,2,140,1,0.12,"coding,"
005391.png,DOC004,2,141,0,-0.12,combined
005392.png,DOC004,2,142,0,-0.12,deep
005393.png,DOC004,2,143,0,-0.12,learning-based
005394.png,DOC004,2,144,1,0.12,document
005395.png,DOC004,2,145,0,-0.12,dewarping
005396.png,DOC004,2,146,1,0.12,and
005397.png,DOC004,2,147,1,0.12,residual
005398.png,DOC004,2,148,1,0.12,feature
005399.png,DOC004,2,149,0,-0.12,extraction
005400.png,DOC004,2,150,0,-0.12,reliably
005401.png,DOC004,2,151,0,-0.12,recover
005402.png,DOC004,2,152,0,-0.12,the
005403.png,DOC004,2,153,0,-0.12,embedded
005404.png,DOC004,2,154,0,-0.12,cryptographic
005405.png,DOC004,2,155,0,-0.12,QUESTION
005406.png,DOC004,2,156,0,-0.12,The
005407.png,DOC004,2,157,0,-0.12,rapid
005408.png,DOC004,2,158,0,-0.12,advancement
005409.png,DOC004,2,159,1,0.12,of
005410.png,DOC004,2,160,0,-0.12,artificial
005411.png,DOC004,2,161,1,0.12,intelligence
005412.png,DOC004,2,162,0,-0.12,and
005413.png,DOC004,2,163,0,-0.12,machine
005414.png,DOC004,2,164,0,-0.12,has
005415.png,DOC004,2,165,0,-0.12,fundamentally
005416.png,DOC004,2,166,0,-0.12,altered
005417.png,DOC004,2,167,1,0.12,the
005418.png,DOC004,2,168,0,-0.12,landscape
005419.png,DOC004,2,169,0,-0.12,of
005420.png,DOC004,2,170,0,-0.12,modern
005421.png,DOC004,2,171,0,-0.12,computing.
005422.png,DOC004,2,172,1,0.12,When
005423.png,DOC004,2,173,0,-0.12,scalable
005424.png,DOC004,2,174,1,0.12,distributed
005425.png,DOC004,2,175,0,-0.12,"systems,"
005426.png,DOC004,2,176,1,0.12,engineers
005427.png,DOC004,2,177,1,0.12,must
005428.png,DOC004,2,178,0,-0.12,carefully
005429.png,DOC004,2,179,0,-0.12,consider
005430.png,DOC004,2,180,1,0.12,the
005431.png,DOC004,2,181,0,-0.12,between
005432.png,DOC004,2,182,1,0.12,"latency,"
005433.png,DOC004,2,183,0,-0.12,"throughput,"
005434.png,DOC004,2,184,1,0.12,and
005435.png,DOC004,2,185,0,-0.12,fault
005436.png,DOC004,2,186,0,-0.12,tolerance.
005437.png,DOC004,2,187,0,-0.12,In
005438.png,DOC004,2,188,0,-0.12,the
005439.png,DOC004,2,189,0,-0.12,context
005440.png,DOC004,2,190,0,-0.12,of
005441.png,DOC004,2,191,0,-0.12,"steganography,"
005442.png,DOC004,2,192,0,-0.12,the
005443.png,DOC004,2,193,1,0.12,primary
005444.png,DOC004,2,194,0,-0.12,challenge
005445.png,DOC004,2,195,0,-0.12,is
005446.png,DOC004,2,196,0,-0.12,overcoming
005447.png,DOC004,2,197,0,-0.12,the
005448.png,DOC004,2,198,0,-0.12,physical
005449.png,DOC004,2,199,1,0.12,channel
005450.png,DOC004,2,200,0,-0.12,introduced
005451.png,DOC004,2,201,1,0.12,by
005452.png,DOC004,2,202,0,-0.12,printers
005453.png,DOC004,2,203,0,-0.12,and
005454.png,DOC004,2,204,0,-0.12,smartphone
005455.png,DOC004,2,205,0,-0.12,cameras.
005456.png,DOC004,2,206,0,-0.12,This
005457.png,DOC004,2,207,1,0.12,requires
005458.png,DOC004,2,208,0,-0.12,highly
005459.png,DOC004,2,209,1,0.12,error
005460.png,DOC004,2,210,0,-0.12,correction
005461.png,DOC004,2,211,1,0.12,"mechanisms,"
005462.png,DOC004,2,212,0,-0.12,such
005463.png,DOC004,2,213,0,-0.12,as
005464.png,DOC004,2,214,0,-0.12,Reed-Solomon
005465.png,DOC004,2,215,0,-0.12,"coding,"
005466.png,DOC004,2,216,0,-0.12,combined
005467.png,DOC004,2,217,0,-0.12,deep
005468.png,DOC004,2,218,0,-0.12,learning-based
005469.png,DOC004,2,219,1,0.12,document
005470.png,DOC004,2,220,1,0.12,dewarping
005471.png,DOC004,2,221,0,-0.12,and
005472.png,DOC004,2,222,0,-0.12,residual
005473.png,DOC004,2,223,0,-0.12,feature
005474.png,DOC004,2,224,0,-0.12,extraction
005475.png,DOC004,2,225,0,-0.12,reliably
005476.png,DOC004,2,226,0,-0.12,recover
005477.png,DOC004,2,227,0,-0.12,the
005478.png,DOC004,2,228,0,-0.12,embedded
005479.png,DOC004,2,229,0,-0.12,cryptographic
005480.png,DOC004,2,230,0,-0.12,QUESTION
005481.png,DOC004,2,231,0,-0.12,The
005482.png,DOC004,2,232,1,0.12,rapid
005483.png,DOC004,2,233,0,-0.12,advancement
005484.png,DOC004,2,234,1,0.12,of
005485.png,DOC004,2,235,0,-0.12,artificial
005486.png,DOC004,2,236,0,-0.12,intelligence
005487.png,DOC004,2,237,0,-0.12,and
005488.png,DOC004,2,238,1,0.12,machine
005489.png,DOC004,2,239,0,-0.12,has
005490.png,DOC004,2,240,0,-0.12,fundamentally
005491.png,DOC004,2,241,1,0.12,altered
005492.png,DOC004,2,242,0,-0.12,the
005493.png,DOC004,2,243,1,0.12,landscape
005494.png,DOC004,2,244,1,0.12,of
005495.png,DOC004,2,245,0,-0.12,modern
005496.png,DOC004,2,246,1,0.12,computing.
005497.png,DOC004,2,247,0,-0.12,When
005498.png,DOC004,2,248,1,0.12,scalable
005499.png,DOC004,2,249,1,0.12,distributed
005500.png,DOC004,2,250,0,-0.12,"systems,"
005501.png,DOC004,2,251,1,0.12,engineers
005502.png,DOC004,2,252,0,-0.12,must
005503.png,DOC004,2,253,0,-0.12,carefully
005504.png,DOC004,2,254,0,-0.12,consider
005505.png,DOC004,2,255,0,-0.12,the
005506.png,DOC004,2,256,0,-0.12,between
005507.png,DOC004,2,257,0,-0.12,"latency,"
005508.png,DOC004,2,258,0,-0.12,"throughput,"
005509.png,DOC004,2,259,0,-0.12,and
005510.png,DOC004,2,260,1,0.12,fault
005511.png,DOC004,2,261,0,-0.12,tolerance.
005512.png,DOC004,2,262,0,-0.12,In
005513.png,DOC004,2,263,0,-0.12,the
005514.png,DOC004,2,264,0,-0.12,context
005515.png,DOC004,2,265,0,-0.12,of
005516.png,DOC004,2,266,0,-0.12,"steganography,"
005517.png,DOC004,2,267,0,-0.12,the
005518.png,DOC004,2,268,0,-0.12,primary
005519.png,DOC004,2,269,0,-0.12,challenge
005520.png,DOC004,2,270,0,-0.12,is
005521.png,DOC004,2,271,1,0.12,overcoming
005522.png,DOC004,2,272,0,-0.12,the
005523.png,DOC004,2,273,1,0.12,physical
005524.png,DOC004,2,274,1,0.12,channel
005525.png,DOC004,2,275,0,-0.12,introduced
005526.png,DOC004,2,276,0,-0.12,by
005527.png,DOC004,2,277,0,-0.12,printers
005528.png,DOC004,2,278,1,0.12,and
005529.png,DOC004,2,279,0,-0.12,smartphone
005530.png,DOC004,2,280,0,-0.12,cameras.
005531.png,DOC004,2,281,1,0.12,This
005532.png,DOC004,2,282,1,0.12,requires
005533.png,DOC004,2,283,0,-0.12,highly
005534.png,DOC004,2,284,0,-0.12,error
005535.png,DOC004,2,285,0,-0.12,correction
005536.png,DOC004,2,286,0,-0.12,"mechanisms,"
005537.png,DOC004,2,287,0,-0.12,such
005538.png,DOC004,2,288,0,-0.12,as
005539.png,DOC004,2,289,0,-0.12,Reed-Solomon
005540.png,DOC004,2,290,0,-0.12,"coding,"
005541.png,DOC004,2,291,0,-0.12,combined
005542.png,DOC004,2,292,0,-0.12,deep
005543.png,DOC004,2,293,1,0.12,learning-based
005544.png,DOC004,2,294,0,-0.12,document
005545.png,DOC004,2,295,0,-0.12,dewarping
005546.png,DOC004,2,296,1,0.12,and
005547.png,DOC004,2,297,0,-0.12,residual
005548.png,DOC004,2,298,1,0.12,feature
005549.png,DOC004,2,299,0,-0.12,extraction
005550.png,DOC004,2,300,0,-0.12,reliably
005551.png,DOC004,2,301,1,0.12,recover
005552.png,DOC004,2,302,0,-0.12,the
005553.png,DOC004,2,303,0,-0.12,embedded
005554.png,DOC004,2,304,1,0.12,cryptographic
005555.png,DOC004,2,305,1,0.12,QUESTION
005556.png,DOC004,2,306,0,-0.12,The
005557.png,DOC004,2,307,0,-0.12,rapid
005558.png,DOC004,2,308,1,0.12,advancement
005559.png,DOC004,2,309,1,0.12,of
005560.png,DOC004,2,310,0,-0.12,artificial
005561.png,DOC004,2,311,0,-0.12,intelligence
005562.png,DOC004,2,312,0,-0.12,and
005563.png,DOC004,2,313,0,-0.12,machine
005564.png,DOC004,2,314,1,0.12,has
005565.png,DOC004,2,315,1,0.12,fundamentally
005566.png,DOC004,2,316,0,-0.12,altered
005567.png,DOC004,2,317,1,0.12,the
005568.png,DOC004,2,318,1,0.12,landscape
005569.png,DOC004,2,319,0,-0.12,of
005570.png,DOC004,2,320,0,-0.12,modern
005571.png,DOC004,2,321,1,0.12,computing.
005572.png,DOC004,2,322,0,-0.12,When
005573.png,DOC004,2,323,0,-0.12,scalable
005574.png,DOC004,2,324,0,-0.12,distributed
005575.png,DOC004,2,325,0,-0.12,"systems,"
005576.png,DOC004,2,326,0,-0.12,engineers
005577.png,DOC004,2,327,1,0.12,must
005578.png,DOC004,2,328,0,-0.12,carefully
005579.png,DOC004,2,329,1,0.12,consider
005580.png,DOC004,2,330,0,-0.12,the
005581.png,DOC004,2,331,1,0.12,between
005582.png,DOC004,2,332,0,-0.12,"latency,"
005583.png,DOC004,2,333,0,-0.12,"throughput,"
005584.png,DOC004,2,334,1,0.12,and
005585.png,DOC004,2,335,0,-0.12,fault
005586.png,DOC004,2,336,0,-0.12,tolerance.
005587.png,DOC004,2,337,1,0.12,In
005588.png,DOC004,2,338,1,0.12,the
005589.png,DOC004,2,339,0,-0.12,context
005590.png,DOC004,2,340,0,-0.12,of
005591.png,DOC004,2,341,0,-0.12,"steganography,"
005592.png,DOC004,2,342,0,-0.12,the
005593.png,DOC004,2,343,0,-0.12,primary
005594.png,DOC004,2,344,0,-0.12,challenge
005595.png,DOC004,2,345,0,-0.12,is
005596.png,DOC004,2,346,1,0.12,overcoming
005597.png,DOC004,2,347,1,0.12,the
005598.png,DOC004,2,348,0,-0.12,physical
005599.png,DOC004,2,349,0,-0.12,channel
005600.png,DOC004,2,350,0,-0.12,introduced
005601.png,DOC004,2,351,0,-0.12,by
005602.png,DOC004,2,352,0,-0.12,printers
005603.png,DOC004,2,353,1,0.12,and
005604.png,DOC004,2,354,0,-0.12,smartphone
005605.png,DOC004,2,355,1,0.12,cameras.
005606.png,DOC004,2,356,0,-0.12,This
005607.png,DOC004,2,357,0,-0.12,requires
005608.png,DOC004,2,358,0,-0.12,highly
005609.png,DOC004,2,359,0,-0.12,error
005610.png,DOC004,2,360,0,-0.12,correction
005611.png,DOC004,2,361,1,0.12,"mechanisms,"
005612.png,DOC004,2,362,0,-0.12,such
005613.png,DOC004,2,363,0,-0.12,as
005614.png,DOC004,2,364,0,-0.12,Reed-Solomon
005615.png,DOC004,2,365,0,-0.12,"coding,"
005616.png,DOC004,2,366,0,-0.12,combined
005617.png,DOC004,2,367,0,-0.12,deep
005618.png,DOC004,2,368,0,-0.12,learning-based
005619.png,DOC004,2,369,1,0.12,document
005620.png,DOC004,2,370,1,0.12,dewarping
005621.png,DOC004,2,371,0,-0.12,and
005622.png,DOC004,2,372,1,0.12,residual
005623.png,DOC004,2,373,1,0.12,feature
005624.png,DOC004,2,374,0,-0.12,extraction
005625.png,DOC004,3,0,0,-0.12,CONFIDENTIAL
005626.png,DOC004,3,1,0,-0.12,ENGINEERING
005627.png,DOC004,3,2,0,-0.12,EXAM
005628.png,DOC004,3,3,1,0.12,-
005629.png,DOC004,3,4,0,-0.12,PAGE
005630.png,DOC004,3,5,0,-0.12,QUESTION
005631.png,DOC004,3,6,0,-0.12,The
005632.png,DOC004,3,7,0,-0.12,rapid
005633.png,DOC004,3,8,0,-0.12,advancement
005634.png,DOC004,3,9,0,-0.12,of
005635.png,DOC004,3,10,0,-0.12,artificial
005636.png,DOC004,3,11,1,0.12,intelligence
005637.png,DOC004,3,12,0,-0.12,and
005638.png,DOC004,3,13,0,-0.12,machine
005639.png,DOC004,3,14,0,-0.12,has
005640.png,DOC004,3,15,0,-0.12,fundamentally
005641.png,DOC004,3,16,0,-0.12,altered
005642.png,DOC004,3,17,0,-0.12,the
005643.png,DOC004,3,18,0,-0.12,landscape
005644.png,DOC004,3,19,1,0.12,of
005645.png,DOC004,3,20,0,-0.12,modern
005646.png,DOC004,3,21,1,0.12,computing.
005647.png,DOC004,3,22,1,0.12,When
005648.png,DOC004,3,23,1,0.12,scalable
005649.png,DOC004,3,24,0,-0.12,distributed
005650.png,DOC004,3,25,0,-0.12,"systems,"
005651.png,DOC004,3,26,1,0.12,engineers
005652.png,DOC004,3,27,1,0.12,must
005653.png,DOC004,3,28,1,0.12,carefully
005654.png,DOC004,3,29,0,-0.12,consider
005655.png,DOC004,3,30,1,0.12,the
005656.png,DOC004,3,31,0,-0.12,between
005657.png,DOC004,3,32,0,-0.12,"latency,"
005658.png,DOC004,3,33,1,0.12,"throughput,"
005659.png,DOC004,3,34,0,-0.12,and
005660.png,DOC004,3,35,0,-0.12,fault
005661.png,DOC004,3,36,0,-0.12,tolerance.
005662.png,DOC004,3,37,0,-0.12,In
005663.png,DOC004,3,38,0,-0.12,the
005664.png,DOC004,3,39,1,0.12,context
005665.png,DOC004,3,40,1,0.12,of
005666.png,DOC004,3,41,0,-0.12,"steganography,"
005667.png,DOC004,3,42,0,-0.12,the
005668.png,DOC004,3,43,0,-0.12,primary
005669.png,DOC004,3,44,0,-0.12,challenge
005670.png,DOC004,3,45,0,-0.12,is
005671.png,DOC004,3,46,0,-0.12,overcoming
005672.png,DOC004,3,47,0,-0.12,the
005673.png,DOC004,3,48,1,0.12,physical
005674.png,DOC004,3,49,0,-0.12,channel
005675.png,DOC004,3,50,1,0.12,introduced
005676.png,DOC004,3,51,1,0.12,by
005677.png,DOC004,3,52,0,-0.12,printers
005678.png,DOC004,3,53,1,0.12,and
005679.png,DOC004,3,54,0,-0.12,smartphone
005680.png,DOC004,3,55,0,-0.12,cameras.
005681.png,DOC004,3,56,1,0.12,This
005682.png,DOC004,3,57,0,-0.12,requires
005683.png,DOC004,3,58,1,0.12,highly
005684.png,DOC004,3,59,0,-0.12,error
005685.png,DOC004,3,60,0,-0.12,correction
005686.png,DOC004,3,61,0,-0.12,"mechanisms,"
005687.png,DOC004,3,62,0,-0.12,such
005688.png,DOC004,3,63,0,-0.12,as
005689.png,DOC004,3,64,0,-0.12,Reed-Solomon
005690.png,DOC004,3,65,1,0.12,"coding,"
005691.png,DOC004,3,66,0,-0.12,combined
005692.png,DOC004,3,67,0,-0.12,deep
005693.png,DOC004,3,68,1,0.12,learning-based
005694.png,DOC004,3,69,0,-0.12,document
005695.png,DOC004,3,70,0,-0.12,dewarping
005696.png,DOC004,3,71,0,-0.12,and
005697.png,DOC004,3,72,1,0.12,residual
005698.png,DOC004,3,73,0,-0.12,feature
005699.png,DOC004,3,74,1,0.12,extraction
005700.png,DOC004,3,75,1,0.12,reliably
005701.png,DOC004,3,76,0,-0.12,recover
005702.png,DOC004,3,77,0,-0.12,the
005703.png,DOC004,3,78,0,-0.12,embedded
005704.png,DOC004,3,79,0,-0.12,cryptographic
005705.png,DOC004,3,80,0,-0.12,QUESTION
005706.png,DOC004,3,81,0,-0.12,The
005707.png,DOC004,3,82,1,0.12,rapid
005708.png,DOC004,3,83,0,-0.12,advancement
005709.png,DOC004,3,84,0,-0.12,of
005710.png,DOC004,3,85,1,0.12,artificial
005711.png,DOC004,3,86,0,-0.12,intelligence
005712.png,DOC004,3,87,1,0.12,and
005713.png,DOC004,3,88,0,-0.12,machine
005714.png,DOC004,3,89,1,0.12,has
005715.png,DOC004,3,90,1,0.12,fundamentally
005716.png,DOC004,3,91,0,-0.12,altered
005717.png,DOC004,3,92,1,0.12,the
005718.png,DOC004,3,93,0,-0.12,landscape
005719.png,DOC004,3,94,0,-0.12,of
005720.png,DOC004,3,95,0,-0.12,modern
005721.png,DOC004,3,96,0,-0.12,computing.
005722.png,DOC004,3,97,1,0.12,When
005723.png,DOC004,3,98,1,0.12,scalable
005724.png,DOC004,3,99,1,0.12,distributed
005725.png,DOC004,3,100,0,-0.12,"systems,"
005726.png,DOC004,3,101,0,-0.12,engineers
005727.png,DOC004,3,102,0,-0.12,must
005728.png,DOC004,3,103,1,0.12,carefully
005729.png,DOC004,3,104,0,-0.12,consider
005730.png,DOC004,3,105,1,0.12,the
005731.png,DOC004,3,106,0,-0.12,between
005732.png,DOC004,3,107,0,-0.12,"latency,"
005733.png,DOC004,3,108,0,-0.12,"throughput,"
005734.png,DOC004,3,109,0,-0.12,and
005735.png,DOC004,3,110,0,-0.12,fault
005736.png,DOC004,3,111,1,0.12,tolerance.
005737.png,DOC004,3,112,0,-0.12,In
005738.png,DOC004,3,113,0,-0.12,the
005739.png,DOC004,3,114,0,-0.12,context
005740.png,DOC004,3,115,0,-0.12,of
005741.png,DOC004,3,116,0,-0.12,"steganography,"
005742.png,DOC004,3,117,0,-0.12,the
005743.png,DOC004,3,118,0,-0.12,primary
005744.png,DOC004,3,119,0,-0.12,challenge
005745.png,DOC004,3,120,1,0.12,is
005746.png,DOC004,3,121,0,-0.12,overcoming
005747.png,DOC004,3,122,0,-0.12,the
005748.png,DOC004,3,123,1,0.12,physical
005749.png,DOC004,3,124,0,-0.12,channel
005750.png,DOC004,3,125,0,-0.12,introduced
005751.png,DOC004,3,126,0,-0.12,by
005752.png,DOC004,3,127,0,-0.12,printers
005753.png,DOC004,3,128,0,-0.12,and
005754.png,DOC004,3,129,0,-0.12,smartphone
005755.png,DOC004,3,130,0,-0.12,cameras.
005756.png,DOC004,3,131,0,-0.12,This
005757.png,DOC004,3,132,1,0.12,requires
005758.png,DOC004,3,133,0,-0.12,highly
005759.png,DOC004,3,134,1,0.12,error
005760.png,DOC004,3,135,0,-0.12,correction
005761.png,DOC004,3,136,0,-0.12,"mechanisms,"
005762.png,DOC004,3,137,0,-0.12,such
005763.png,DOC004,3,138,0,-0.12,as
005764.png,DOC004,3,139,0,-0.12,Reed-Solomon
005765.png,DOC004,3,140,0,-0.12,"coding,"
005766.png,DOC004,3,141,1,0.12,combined
005767.png,DOC004,3,142,0,-0.12,deep
005768.png,DOC004,3,143,0,-0.12,learning-based
005769.png,DOC004,3,144,0,-0.12,document
005770.png,DOC004,3,145,0,-0.12,dewarping
005771.png,DOC004,3,146,0,-0.12,and
005772.png,DOC004,3,147,0,-0.12,residual
005773.png,DOC004,3,148,0,-0.12,feature
005774.png,DOC004,3,149,0,-0.12,extraction
005775.png,DOC004,3,150,0,-0.12,reliably
005776.png,DOC004,3,151,0,-0.12,recover
005777.png,DOC004,3,152,0,-0.12,the
005778.png,DOC004,3,153,0,-0.12,embedded
005779.png,DOC004,3,154,0,-0.12,cryptographic
005780.png,DOC004,3,155,0,-0.12,QUESTION
005781.png,DOC004,3,156,0,-0.12,The
005782.png,DOC004,3,157,0,-0.12,rapid
005783.png,DOC004,3,158,0,-0.12,advancement
005784.png,DOC004,3,159,0,-0.12,of
005785.png,DOC004,3,160,0,-0.12,artificial
005786.png,DOC004,3,161,0,-0.12,intelligence
005787.png,DOC004,3,162,0,-0.12,and
005788.png,DOC004,3,163,1,0.12,machine
005789.png,DOC004,3,164,1,0.12,has
005790.png,DOC004,3,165,1,0.12,fundamentally
005791.png,DOC004,3,166,0,-0.12,altered
005792.png,DOC004,3,167,0,-0.12,the
005793.png,DOC004,3,168,0,-0.12,landscape
005794.png,DOC004,3,169,1,0.12,of
005795.png,DOC004,3,170,0,-0.12,modern
005796.png,DOC004,3,171,0,-0.12,computing.
005797.png,DOC004,3,172,1,0.12,When
005798.png,DOC004,3,173,0,-0.12,scalable
005799.png,DOC004,3,174,0,-0.12,distributed
005800.png,DOC004,3,175,1,0.12,"systems,"
005801.png,DOC004,3,176,0,-0.12,engineers
005802.png,DOC004,3,177,0,-0.12,must
005803.png,DOC004,3,178,1,0.12,carefully
005804.png,DOC004,3,179,0,-0.12,consider
005805.png,DOC004,3,180,0,-0.12,the
005806.png,DOC004,3,181,1,0.12,between
005807.png,DOC004,3,182,0,-0.12,"latency,"
005808.png,DOC004,3,183,1,0.12,"throughput,"
005809.png,DOC004,3,184,0,-0.12,and
005810.png,DOC004,3,185,0,-0.12,fault
005811.png,DOC004,3,186,0,-0.12,tolerance.
005812.png,DOC004,3,187,1,0.12,In
005813.png,DOC004,3,188,0,-0.12,the
005814.png,DOC004,3,189,1,0.12,context
005815.png,DOC004,3,190,0,-0.12,of
005816.png,DOC004,3,191,0,-0.12,"steganography,"
005817.png,DOC004,3,192,0,-0.12,the
005818.png,DOC004,3,193,1,0.12,primary
005819.png,DOC004,3,194,0,-0.12,challenge
005820.png,DOC004,3,195,1,0.12,is
005821.png,DOC004,3,196,1,0.12,overcoming
005822.png,DOC004,3,197,0,-0.12,the
005823.png,DOC004,3,198,1,0.12,physical
005824.png,DOC004,3,199,1,0.12,channel
005825.png,DOC004,3,200,0,-0.12,introduced
005826.png,DOC004,3,201,0,-0.12,by
005827.png,DOC004,3,202,0,-0.12,printers
005828.png,DOC004,3,203,0,-0.12,and
005829.png,DOC004,3,204,1,0.12,smartphone
005830.png,DOC004,3,205,0,-0.12,cameras.
005831.png,DOC004,3,206,0,-0.12,This
005832.png,DOC004,3,207,0,-0.12,requires
005833.png,DOC004,3,208,0,-0.12,highly
005834.png,DOC004,3,209,1,0.12,error
005835.png,DOC004,3,210,0,-0.12,correction
005836.png,DOC004,3,211,1,0.12,"mechanisms,"
005837.png,DOC004,3,212,1,0.12,such
005838.png,DOC004,3,213,0,-0.12,as
005839.png,DOC004,3,214,0,-0.12,Reed-Solomon
005840.png,DOC004,3,215,0,-0.12,"coding,"
005841.png,DOC004,3,216,1,0.12,combined
005842.png,DOC004,3,217,0,-0.12,deep
005843.png,DOC004,3,218,0,-0.12,learning-based
005844.png,DOC004,3,219,0,-0.12,document
005845.png,DOC004,3,220,1,0.12,dewarping
005846.png,DOC004,3,221,1,0.12,and
005847.png,DOC004,3,222,0,-0.12,residual
005848.png,DOC004,3,223,0,-0.12,feature
005849.png,DOC004,3,224,0,-0.12,extraction
005850.png,DOC004,3,225,1,0.12,reliably
005851.png,DOC004,3,226,0,-0.12,recover
005852.png,DOC004,3,227,0,-0.12,the
005853.png,DOC004,3,228,0,-0.12,embedded
005854.png,DOC004,3,229,0,-0.12,cryptographic
005855.png,DOC004,3,230,0,-0.12,QUESTION
005856.png,DOC004,3,231,1,0.12,The
005857.png,DOC004,3,232,1,0.12,rapid
005858.png,DOC004,3,233,1,0.12,advancement
005859.png,DOC004,3,234,0,-0.12,of
005860.png,DOC004,3,235,1,0.12,artificial
005861.png,DOC004,3,236,1,0.12,intelligence
005862.png,DOC004,3,237,1,0.12,and
005863.png,DOC004,3,238,1,0.12,machine
005864.png,DOC004,3,239,0,-0.12,has
005865.png,DOC004,3,240,0,-0.12,fundamentally
005866.png,DOC004,3,241,0,-0.12,altered
005867.png,DOC004,3,242,1,0.12,the
005868.png,DOC004,3,243,1,0.12,landscape
005869.png,DOC004,3,244,0,-0.12,of
005870.png,DOC004,3,245,0,-0.12,modern
005871.png,DOC004,3,246,0,-0.12,computing.
005872.png,DOC004,3,247,1,0.12,When
005873.png,DOC004,3,248,1,0.12,scalable
005874.png,DOC004,3,249,0,-0.12,distributed
005875.png,DOC004,3,250,1,0.12,"systems,"
005876.png,DOC004,3,251,0,-0.12,engineers
005877.png,DOC004,3,252,1,0.12,must
005878.png,DOC004,3,253,1,0.12,carefully
005879.png,DOC004,3,254,0,-0.12,consider
005880.png,DOC004,3,255,0,-0.12,the
005881.png,DOC004,3,256,1,0.12,between
005882.png,DOC004,3,257,0,-0.12,"latency,"
005883.png,DOC004,3,258,0,-0.12,"throughput,"
005884.png,DOC004,3,259,1,0.12,and
005885.png,DOC004,3,260,0,-0.12,fault
005886.png,DOC004,3,261,1,0.12,tolerance.
005887.png,DOC004,3,262,1,0.12,In
005888.png,DOC004,3,263,0,-0.12,the
005889.png,DOC004,3,264,0,-0.12,context
005890.png,DOC004,3,265,0,-0.12,of
005891.png,DOC004,3,266,1,0.12,"steganography,"
005892.png,DOC004,3,267,1,0.12,the
005893.png,DOC004,3,268,0,-0.12,primary
005894.png,DOC004,3,269,0,-0.12,challenge
005895.png,DOC004,3,270,1,0.12,is
005896.png,DOC004,3,271,0,-0.12,overcoming
005897.png,DOC004,3,272,0,-0.12,the
005898.png,DOC004,3,273,0,-0.12,physical
005899.png,DOC004,3,274,0,-0.12,channel
005900.png,DOC004,3,275,1,0.12,introduced
005901.png,DOC004,3,276,0,-0.12,by
005902.png,DOC004,3,277,0,-0.12,printers
005903.png,DOC004,3,278,0,-0.12,and
005904.png,DOC004,3,279,0,-0.12,smartphone
005905.png,DOC004,3,280,1,0.12,cameras.
005906.png,DOC004,3,281,0,-0.12,This
005907.png,DOC004,3,282,0,-0.12,requires
005908.png,DOC004,3,283,1,0.12,highly
005909.png,DOC004,3,284,0,-0.12,error
005910.png,DOC004,3,285,0,-0.12,correction
005911.png,DOC004,3,286,1,0.12,"mechanisms,"
005912.png,DOC004,3,287,0,-0.12,such
005913.png,DOC004,3,288,0,-0.12,as
005914.png,DOC004,3,289,0,-0.12,Reed-Solomon
005915.png,DOC004,3,290,1,0.12,"coding,"
005916.png,DOC004,3,291,0,-0.12,combined
005917.png,DOC004,3,292,0,-0.12,deep
005918.png,DOC004,3,293,0,-0.12,learning-based
005919.png,DOC004,3,294,0,-0.12,document
005920.png,DOC004,3,295,0,-0.12,dewarping
005921.png,DOC004,3,296,1,0.12,and
005922.png,DOC004,3,297,1,0.12,residual
005923.png,DOC004,3,298,1,0.12,feature
005924.png,DOC004,3,299,0,-0.12,extraction
005925.png,DOC004,3,300,1,0.12,reliably
005926.png,DOC004,3,301,0,-0.12,recover
005927.png,DOC004,3,302,0,-0.12,the
005928.png,DOC004,3,303,0,-0.12,embedded
005929.png,DOC004,3,304,0,-0.12,cryptographic
005930.png,DOC004,3,305,0,-0.12,QUESTION
005931.png,DOC004,3,306,0,-0.12,The
005932.png,DOC004,3,307,1,0.12,rapid
005933.png,DOC004,3,308,0,-0.12,advancement
005934.png,DOC004,3,309,1,0.12,of
005935.png,DOC004,3,310,0,-0.12,artificial
005936.png,DOC004,3,311,0,-0.12,intelligence
005937.png,DOC004,3,312,0,-0.12,and
005938.png,DOC004,3,313,0,-0.12,machine
005939.png,DOC004,3,314,1,0.12,has
005940.png,DOC004,3,315,0,-0.12,fundamentally
005941.png,DOC004,3,316,1,0.12,altered
005942.png,DOC004,3,317,0,-0.12,the
005943.png,DOC004,3,318,0,-0.12,landscape
005944.png,DOC004,3,319,0,-0.12,of
005945.png,DOC004,3,320,1,0.12,modern
005946.png,DOC004,3,321,0,-0.12,computing.
005947.png,DOC004,3,322,0,-0.12,When
005948.png,DOC004,3,323,0,-0.12,scalable
005949.png,DOC004,3,324,1,0.12,distributed
005950.png,DOC004,3,325,1,0.12,"systems,"
005951.png,DOC004,3,326,0,-0.12,engineers
005952.png,DOC004,3,327,0,-0.12,must
005953.png,DOC004,3,328,1,0.12,carefully
005954.png,DOC004,3,329,0,-0.12,consider
005955.png,DOC004,3,330,1,0.12,the
005956.png,DOC004,3,331,0,-0.12,between
005957.png,DOC004,3,332,0,-0.12,"latency,"
005958.png,DOC004,3,333,0,-0.12,"throughput,"
005959.png,DOC004,3,334,1,0.12,and
005960.png,DOC004,3,335,0,-0.12,fault
005961.png,DOC004,3,336,0,-0.12,tolerance.
005962.png,DOC004,3,337,0,-0.12,In
005963.png,DOC004,3,338,0,-0.12,the
005964.png,DOC004,3,339,0,-0.12,context
005965.png,DOC004,3,340,0,-0.12,of
005966.png,DOC004,3,341,0,-0.12,"steganography,"
005967.png,DOC004,3,342,1,0.12,the
005968.png,DOC004,3,343,0,-0.12,primary
005969.png,DOC004,3,344,0,-0.12,challenge
005970.png,DOC004,3,345,1,0.12,is
005971.png,DOC004,3,346,0,-0.12,overcoming
005972.png,DOC004,3,347,1,0.12,the
005973.png,DOC004,3,348,1,0.12,physical
005974.png,DOC004,3,349,1,0.12,channel
005975.png,DOC004,3,350,1,0.12,introduced
005976.png,DOC004,3,351,0,-0.12,by
005977.png,DOC004,3,352,0,-0.12,printers
005978.png,DOC004,3,353,0,-0.12,and
005979.png,DOC004,3,354,1,0.12,smartphone
005980.png,DOC004,3,355,0,-0.12,cameras.
005981.png,DOC004,3,356,0,-0.12,This
005982.png,DOC004,3,357,1,0.12,requires
005983.png,DOC004,3,358,0,-0.12,highly
005984.png,DOC004,3,359,1,0.12,error
005985.png,DOC004,3,360,0,-0.12,correction
005986.png,DOC004,3,361,1,0.12,"mechanisms,"
005987.png,DOC004,3,362,0,-0.12,such
005988.png,DOC004,3,363,0,-0.12,as
005989.png,DOC004,3,364,1,0.12,Reed-Solomon
005990.png,DOC004,3,365,0,-0.12,"coding,"
005991.png,DOC004,3,366,0,-0.12,combined
005992.png,DOC004,3,367,0,-0.12,deep
005993.png,DOC004,3,368,1,0.12,learning-based
005994.png,DOC004,3,369,0,-0.12,document
005995.png,DOC004,3,370,0,-0.12,dewarping
005996.png,DOC004,3,371,0,-0.12,and
005997.png,DOC004,3,372,1,0.12,residual
005998.png,DOC004,3,373,0,-0.12,feature
005999.png,DOC004,3,374,0,-0.12,extraction
006000.png,DOC005,0,0,0,-0.12,CONFIDENTIAL
006001.png,DOC005,0,1,0,-0.12,ENGINEERING
006002.png,DOC005,0,2,0,-0.12,EXAM
006003.png,DOC005,0,3,1,0.12,-
006004.png,DOC005,0,4,0,-0.12,PAGE
006005.png,DOC005,0,5,1,0.12,QUESTION
006006.png,DOC005,0,6,1,0.12,The
006007.png,DOC005,0,7,0,-0.12,rapid
006008.png,DOC005,0,8,0,-0.12,advancement
006009.png,DOC005,0,9,0,-0.12,of
006010.png,DOC005,0,10,0,-0.12,artificial
006011.png,DOC005,0,11,1,0.12,intelligence
006012.png,DOC005,0,12,1,0.12,and
006013.png,DOC005,0,13,0,-0.12,machine
006014.png,DOC005,0,14,0,-0.12,has
006015.png,DOC005,0,15,0,-0.12,fundamentally
006016.png,DOC005,0,16,0,-0.12,altered
006017.png,DOC005,0,17,1,0.12,the
006018.png,DOC005,0,18,1,0.12,landscape
006019.png,DOC005,0,19,1,0.12,of
006020.png,DOC005,0,20,0,-0.12,modern
006021.png,DOC005,0,21,1,0.12,computing.
006022.png,DOC005,0,22,0,-0.12,When
006023.png,DOC005,0,23,1,0.12,scalable
006024.png,DOC005,0,24,1,0.12,distributed
006025.png,DOC005,0,25,1,0.12,"systems,"
006026.png,DOC005,0,26,0,-0.12,engineers
006027.png,DOC005,0,27,0,-0.12,must
006028.png,DOC005,0,28,0,-0.12,carefully
006029.png,DOC005,0,29,0,-0.12,consider
006030.png,DOC005,0,30,0,-0.12,the
006031.png,DOC005,0,31,1,0.12,between
006032.png,DOC005,0,32,0,-0.12,"latency,"
006033.png,DOC005,0,33,0,-0.12,"throughput,"
006034.png,DOC005,0,34,0,-0.12,and
006035.png,DOC005,0,35,0,-0.12,fault
006036.png,DOC005,0,36,0,-0.12,tolerance.
006037.png,DOC005,0,37,1,0.12,In
006038.png,DOC005,0,38,0,-0.12,the
006039.png,DOC005,0,39,0,-0.12,context
006040.png,DOC005,0,40,1,0.12,of
006041.png,DOC005,0,41,0,-0.12,"steganography,"
006042.png,DOC005,0,42,1,0.12,the
006043.png,DOC005,0,43,0,-0.12,primary
006044.png,DOC005,0,44,0,-0.12,challenge
006045.png,DOC005,0,45,0,-0.12,is
006046.png,DOC005,0,46,0,-0.12,overcoming
006047.png,DOC005,0,47,0,-0.12,the
006048.png,DOC005,0,48,1,0.12,physical
006049.png,DOC005,0,49,0,-0.12,channel
006050.png,DOC005,0,50,0,-0.12,introduced
006051.png,DOC005,0,51,1,0.12,by
006052.png,DOC005,0,52,0,-0.12,printers
006053.png,DOC005,0,53,0,-0.12,and
006054.png,DOC005,0,54,0,-0.12,smartphone
006055.png,DOC005,0,55,0,-0.12,cameras.
006056.png,DOC005,0,56,0,-0.12,This
006057.png,DOC005,0,57,0,-0.12,requires
006058.png,DOC005,0,58,0,-0.12,highly
006059.png,DOC005,0,59,0,-0.12,error
006060.png,DOC005,0,60,0,-0.12,correction
006061.png,DOC005,0,61,0,-0.12,"mechanisms,"
006062.png,DOC005,0,62,0,-0.12,such
006063.png,DOC005,0,63,0,-0.12,as
006064.png,DOC005,0,64,0,-0.12,Reed-Solomon
006065.png,DOC005,0,65,0,-0.12,"coding,"
006066.png,DOC005,0,66,0,-0.12,combined
006067.png,DOC005,0,67,1,0.12,deep
006068.png,DOC005,0,68,1,0.12,learning-based
006069.png,DOC005,0,69,0,-0.12,document
006070.png,DOC005,0,70,1,0.12,dewarping
006071.png,DOC005,0,71,0,-0.12,and
006072.png,DOC005,0,72,1,0.12,residual
006073.png,DOC005,0,73,0,-0.12,feature
006074.png,DOC005,0,74,1,0.12,extraction
006075.png,DOC005,0,75,0,-0.12,reliably
006076.png,DOC005,0,76,0,-0.12,recover
006077.png,DOC005,0,77,1,0.12,the
006078.png,DOC005,0,78,0,-0.12,embedded
006079.png,DOC005,0,79,0,-0.12,cryptographic
006080.png,DOC005,0,80,0,-0.12,QUESTION
006081.png,DOC005,0,81,0,-0.12,The
006082.png,DOC005,0,82,0,-0.12,rapid
006083.png,DOC005,0,83,0,-0.12,advancement
006084.png,DOC005,0,84,0,-0.12,of
006085.png,DOC005,0,85,0,-0.12,artificial
006086.png,DOC005,0,86,0,-0.12,intelligence
006087.png,DOC005,0,87,0,-0.12,and
006088.png,DOC005,0,88,1,0.12,machine
006089.png,DOC005,0,89,1,0.12,has
006090.png,DOC005,0,90,0,-0.12,fundamentally
006091.png,DOC005,0,91,0,-0.12,altered
006092.png,DOC005,0,92,0,-0.12,the
006093.png,DOC005,0,93,1,0.12,landscape
006094.png,DOC005,0,94,0,-0.12,of
006095.png,DOC005,0,95,0,-0.12,modern
006096.png,DOC005,0,96,1,0.12,computing.
006097.png,DOC005,0,97,0,-0.12,When
006098.png,DOC005,0,98,1,0.12,scalable
006099.png,DOC005,0,99,1,0.12,distributed
006100.png,DOC005,0,100,1,0.12,"systems,"
006101.png,DOC005,0,101,0,-0.12,engineers
006102.png,DOC005,0,102,0,-0.12,must
006103.png,DOC005,0,103,1,0.12,carefully
006104.png,DOC005,0,104,1,0.12,consider
006105.png,DOC005,0,105,0,-0.12,the
006106.png,DOC005,0,106,1,0.12,between
006107.png,DOC005,0,107,0,-0.12,"latency,"
006108.png,DOC005,0,108,0,-0.12,"throughput,"
006109.png,DOC005,0,109,0,-0.12,and
006110.png,DOC005,0,110,1,0.12,fault
006111.png,DOC005,0,111,0,-0.12,tolerance.
006112.png,DOC005,0,112,0,-0.12,In
006113.png,DOC005,0,113,1,0.12,the
006114.png,DOC005,0,114,0,-0.12,context
006115.png,DOC005,0,115,0,-0.12,of
006116.png,DOC005,0,116,0,-0.12,"steganography,"
006117.png,DOC005,0,117,0,-0.12,the
006118.png,DOC005,0,118,0,-0.12,primary
006119.png,DOC005,0,119,0,-0.12,challenge
006120.png,DOC005,0,120,0,-0.12,is
006121.png,DOC005,0,121,0,-0.12,overcoming
006122.png,DOC005,0,122,0,-0.12,the
006123.png,DOC005,0,123,1,0.12,physical
006124.png,DOC005,0,124,0,-0.12,channel
006125.png,DOC005,0,125,0,-0.12,introduced
006126.png,DOC005,0,126,0,-0.12,by
006127.png,DOC005,0,127,0,-0.12,printers
006128.png,DOC005,0,128,0,-0.12,and
006129.png,DOC005,0,129,0,-0.12,smartphone
006130.png,DOC005,0,130,0,-0.12,cameras.
006131.png,DOC005,0,131,0,-0.12,This
006132.png,DOC005,0,132,0,-0.12,requires
006133.png,DOC005,0,133,0,-0.12,highly
006134.png,DOC005,0,134,0,-0.12,error
006135.png,DOC005,0,135,0,-0.12,correction
006136.png,DOC005,0,136,0,-0.12,"mechanisms,"
006137.png,DOC005,0,137,0,-0.12,such
006138.png,DOC005,0,138,0,-0.12,as
006139.png,DOC005,0,139,0,-0.12,Reed-Solomon
006140.png,DOC005,0,140,0,-0.12,"coding,"
006141.png,DOC005,0,141,1,0.12,combined
006142.png,DOC005,0,142,0,-0.12,deep
006143.png,DOC005,0,143,1,0.12,learning-based
006144.png,DOC005,0,144,0,-0.12,document
006145.png,DOC005,0,145,0,-0.12,dewarping
006146.png,DOC005,0,146,0,-0.12,and
006147.png,DOC005,0,147,0,-0.12,residual
006148.png,DOC005,0,148,0,-0.12,feature
006149.png,DOC005,0,149,0,-0.12,extraction
006150.png,DOC005,0,150,1,0.12,reliably
006151.png,DOC005,0,151,0,-0.12,recover
006152.png,DOC005,0,152,1,0.12,the
006153.png,DOC005,0,153,1,0.12,embedded
006154.png,DOC005,0,154,0,-0.12,cryptographic
006155.png,DOC005,0,155,1,0.12,QUESTION
006156.png,DOC005,0,156,1,0.12,The
006157.png,DOC005,0,157,0,-0.12,rapid
006158.png,DOC005,0,158,0,-0.12,advancement
006159.png,DOC005,0,159,1,0.12,of
006160.png,DOC005,0,160,0,-0.12,artificial
006161.png,DOC005,0,161,0,-0.12,intelligence
006162.png,DOC005,0,162,1,0.12,and
006163.png,DOC005,0,163,0,-0.12,machine
006164.png,DOC005,0,164,1,0.12,has
006165.png,DOC005,0,165,0,-0.12,fundamentally
006166.png,DOC005,0,166,1,0.12,altered
006167.png,DOC005,0,167,1,0.12,the
006168.png,DOC005,0,168,1,0.12,landscape
006169.png,DOC005,0,169,0,-0.12,of
006170.png,DOC005,0,170,0,-0.12,modern
006171.png,DOC005,0,171,0,-0.12,computing.
006172.png,DOC005,0,172,1,0.12,When
006173.png,DOC005,0,173,0,-0.12,scalable
006174.png,DOC005,0,174,0,-0.12,distributed
006175.png,DOC005,0,175,1,0.12,"systems,"
006176.png,DOC005,0,176,0,-0.12,engineers
006177.png,DOC005,0,177,0,-0.12,must
006178.png,DOC005,0,178,0,-0.12,carefully
006179.png,DOC005,0,179,1,0.12,consider
006180.png,DOC005,0,180,0,-0.12,the
006181.png,DOC005,0,181,0,-0.12,between
006182.png,DOC005,0,182,0,-0.12,"latency,"
006183.png,DOC005,0,183,0,-0.12,"throughput,"
006184.png,DOC005,0,184,0,-0.12,and
006185.png,DOC005,0,185,0,-0.12,fault
006186.png,DOC005,0,186,0,-0.12,tolerance.
006187.png,DOC005,0,187,0,-0.12,In
006188.png,DOC005,0,188,1,0.12,the
006189.png,DOC005,0,189,1,0.12,context
006190.png,DOC005,0,190,0,-0.12,of
006191.png,DOC005,0,191,1,0.12,"steganography,"
006192.png,DOC005,0,192,0,-0.12,the
006193.png,DOC005,0,193,0,-0.12,primary
006194.png,DOC005,0,194,0,-0.12,challenge
006195.png,DOC005,0,195,0,-0.12,is
006196.png,DOC005,0,196,1,0.12,overcoming
006197.png,DOC005,0,197,1,0.12,the
006198.png,DOC005,0,198,1,0.12,physical
006199.png,DOC005,0,199,1,0.12,channel
006200.png,DOC005,0,200,1,0.12,introduced
006201.png,DOC005,0,201,0,-0.12,by
006202.png,DOC005,0,202,0,-0.12,printers
006203.png,DOC005,0,203,0,-0.12,and
006204.png,DOC005,0,204,1,0.12,smartphone
006205.png,DOC005,0,205,0,-0.12,cameras.
006206.png,DOC005,0,206,0,-0.12,This
006207.png,DOC005,0,207,0,-0.12,requires
006208.png,DOC005,0,208,0,-0.12,highly
006209.png,DOC005,0,209,1,0.12,error
006210.png,DOC005,0,210,0,-0.12,correction
006211.png,DOC005,0,211,1,0.12,"mechanisms,"
006212.png,DOC005,0,212,0,-0.12,such
006213.png,DOC005,0,213,0,-0.12,as
006214.png,DOC005,0,214,0,-0.12,Reed-Solomon
006215.png,DOC005,0,215,1,0.12,"coding,"
006216.png,DOC005,0,216,0,-0.12,combined
006217.png,DOC005,0,217,1,0.12,deep
006218.png,DOC005,0,218,0,-0.12,learning-based
006219.png,DOC005,0,219,1,0.12,document
006220.png,DOC005,0,220,0,-0.12,dewarping
006221.png,DOC005,0,221,0,-0.12,and
006222.png,DOC005,0,222,0,-0.12,residual
006223.png,DOC005,0,223,0,-0.12,feature
006224.png,DOC005,0,224,1,0.12,extraction
006225.png,DOC005,0,225,0,-0.12,reliably
006226.png,DOC005,0,226,1,0.12,recover
006227.png,DOC005,0,227,1,0.12,the
006228.png,DOC005,0,228,0,-0.12,embedded
006229.png,DOC005,0,229,0,-0.12,cryptographic
006230.png,DOC005,0,230,1,0.12,QUESTION
006231.png,DOC005,0,231,0,-0.12,The
006232.png,DOC005,0,232,0,-0.12,rapid
006233.png,DOC005,0,233,1,0.12,advancement
006234.png,DOC005,0,234,0,-0.12,of
006235.png,DOC005,0,235,0,-0.12,artificial
006236.png,DOC005,0,236,0,-0.12,intelligence
006237.png,DOC005,0,237,0,-0.12,and
006238.png,DOC005,0,238,0,-0.12,machine
006239.png,DOC005,0,239,0,-0.12,has
006240.png,DOC005,0,240,0,-0.12,fundamentally
006241.png,DOC005,0,241,1,0.12,altered
006242.png,DOC005,0,242,0,-0.12,the
006243.png,DOC005,0,243,0,-0.12,landscape
006244.png,DOC005,0,244,0,-0.12,of
006245.png,DOC005,0,245,1,0.12,modern
006246.png,DOC005,0,246,0,-0.12,computing.
006247.png,DOC005,0,247,0,-0.12,When
006248.png,DOC005,0,248,0,-0.12,scalable
006249.png,DOC005,0,249,0,-0.12,distributed
006250.png,DOC005,0,250,0,-0.12,"systems,"
006251.png,DOC005,0,251,1,0.12,engineers
006252.png,DOC005,0,252,0,-0.12,must
006253.png,DOC005,0,253,0,-0.12,carefully
006254.png,DOC005,0,254,1,0.12,consider
006255.png,DOC005,0,255,1,0.12,the
006256.png,DOC005,0,256,0,-0.12,between
006257.png,DOC005,0,257,0,-0.12,"latency,"
006258.png,DOC005,0,258,0,-0.12,"throughput,"
006259.png,DOC005,0,259,0,-0.12,and
006260.png,DOC005,0,260,1,0.12,fault
006261.png,DOC005,0,261,0,-0.12,tolerance.
006262.png,DOC005,0,262,0,-0.12,In
006263.png,DOC005,0,263,0,-0.12,the
006264.png,DOC005,0,264,0,-0.12,context
006265.png,DOC005,0,265,0,-0.12,of
006266.png,DOC005,0,266,0,-0.12,"steganography,"
006267.png,DOC005,0,267,0,-0.12,the
006268.png,DOC005,0,268,0,-0.12,primary
006269.png,DOC005,0,269,0,-0.12,challenge
006270.png,DOC005,0,270,0,-0.12,is
006271.png,DOC005,0,271,0,-0.12,overcoming
006272.png,DOC005,0,272,0,-0.12,the
006273.png,DOC005,0,273,0,-0.12,physical
006274.png,DOC005,0,274,0,-0.12,channel
006275.png,DOC005,0,275,0,-0.12,introduced
006276.png,DOC005,0,276,1,0.12,by
006277.png,DOC005,0,277,1,0.12,printers
006278.png,DOC005,0,278,0,-0.12,and
006279.png,DOC005,0,279,1,0.12,smartphone
006280.png,DOC005,0,280,0,-0.12,cameras.
006281.png,DOC005,0,281,1,0.12,This
006282.png,DOC005,0,282,1,0.12,requires
006283.png,DOC005,0,283,0,-0.12,highly
006284.png,DOC005,0,284,0,-0.12,error
006285.png,DOC005,0,285,1,0.12,correction
006286.png,DOC005,0,286,1,0.12,"mechanisms,"
006287.png,DOC005,0,287,1,0.12,such
006288.png,DOC005,0,288,0,-0.12,as
006289.png,DOC005,0,289,0,-0.12,Reed-Solomon
006290.png,DOC005,0,290,0,-0.12,"coding,"
006291.png,DOC005,0,291,0,-0.12,combined
006292.png,DOC005,0,292,0,-0.12,deep
006293.png,DOC005,0,293,0,-0.12,learning-based
006294.png,DOC005,0,294,0,-0.12,document
006295.png,DOC005,0,295,1,0.12,dewarping
006296.png,DOC005,0,296,0,-0.12,and
006297.png,DOC005,0,297,0,-0.12,residual
006298.png,DOC005,0,298,1,0.12,feature
006299.png,DOC005,0,299,1,0.12,extraction
006300.png,DOC005,0,300,0,-0.12,reliably
006301.png,DOC005,0,301,0,-0.12,recover
006302.png,DOC005,0,302,1,0.12,the
006303.png,DOC005,0,303,1,0.12,embedded
006304.png,DOC005,0,304,0,-0.12,cryptographic
006305.png,DOC005,0,305,0,-0.12,QUESTION
006306.png,DOC005,0,306,0,-0.12,The
006307.png,DOC005,0,307,0,-0.12,rapid
006308.png,DOC005,0,308,0,-0.12,advancement
006309.png,DOC005,0,309,0,-0.12,of
006310.png,DOC005,0,310,0,-0.12,artificial
006311.png,DOC005,0,311,0,-0.12,intelligence
006312.png,DOC005,0,312,1,0.12,and
006313.png,DOC005,0,313,0,-0.12,machine
006314.png,DOC005,0,314,1,0.12,has
006315.png,DOC005,0,315,0,-0.12,fundamentally
006316.png,DOC005,0,316,1,0.12,altered
006317.png,DOC005,0,317,0,-0.12,the
006318.png,DOC005,0,318,0,-0.12,landscape
006319.png,DOC005,0,319,0,-0.12,of
006320.png,DOC005,0,320,0,-0.12,modern
006321.png,DOC005,0,321,0,-0.12,computing.
006322.png,DOC005,0,322,1,0.12,When
006323.png,DOC005,0,323,1,0.12,scalable
006324.png,DOC005,0,324,1,0.12,distributed
006325.png,DOC005,0,325,0,-0.12,"systems,"
006326.png,DOC005,0,326,1,0.12,engineers
006327.png,DOC005,0,327,0,-0.12,must
006328.png,DOC005,0,328,0,-0.12,carefully
006329.png,DOC005,0,329,0,-0.12,consider
006330.png,DOC005,0,330,0,-0.12,the
006331.png,DOC005,0,331,0,-0.12,between
006332.png,DOC005,0,332,1,0.12,"latency,"
006333.png,DOC005,0,333,1,0.12,"throughput,"
006334.png,DOC005,0,334,0,-0.12,and
006335.png,DOC005,0,335,1,0.12,fault
006336.png,DOC005,0,336,0,-0.12,tolerance.
006337.png,DOC005,0,337,0,-0.12,In
006338.png,DOC005,0,338,1,0.12,the
006339.png,DOC005,0,339,0,-0.12,context
006340.png,DOC005,0,340,1,0.12,of
006341.png,DOC005,0,341,0,-0.12,"steganography,"
006342.png,DOC005,0,342,0,-0.12,the
006343.png,DOC005,0,343,0,-0.12,primary
006344.png,DOC005,0,344,0,-0.12,challenge
006345.png,DOC005,0,345,1,0.12,is
006346.png,DOC005,0,346,0,-0.12,overcoming
006347.png,DOC005,0,347,0,-0.12,the
006348.png,DOC005,0,348,1,0.12,physical
006349.png,DOC005,0,349,0,-0.12,channel
006350.png,DOC005,0,350,0,-0.12,introduced
006351.png,DOC005,0,351,0,-0.12,by
006352.png,DOC005,0,352,0,-0.12,printers
006353.png,DOC005,0,353,0,-0.12,and
006354.png,DOC005,0,354,1,0.12,smartphone
006355.png,DOC005,0,355,1,0.12,cameras.
006356.png,DOC005,0,356,0,-0.12,This
006357.png,DOC005,0,357,0,-0.12,requires
006358.png,DOC005,0,358,1,0.12,highly
006359.png,DOC005,0,359,1,0.12,error
006360.png,DOC005,0,360,0,-0.12,correction
006361.png,DOC005,0,361,1,0.12,"mechanisms,"
006362.png,DOC005,0,362,0,-0.12,such
006363.png,DOC005,0,363,1,0.12,as
006364.png,DOC005,0,364,0,-0.12,Reed-Solomon
006365.png,DOC005,0,365,0,-0.12,"coding,"
006366.png,DOC005,0,366,0,-0.12,combined
006367.png,DOC005,0,367,1,0.12,deep
006368.png,DOC005,0,368,1,0.12,learning-based
006369.png,DOC005,0,369,0,-0.12,document
006370.png,DOC005,0,370,0,-0.12,dewarping
006371.png,DOC005,0,371,1,0.12,and
006372.png,DOC005,0,372,0,-0.12,residual
006373.png,DOC005,0,373,0,-0.12,feature
006374.png,DOC005,0,374,0,-0.12,extraction
006375.png,DOC005,1,0,0,-0.12,CONFIDENTIAL
006376.png,DOC005,1,1,1,0.12,ENGINEERING
006377.png,DOC005,1,2,1,0.12,EXAM
006378.png,DOC005,1,3,1,0.12,-
006379.png,DOC005,1,4,1,0.12,PAGE
006380.png,DOC005,1,5,0,-0.12,QUESTION
006381.png,DOC005,1,6,0,-0.12,The
006382.png,DOC005,1,7,0,-0.12,rapid
006383.png,DOC005,1,8,0,-0.12,advancement
006384.png,DOC005,1,9,0,-0.12,of
006385.png,DOC005,1,10,1,0.12,artificial
006386.png,DOC005,1,11,1,0.12,intelligence
006387.png,DOC005,1,12,0,-0.12,and
006388.png,DOC005,1,13,0,-0.12,machine
006389.png,DOC005,1,14,0,-0.12,has
006390.png,DOC005,1,15,0,-0.12,fundamentally
006391.png,DOC005,1,16,0,-0.12,altered
006392.png,DOC005,1,17,1,0.12,the
006393.png,DOC005,1,18,0,-0.12,landscape
006394.png,DOC005,1,19,1,0.12,of
006395.png,DOC005,1,20,0,-0.12,modern
006396.png,DOC005,1,21,0,-0.12,computing.
006397.png,DOC005,1,22,1,0.12,When
006398.png,DOC005,1,23,1,0.12,scalable
006399.png,DOC005,1,24,0,-0.12,distributed
006400.png,DOC005,1,25,1,0.12,"systems,"
006401.png,DOC005,1,26,0,-0.12,engineers
006402.png,DOC005,1,27,0,-0.12,must
006403.png,DOC005,1,28,0,-0.12,carefully
006404.png,DOC005,1,29,0,-0.12,consider
006405.png,DOC005,1,30,0,-0.12,the
006406.png,DOC005,1,31,0,-0.12,between
006407.png,DOC005,1,32,0,-0.12,"latency,"
006408.png,DOC005,1,33,1,0.12,"throughput,"
006409.png,DOC005,1,34,0,-0.12,and
006410.png,DOC005,1,35,0,-0.12,fault
006411.png,DOC005,1,36,0,-0.12,tolerance.
006412.png,DOC005,1,37,0,-0.12,In
006413.png,DOC005,1,38,0,-0.12,the
006414.png,DOC005,1,39,1,0.12,context
006415.png,DOC005,1,40,0,-0.12,of
006416.png,DOC005,1,41,0,-0.12,"steganography,"
006417.png,DOC005,1,42,0,-0.12,the
006418.png,DOC005,1,43,0,-0.12,primary
006419.png,DOC005,1,44,0,-0.12,challenge
006420.png,DOC005,1,45,1,0.12,is
006421.png,DOC005,1,46,0,-0.12,overcoming
006422.png,DOC005,1,47,1,0.12,the
006423.png,DOC005,1,48,0,-0.12,physical
006424.png,DOC005,1,49,0,-0.12,channel
006425.png,DOC005,1,50,1,0.12,introduced
006426.png,DOC005,1,51,0,-0.12,by
006427.png,DOC005,1,52,1,0.12,printers
006428.png,DOC005,1,53,0,-0.12,and
006429.png,DOC005,1,54,0,-0.12,smartphone
006430.png,DOC005,1,55,0,-0.12,cameras.
006431.png,DOC005,1,56,0,-0.12,This
006432.png,DOC005,1,57,0,-0.12,requires
006433.png,DOC005,1,58,1,0.12,highly
006434.png,DOC005,1,59,0,-0.12,error
006435.png,DOC005,1,60,0,-0.12,correction
006436.png,DOC005,1,61,0,-0.12,"mechanisms,"
006437.png,DOC005,1,62,0,-0.12,such
006438.png,DOC005,1,63,1,0.12,as
006439.png,DOC005,1,64,0,-0.12,Reed-Solomon
006440.png,DOC005,1,65,0,-0.12,"coding,"
006441.png,DOC005,1,66,0,-0.12,combined
006442.png,DOC005,1,67,0,-0.12,deep
006443.png,DOC005,1,68,0,-0.12,learning-based
006444.png,DOC005,1,69,0,-0.12,document
006445.png,DOC005,1,70,1,0.12,dewarping
006446.png,DOC005,1,71,0,-0.12,and
006447.png,DOC005,1,72,1,0.12,residual
006448.png,DOC005,1,73,0,-0.12,feature
006449.png,DOC005,1,74,0,-0.12,extraction
006450.png,DOC005,1,75,0,-0.12,reliably
006451.png,DOC005,1,76,1,0.12,recover
006452.png,DOC005,1,77,1,0.12,the
006453.png,DOC005,1,78,0,-0.12,embedded
006454.png,DOC005,1,79,0,-0.12,cryptographic
006455.png,DOC005,1,80,0,-0.12,QUESTION
006456.png,DOC005,1,81,0,-0.12,The
006457.png,DOC005,1,82,1,0.12,rapid
006458.png,DOC005,1,83,1,0.12,advancement
006459.png,DOC005,1,84,0,-0.12,of
006460.png,DOC005,1,85,0,-0.12,artificial
006461.png,DOC005,1,86,0,-0.12,intelligence
006462.png,DOC005,1,87,0,-0.12,and
006463.png,DOC005,1,88,1,0.12,machine
006464.png,DOC005,1,89,0,-0.12,has
006465.png,DOC005,1,90,0,-0.12,fundamentally
006466.png,DOC005,1,91,1,0.12,altered
006467.png,DOC005,1,92,0,-0.12,the
006468.png,DOC005,1,93,0,-0.12,landscape
006469.png,DOC005,1,94,0,-0.12,of
006470.png,DOC005,1,95,0,-0.12,modern
006471.png,DOC005,1,96,0,-0.12,computing.
006472.png,DOC005,1,97,0,-0.12,When
006473.png,DOC005,1,98,1,0.12,scalable
006474.png,DOC005,1,99,0,-0.12,distributed
006475.png,DOC005,1,100,0,-0.12,"systems,"
006476.png,DOC005,1,101,0,-0.12,engineers
006477.png,DOC005,1,102,1,0.12,must
006478.png,DOC005,1,103,0,-0.12,carefully
006479.png,DOC005,1,104,0,-0.12,consider
006480.png,DOC005,1,105,0,-0.12,the
006481.png,DOC005,1,106,0,-0.12,between
006482.png,DOC005,1,107,0,-0.12,"latency,"
006483.png,DOC005,1,108,0,-0.12,"throughput,"
006484.png,DOC005,1,109,1,0.12,and
006485.png,DOC005,1,110,0,-0.12,fault
006486.png,DOC005,1,111,0,-0.12,tolerance.
006487.png,DOC005,1,112,0,-0.12,In
006488.png,DOC005,1,113,0,-0.12,the
006489.png,DOC005,1,114,1,0.12,context
006490.png,DOC005,1,115,0,-0.12,of
006491.png,DOC005,1,116,0,-0.12,"steganography,"
006492.png,DOC005,1,117,0,-0.12,the
006493.png,DOC005,1,118,0,-0.12,primary
006494.png,DOC005,1,119,0,-0.12,challenge
006495.png,DOC005,1,120,1,0.12,is
006496.png,DOC005,1,121,0,-0.12,overcoming
006497.png,DOC005,1,122,1,0.12,the
006498.png,DOC005,1,123,0,-0.12,physical
006499.png,DOC005,1,124,1,0.12,channel
006500.png,DOC005,1,125,1,0.12,introduced
006501.png,DOC005,1,126,0,-0.12,by
006502.png,DOC005,1,127,0,-0.12,printers
006503.png,DOC005,1,128,1,0.12,and
006504.png,DOC005,1,129,1,0.12,smartphone
006505.png,DOC005,1,130,0,-0.12,cameras.
006506.png,DOC005,1,131,0,-0.12,This
006507.png,DOC005,1,132,0,-0.12,requires
006508.png,DOC005,1,133,1,0.12,highly
006509.png,DOC005,1,134,1,0.12,error
006510.png,DOC005,1,135,0,-0.12,correction
006511.png,DOC005,1,136,1,0.12,"mechanisms,"
006512.png,DOC005,1,137,0,-0.12,such
006513.png,DOC005,1,138,0,-0.12,as
006514.png,DOC005,1,139,0,-0.12,Reed-Solomon
006515.png,DOC005,1,140,0,-0.12,"coding,"
006516.png,DOC005,1,141,0,-0.12,combined
006517.png,DOC005,1,142,1,0.12,deep
006518.png,DOC005,1,143,1,0.12,learning-based
006519.png,DOC005,1,144,0,-0.12,document
006520.png,DOC005,1,145,0,-0.12,dewarping
006521.png,DOC005,1,146,0,-0.12,and
006522.png,DOC005,1,147,0,-0.12,residual
006523.png,DOC005,1,148,1,0.12,feature
006524.png,DOC005,1,149,0,-0.12,extraction
006525.png,DOC005,1,150,0,-0.12,reliably
006526.png,DOC005,1,151,0,-0.12,recover
006527.png,DOC005,1,152,0,-0.12,the
006528.png,DOC005,1,153,0,-0.12,embedded
006529.png,DOC005,1,154,0,-0.12,cryptographic
006530.png,DOC005,1,155,0,-0.12,QUESTION
006531.png,DOC005,1,156,0,-0.12,The
006532.png,DOC005,1,157,1,0.12,rapid
006533.png,DOC005,1,158,0,-0.12,advancement
006534.png,DOC005,1,159,1,0.12,of
006535.png,DOC005,1,160,0,-0.12,artificial
006536.png,DOC005,1,161,1,0.12,intelligence
006537.png,DOC005,1,162,1,0.12,and
006538.png,DOC005,1,163,0,-0.12,machine
006539.png,DOC005,1,164,1,0.12,has
006540.png,DOC005,1,165,0,-0.12,fundamentally
006541.png,DOC005,1,166,0,-0.12,altered
006542.png,DOC005,1,167,0,-0.12,the
006543.png,DOC005,1,168,0,-0.12,landscape
006544.png,DOC005,1,169,0,-0.12,of
006545.png,DOC005,1,170,0,-0.12,modern
006546.png,DOC005,1,171,0,-0.12,computing.
006547.png,DOC005,1,172,0,-0.12,When
006548.png,DOC005,1,173,1,0.12,scalable
006549.png,DOC005,1,174,0,-0.12,distributed
006550.png,DOC005,1,175,1,0.12,"systems,"
006551.png,DOC005,1,176,0,-0.12,engineers
006552.png,DOC005,1,177,1,0.12,must
006553.png,DOC005,1,178,1,0.12,carefully
006554.png,DOC005,1,179,0,-0.12,consider
006555.png,DOC005,1,180,0,-0.12,the
006556.png,DOC005,1,181,0,-0.12,between
006557.png,DOC005,1,182,0,-0.12,"latency,"
006558.png,DOC005,1,183,0,-0.12,"throughput,"
006559.png,DOC005,1,184,1,0.12,and
006560.png,DOC005,1,185,0,-0.12,fault
006561.png,DOC005,1,186,0,-0.12,tolerance.
006562.png,DOC005,1,187,1,0.12,In
006563.png,DOC005,1,188,0,-0.12,the
006564.png,DOC005,1,189,0,-0.12,context
006565.png,DOC005,1,190,1,0.12,of
006566.png,DOC005,1,191,0,-0.12,"steganography,"
006567.png,DOC005,1,192,1,0.12,the
006568.png,DOC005,1,193,1,0.12,primary
006569.png,DOC005,1,194,0,-0.12,challenge
006570.png,DOC005,1,195,0,-0.12,is
006571.png,DOC005,1,196,0,-0.12,overcoming
006572.png,DOC005,1,197,0,-0.12,the
006573.png,DOC005,1,198,0,-0.12,physical
006574.png,DOC005,1,199,0,-0.12,channel
006575.png,DOC005,1,200,0,-0.12,introduced
006576.png,DOC005,1,201,1,0.12,by
006577.png,DOC005,1,202,0,-0.12,printers
006578.png,DOC005,1,203,1,0.12,and
006579.png,DOC005,1,204,0,-0.12,smartphone
006580.png,DOC005,1,205,0,-0.12,cameras.
006581.png,DOC005,1,206,1,0.12,This
006582.png,DOC005,1,207,0,-0.12,requires
006583.png,DOC005,1,208,0,-0.12,highly
006584.png,DOC005,1,209,0,-0.12,error
006585.png,DOC005,1,210,0,-0.12,correction
006586.png,DOC005,1,211,0,-0.12,"mechanisms,"
006587.png,DOC005,1,212,0,-0.12,such
006588.png,DOC005,1,213,1,0.12,as
006589.png,DOC005,1,214,0,-0.12,Reed-Solomon
006590.png,DOC005,1,215,1,0.12,"coding,"
006591.png,DOC005,1,216,1,0.12,combined
006592.png,DOC005,1,217,1,0.12,deep
006593.png,DOC005,1,218,0,-0.12,learning-based
006594.png,DOC005,1,219,0,-0.12,document
006595.png,DOC005,1,220,0,-0.12,dewarping
006596.png,DOC005,1,221,0,-0.12,and
006597.png,DOC005,1,222,0,-0.12,residual
006598.png,DOC005,1,223,0,-0.12,feature
006599.png,DOC005,1,224,1,0.12,extraction
006600.png,DOC005,1,225,0,-0.12,reliably
006601.png,DOC005,1,226,0,-0.12,recover
006602.png,DOC005,1,227,1,0.12,the
006603.png,DOC005,1,228,0,-0.12,embedded
006604.png,DOC005,1,229,0,-0.12,cryptographic
006605.png,DOC005,1,230,0,-0.12,QUESTION
006606.png,DOC005,1,231,1,0.12,The
006607.png,DOC005,1,232,0,-0.12,rapid
006608.png,DOC005,1,233,1,0.12,advancement
006609.png,DOC005,1,234,1,0.12,of
006610.png,DOC005,1,235,1,0.12,artificial
006611.png,DOC005,1,236,0,-0.12,intelligence
006612.png,DOC005,1,237,0,-0.12,and
006613.png,DOC005,1,238,1,0.12,machine
006614.png,DOC005,1,239,0,-0.12,has
006615.png,DOC005,1,240,0,-0.12,fundamentally
006616.png,DOC005,1,241,0,-0.12,altered
006617.png,DOC005,1,242,0,-0.12,the
006618.png,DOC005,1,243,0,-0.12,landscape
006619.png,DOC005,1,244,1,0.12,of
006620.png,DOC005,1,245,1,0.12,modern
006621.png,DOC005,1,246,0,-0.12,computing.
006622.png,DOC005,1,247,0,-0.12,When
006623.png,DOC005,1,248,1,0.12,scalable
006624.png,DOC005,1,249,0,-0.12,distributed
006625.png,DOC005,1,250,0,-0.12,"systems,"
006626.png,DOC005,1,251,1,0.12,engineers
006627.png,DOC005,1,252,0,-0.12,must
006628.png,DOC005,1,253,1,0.12,carefully
006629.png,DOC005,1,254,0,-0.12,consider
006630.png,DOC005,1,255,0,-0.12,the
006631.png,DOC005,1,256,1,0.12,between
006632.png,DOC005,1,257,0,-0.12,"latency,"
006633.png,DOC005,1,258,0,-0.12,"throughput,"
006634.png,DOC005,1,259,0,-0.12,and
006635.png,DOC005,1,260,1,0.12,fault
006636.png,DOC005,1,261,1,0.12,tolerance.
006637.png,DOC005,1,262,1,0.12,In
006638.png,DOC005,1,263,1,0.12,the
006639.png,DOC005,1,264,0,-0.12,context
006640.png,DOC005,1,265,0,-0.12,of
006641.png,DOC005,1,266,1,0.12,"steganography,"
006642.png,DOC005,1,267,1,0.12,the
006643.png,DOC005,1,268,1,0.12,primary
006644.png,DOC005,1,269,0,-0.12,challenge
006645.png,DOC005,1,270,0,-0.12,is
006646.png,DOC005,1,271,1,0.12,overcoming
006647.png,DOC005,1,272,0,-0.12,the
006648.png,DOC005,1,273,0,-0.12,physical
006649.png,DOC005,1,274,0,-0.12,channel
006650.png,DOC005,1,275,0,-0.12,introduced
006651.png,DOC005,1,276,1,0.12,by
006652.png,DOC005,1,277,0,-0.12,printers
006653.png,DOC005,1,278,0,-0.12,and
006654.png,DOC005,1,279,0,-0.12,smartphone
006655.png,DOC005,1,280,0,-0.12,cameras.
006656.png,DOC005,1,281,1,0.12,This
006657.png,DOC005,1,282,0,-0.12,requires
006658.png,DOC005,1,283,1,0.12,highly
006659.png,DOC005,1,284,0,-0.12,error
006660.png,DOC005,1,285,0,-0.12,correction
006661.png,DOC005,1,286,0,-0.12,"mechanisms,"
006662.png,DOC005,1,287,0,-0.12,such
006663.png,DOC005,1,288,0,-0.12,as
006664.png,DOC005,1,289,0,-0.12,Reed-Solomon
006665.png,DOC005,1,290,0,-0.12,"coding,"
006666.png,DOC005,1,291,0,-0.12,combined
006667.png,DOC005,1,292,0,-0.12,deep
006668.png,DOC005,1,293,1,0.12,learning-based
006669.png,DOC005,1,294,0,-0.12,document
006670.png,DOC005,1,295,0,-0.12,dewarping
006671.png,DOC005,1,296,0,-0.12,and
006672.png,DOC005,1,297,1,0.12,residual
006673.png,DOC005,1,298,0,-0.12,feature
006674.png,DOC005,1,299,1,0.12,extraction
006675.png,DOC005,1,300,0,-0.12,reliably
006676.png,DOC005,1,301,0,-0.12,recover
006677.png,DOC005,1,302,0,-0.12,the
006678.png,DOC005,1,303,0,-0.12,embedded
006679.png,DOC005,1,304,1,0.12,cryptographic
006680.png,DOC005,1,305,1,0.12,QUESTION
006681.png,DOC005,1,306,0,-0.12,The
006682.png,DOC005,1,307,0,-0.12,rapid
006683.png,DOC005,1,308,1,0.12,advancement
006684.png,DOC005,1,309,0,-0.12,of
006685.png,DOC005,1,310,0,-0.12,artificial
006686.png,DOC005,1,311,0,-0.12,intelligence
006687.png,DOC005,1,312,0,-0.12,and
006688.png,DOC005,1,313,0,-0.12,machine
006689.png,DOC005,1,314,1,0.12,has
006690.png,DOC005,1,315,1,0.12,fundamentally
006691.png,DOC005,1,316,0,-0.12,altered
006692.png,DOC005,1,317,0,-0.12,the
006693.png,DOC005,1,318,0,-0.12,landscape
006694.png,DOC005,1,319,1,0.12,of
006695.png,DOC005,1,320,0,-0.12,modern
006696.png,DOC005,1,321,1,0.12,computing.
006697.png,DOC005,1,322,1,0.12,When
006698.png,DOC005,1,323,1,0.12,scalable
006699.png,DOC005,1,324,0,-0.12,distributed
006700.png,DOC005,1,325,0,-0.12,"systems,"
006701.png,DOC005,1,326,1,0.12,engineers
006702.png,DOC005,1,327,1,0.12,must
006703.png,DOC005,1,328,0,-0.12,carefully
006704.png,DOC005,1,329,1,0.12,consider
006705.png,DOC005,1,330,0,-0.12,the
006706.png,DOC005,1,331,1,0.12,between
006707.png,DOC005,1,332,0,-0.12,"latency,"
006708.png,DOC005,1,333,0,-0.12,"throughput,"
006709.png,DOC005,1,334,0,-0.12,and
006710.png,DOC005,1,335,1,0.12,fault
006711.png,DOC005,1,336,0,-0.12,tolerance.
006712.png,DOC005,1,337,1,0.12,In
006713.png,DOC005,1,338,0,-0.12,the
006714.png,DOC005,1,339,1,0.12,context
006715.png,DOC005,1,340,0,-0.12,of
006716.png,DOC005,1,341,0,-0.12,"steganography,"
006717.png,DOC005,1,342,0,-0.12,the
006718.png,DOC005,1,343,1,0.12,primary
006719.png,DOC005,1,344,0,-0.12,challenge
006720.png,DOC005,1,345,0,-0.12,is
006721.png,DOC005,1,346,0,-0.12,overcoming
006722.png,DOC005,1,347,0,-0.12,the
006723.png,DOC005,1,348,0,-0.12,physical
006724.png,DOC005,1,349,0,-0.12,channel
006725.png,DOC005,1,350,1,0.12,introduced
006726.png,DOC005,1,351,1,0.12,by
006727.png,DOC005,1,352,0,-0.12,printers
006728.png,DOC005,1,353,0,-0.12,and
006729.png,DOC005,1,354,0,-0.12,smartphone
006730.png,DOC005,1,355,0,-0.12,cameras.
006731.png,DOC005,1,356,0,-0.12,This
006732.png,DOC005,1,357,0,-0.12,requires
006733.png,DOC005,1,358,0,-0.12,highly
006734.png,DOC005,1,359,0,-0.12,error
006735.png,DOC005,1,360,0,-0.12,correction
006736.png,DOC005,1,361,0,-0.12,"mechanisms,"
006737.png,DOC005,1,362,1,0.12,such
006738.png,DOC005,1,363,0,-0.12,as
006739.png,DOC005,1,364,0,-0.12,Reed-Solomon
006740.png,DOC005,1,365,0,-0.12,"coding,"
006741.png,DOC005,1,366,0,-0.12,combined
006742.png,DOC005,1,367,0,-0.12,deep
006743.png,DOC005,1,368,1,0.12,learning-based
006744.png,DOC005,1,369,0,-0.12,document
006745.png,DOC005,1,370,1,0.12,dewarping
006746.png,DOC005,1,371,0,-0.12,and
006747.png,DOC005,1,372,1,0.12,residual
006748.png,DOC005,1,373,0,-0.12,feature
006749.png,DOC005,1,374,0,-0.12,extraction
006750.png,DOC005,2,0,0,-0.12,CONFIDENTIAL
006751.png,DOC005,2,1,1,0.12,ENGINEERING
006752.png,DOC005,2,2,1,0.12,EXAM
006753.png,DOC005,2,3,0,-0.12,-
006754.png,DOC005,2,4,0,-0.12,PAGE
006755.png,DOC005,2,5,0,-0.12,QUESTION
006756.png,DOC005,2,6,1,0.12,The
006757.png,DOC005,2,7,1,0.12,rapid
006758.png,DOC005,2,8,0,-0.12,advancement
006759.png,DOC005,2,9,0,-0.12,of
006760.png,DOC005,2,10,0,-0.12,artificial
006761.png,DOC005,2,11,0,-0.12,intelligence
006762.png,DOC005,2,12,0,-0.12,and
006763.png,DOC005,2,13,1,0.12,machine
006764.png,DOC005,2,14,0,-0.12,has
006765.png,DOC005,2,15,1,0.12,fundamentally
006766.png,DOC005,2,16,0,-0.12,altered
006767.png,DOC005,2,17,1,0.12,the
006768.png,DOC005,2,18,0,-0.12,landscape
006769.png,DOC005,2,19,0,-0.12,of
006770.png,DOC005,2,20,0,-0.12,modern
006771.png,DOC005,2,21,1,0.12,computing.
006772.png,DOC005,2,22,1,0.12,When
006773.png,DOC005,2,23,0,-0.12,scalable
006774.png,DOC005,2,24,0,-0.12,distributed
006775.png,DOC005,2,25,0,-0.12,"systems,"
006776.png,DOC005,2,26,0,-0.12,engineers
006777.png,DOC005,2,27,0,-0.12,must
006778.png,DOC005,2,28,0,-0.12,carefully
006779.png,DOC005,2,29,1,0.12,consider
006780.png,DOC005,2,30,1,0.12,the
006781.png,DOC005,2,31,0,-0.12,between
006782.png,DOC005,2,32,0,-0.12,"latency,"
006783.png,DOC005,2,33,1,0.12,"throughput,"
006784.png,DOC005,2,34,1,0.12,and
006785.png,DOC005,2,35,0,-0.12,fault
006786.png,DOC005,2,36,0,-0.12,tolerance.
006787.png,DOC005,2,37,0,-0.12,In
006788.png,DOC005,2,38,0,-0.12,the
006789.png,DOC005,2,39,0,-0.12,context
006790.png,DOC005,2,40,0,-0.12,of
006791.png,DOC005,2,41,0,-0.12,"steganography,"
006792.png,DOC005,2,42,0,-0.12,the
006793.png,DOC005,2,43,0,-0.12,primary
006794.png,DOC005,2,44,1,0.12,challenge
006795.png,DOC005,2,45,0,-0.12,is
006796.png,DOC005,2,46,0,-0.12,overcoming
006797.png,DOC005,2,47,0,-0.12,the
006798.png,DOC005,2,48,1,0.12,physical
006799.png,DOC005,2,49,1,0.12,channel
006800.png,DOC005,2,50,1,0.12,introduced
006801.png,DOC005,2,51,1,0.12,by
006802.png,DOC005,2,52,0,-0.12,printers
006803.png,DOC005,2,53,0,-0.12,and
006804.png,DOC005,2,54,1,0.12,smartphone
006805.png,DOC005,2,55,0,-0.12,cameras.
006806.png,DOC005,2,56,0,-0.12,This
006807.png,DOC005,2,57,0,-0.12,requires
006808.png,DOC005,2,58,1,0.12,highly
006809.png,DOC005,2,59,1,0.12,error
006810.png,DOC005,2,60,1,0.12,correction
006811.png,DOC005,2,61,0,-0.12,"mechanisms,"
006812.png,DOC005,2,62,0,-0.12,such
006813.png,DOC005,2,63,0,-0.12,as
006814.png,DOC005,2,64,0,-0.12,Reed-Solomon
006815.png,DOC005,2,65,1,0.12,"coding,"
006816.png,DOC005,2,66,0,-0.12,combined
006817.png,DOC005,2,67,1,0.12,deep
006818.png,DOC005,2,68,0,-0.12,learning-based
006819.png,DOC005,2,69,1,0.12,document
006820.png,DOC005,2,70,0,-0.12,dewarping
006821.png,DOC005,2,71,0,-0.12,and
006822.png,DOC005,2,72,0,-0.12,residual
006823.png,DOC005,2,73,0,-0.12,feature
006824.png,DOC005,2,74,0,-0.12,extraction
006825.png,DOC005,2,75,0,-0.12,reliably
006826.png,DOC005,2,76,1,0.12,recover
006827.png,DOC005,2,77,0,-0.12,the
006828.png,DOC005,2,78,0,-0.12,embedded
006829.png,DOC005,2,79,1,0.12,cryptographic
006830.png,DOC005,2,80,0,-0.12,QUESTION
006831.png,DOC005,2,81,1,0.12,The
006832.png,DOC005,2,82,1,0.12,rapid
006833.png,DOC005,2,83,1,0.12,advancement
006834.png,DOC005,2,84,1,0.12,of
006835.png,DOC005,2,85,0,-0.12,artificial
006836.png,DOC005,2,86,0,-0.12,intelligence
006837.png,DOC005,2,87,1,0.12,and
006838.png,DOC005,2,88,0,-0.12,machine
006839.png,DOC005,2,89,0,-0.12,has
006840.png,DOC005,2,90,0,-0.12,fundamentally
006841.png,DOC005,2,91,0,-0.12,altered
006842.png,DOC005,2,92,0,-0.12,the
006843.png,DOC005,2,93,0,-0.12,landscape
006844.png,DOC005,2,94,0,-0.12,of
006845.png,DOC005,2,95,0,-0.12,modern
006846.png,DOC005,2,96,1,0.12,computing.
006847.png,DOC005,2,97,0,-0.12,When
006848.png,DOC005,2,98,0,-0.12,scalable
006849.png,DOC005,2,99,0,-0.12,distributed
006850.png,DOC005,2,100,0,-0.12,"systems,"
006851.png,DOC005,2,101,0,-0.12,engineers
006852.png,DOC005,2,102,0,-0.12,must
006853.png,DOC005,2,103,1,0.12,carefully
006854.png,DOC005,2,104,0,-0.12,consider
006855.png,DOC005,2,105,0,-0.12,the
006856.png,DOC005,2,106,0,-0.12,between
006857.png,DOC005,2,107,0,-0.12,"latency,"
006858.png,DOC005,2,108,0,-0.12,"throughput,"
006859.png,DOC005,2,109,1,0.12,and
006860.png,DOC005,2,110,0,-0.12,fault
006861.png,DOC005,2,111,0,-0.12,tolerance.
006862.png,DOC005,2,112,0,-0.12,In
006863.png,DOC005,2,113,0,-0.12,the
006864.png,DOC005,2,114,0,-0.12,context
006865.png,DOC005,2,115,0,-0.12,of
006866.png,DOC005,2,116,0,-0.12,"steganography,"
006867.png,DOC005,2,117,1,0.12,the
006868.png,DOC005,2,118,0,-0.12,primary
006869.png,DOC005,2,119,1,0.12,challenge
006870.png,DOC005,2,120,1,0.12,is
006871.png,DOC005,2,121,1,0.12,overcoming
006872.png,DOC005,2,122,1,0.12,the
006873.png,DOC005,2,123,0,-0.12,physical
006874.png,DOC005,2,124,1,0.12,channel
006875.png,DOC005,2,125,0,-0.12,introduced
006876.png,DOC005,2,126,0,-0.12,by
006877.png,DOC005,2,127,1,0.12,printers
006878.png,DOC005,2,128,1,0.12,and
006879.png,DOC005,2,129,1,0.12,smartphone
006880.png,DOC005,2,130,1,0.12,cameras.
006881.png,DOC005,2,131,0,-0.12,This
006882.png,DOC005,2,132,0,-0.12,requires
006883.png,DOC005,2,133,1,0.12,highly
006884.png,DOC005,2,134,0,-0.12,error
006885.png,DOC005,2,135,0,-0.12,correction
006886.png,DOC005,2,136,0,-0.12,"mechanisms,"
006887.png,DOC005,2,137,0,-0.12,such
006888.png,DOC005,2,138,1,0.12,as
006889.png,DOC005,2,139,0,-0.12,Reed-Solomon
006890.png,DOC005,2,140,0,-0.12,"coding,"
006891.png,DOC005,2,141,0,-0.12,combined
006892.png,DOC005,2,142,0,-0.12,deep
006893.png,DOC005,2,143,1,0.12,learning-based
006894.png,DOC005,2,144,0,-0.12,document
006895.png,DOC005,2,145,0,-0.12,dewarping
006896.png,DOC005,2,146,0,-0.12,and
006897.png,DOC005,2,147,1,0.12,residual
006898.png,DOC005,2,148,1,0.12,feature
006899.png,DOC005,2,149,0,-0.12,extraction
006900.png,DOC005,2,150,0,-0.12,reliably
006901.png,DOC005,2,151,1,0.12,recover
006902.png,DOC005,2,152,0,-0.12,the
006903.png,DOC005,2,153,0,-0.12,embedded
006904.png,DOC005,2,154,0,-0.12,cryptographic
006905.png,DOC005,2,155,0,-0.12,QUESTION
006906.png,DOC005,2,156,0,-0.12,The
006907.png,DOC005,2,157,0,-0.12,rapid
006908.png,DOC005,2,158,1,0.12,advancement
006909.png,DOC005,2,159,1,0.12,of
006910.png,DOC005,2,160,0,-0.12,artificial
006911.png,DOC005,2,161,1,0.12,intelligence
006912.png,DOC005,2,162,1,0.12,and
006913.png,DOC005,2,163,0,-0.12,machine
006914.png,DOC005,2,164,0,-0.12,has
006915.png,DOC005,2,165,0,-0.12,fundamentally
006916.png,DOC005,2,166,0,-0.12,altered
006917.png,DOC005,2,167,0,-0.12,the
006918.png,DOC005,2,168,1,0.12,landscape
006919.png,DOC005,2,169,0,-0.12,of
006920.png,DOC005,2,170,1,0.12,modern
006921.png,DOC005,2,171,0,-0.12,computing.
006922.png,DOC005,2,172,0,-0.12,When
006923.png,DOC005,2,173,0,-0.12,scalable
006924.png,DOC005,2,174,0,-0.12,distributed
006925.png,DOC005,2,175,0,-0.12,"systems,"
006926.png,DOC005,2,176,0,-0.12,engineers
006927.png,DOC005,2,177,0,-0.12,must
006928.png,DOC005,2,178,0,-0.12,carefully
006929.png,DOC005,2,179,0,-0.12,consider
006930.png,DOC005,2,180,0,-0.12,the
006931.png,DOC005,2,181,0,-0.12,between
006932.png,DOC005,2,182,0,-0.12,"latency,"
006933.png,DOC005,2,183,0,-0.12,"throughput,"
006934.png,DOC005,2,184,0,-0.12,and
006935.png,DOC005,2,185,0,-0.12,fault
006936.png,DOC005,2,186,0,-0.12,tolerance.
006937.png,DOC005,2,187,0,-0.12,In
006938.png,DOC005,2,188,1,0.12,the
006939.png,DOC005,2,189,1,0.12,context
006940.png,DOC005,2,190,0,-0.12,of
006941.png,DOC005,2,191,0,-0.12,"steganography,"
006942.png,DOC005,2,192,1,0.12,the
006943.png,DOC005,2,193,1,0.12,primary
006944.png,DOC005,2,194,1,0.12,challenge
006945.png,DOC005,2,195,0,-0.12,is
006946.png,DOC005,2,196,0,-0.12,overcoming
006947.png,DOC005,2,197,0,-0.12,the
006948.png,DOC005,2,198,0,-0.12,physical
006949.png,DOC005,2,199,0,-0.12,channel
006950.png,DOC005,2,200,1,0.12,introduced
006951.png,DOC005,2,201,0,-0.12,by
006952.png,DOC005,2,202,0,-0.12,printers
006953.png,DOC005,2,203,0,-0.12,and
006954.png,DOC005,2,204,1,0.12,smartphone
006955.png,DOC005,2,205,0,-0.12,cameras.
006956.png,DOC005,2,206,0,-0.12,This
006957.png,DOC005,2,207,0,-0.12,requires
006958.png,DOC005,2,208,0,-0.12,highly
006959.png,DOC005,2,209,0,-0.12,error
006960.png,DOC005,2,210,0,-0.12,correction
006961.png,DOC005,2,211,0,-0.12,"mechanisms,"
006962.png,DOC005,2,212,0,-0.12,such
006963.png,DOC005,2,213,0,-0.12,as
006964.png,DOC005,2,214,1,0.12,Reed-Solomon
006965.png,DOC005,2,215,0,-0.12,"coding,"
006966.png,DOC005,2,216,0,-0.12,combined
006967.png,DOC005,2,217,0,-0.12,deep
006968.png,DOC005,2,218,0,-0.12,learning-based
006969.png,DOC005,2,219,0,-0.12,document
006970.png,DOC005,2,220,0,-0.12,dewarping
006971.png,DOC005,2,221,0,-0.12,and
006972.png,DOC005,2,222,1,0.12,residual
006973.png,DOC005,2,223,0,-0.12,feature
006974.png,DOC005,2,224,0,-0.12,extraction
006975.png,DOC005,2,225,0,-0.12,reliably
006976.png,DOC005,2,226,1,0.12,recover
006977.png,DOC005,2,227,1,0.12,the
006978.png,DOC005,2,228,0,-0.12,embedded
006979.png,DOC005,2,229,0,-0.12,cryptographic
006980.png,DOC005,2,230,0,-0.12,QUESTION
006981.png,DOC005,2,231,0,-0.12,The
006982.png,DOC005,2,232,0,-0.12,rapid
006983.png,DOC005,2,233,0,-0.12,advancement
006984.png,DOC005,2,234,1,0.12,of
006985.png,DOC005,2,235,0,-0.12,artificial
006986.png,DOC005,2,236,0,-0.12,intelligence
006987.png,DOC005,2,237,0,-0.12,and
006988.png,DOC005,2,238,1,0.12,machine
006989.png,DOC005,2,239,0,-0.12,has
006990.png,DOC005,2,240,0,-0.12,fundamentally
006991.png,DOC005,2,241,1,0.12,altered
006992.png,DOC005,2,242,1,0.12,the
006993.png,DOC005,2,243,0,-0.12,landscape
006994.png,DOC005,2,244,0,-0.12,of
006995.png,DOC005,2,245,1,0.12,modern
006996.png,DOC005,2,246,0,-0.12,computing.
006997.png,DOC005,2,247,0,-0.12,When
006998.png,DOC005,2,248,1,0.12,scalable
006999.png,DOC005,2,249,0,-0.12,distributed
007000.png,DOC005,2,250,0,-0.12,"systems,"
007001.png,DOC005,2,251,0,-0.12,engineers
007002.png,DOC005,2,252,0,-0.12,must
007003.png,DOC005,2,253,0,-0.12,carefully
007004.png,DOC005,2,254,0,-0.12,consider
007005.png,DOC005,2,255,0,-0.12,the
007006.png,DOC005,2,256,0,-0.12,between
007007.png,DOC005,2,257,1,0.12,"latency,"
007008.png,DOC005,2,258,0,-0.12,"throughput,"
007009.png,DOC005,2,259,0,-0.12,and
007010.png,DOC005,2,260,0,-0.12,fault
007011.png,DOC005,2,261,0,-0.12,tolerance.
007012.png,DOC005,2,262,0,-0.12,In
007013.png,DOC005,2,263,1,0.12,the
007014.png,DOC005,2,264,1,0.12,context
007015.png,DOC005,2,265,0,-0.12,of
007016.png,DOC005,2,266,1,0.12,"steganography,"
007017.png,DOC005,2,267,0,-0.12,the
007018.png,DOC005,2,268,1,0.12,primary
007019.png,DOC005,2,269,0,-0.12,challenge
007020.png,DOC005,2,270,0,-0.12,is
007021.png,DOC005,2,271,1,0.12,overcoming
007022.png,DOC005,2,272,0,-0.12,the
007023.png,DOC005,2,273,0,-0.12,physical
007024.png,DOC005,2,274,0,-0.12,channel
007025.png,DOC005,2,275,1,0.12,introduced
007026.png,DOC005,2,276,0,-0.12,by
007027.png,DOC005,2,277,0,-0.12,printers
007028.png,DOC005,2,278,1,0.12,and
007029.png,DOC005,2,279,1,0.12,smartphone
007030.png,DOC005,2,280,0,-0.12,cameras.
007031.png,DOC005,2,281,0,-0.12,This
007032.png,DOC005,2,282,0,-0.12,requires
007033.png,DOC005,2,283,1,0.12,highly
007034.png,DOC005,2,284,1,0.12,error
007035.png,DOC005,2,285,0,-0.12,correction
007036.png,DOC005,2,286,0,-0.12,"mechanisms,"
007037.png,DOC005,2,287,0,-0.12,such
007038.png,DOC005,2,288,0,-0.12,as
007039.png,DOC005,2,289,0,-0.12,Reed-Solomon
007040.png,DOC005,2,290,0,-0.12,"coding,"
007041.png,DOC005,2,291,1,0.12,combined
007042.png,DOC005,2,292,1,0.12,deep
007043.png,DOC005,2,293,0,-0.12,learning-based
007044.png,DOC005,2,294,1,0.12,document
007045.png,DOC005,2,295,0,-0.12,dewarping
007046.png,DOC005,2,296,1,0.12,and
007047.png,DOC005,2,297,0,-0.12,residual
007048.png,DOC005,2,298,0,-0.12,feature
007049.png,DOC005,2,299,0,-0.12,extraction
007050.png,DOC005,2,300,0,-0.12,reliably
007051.png,DOC005,2,301,1,0.12,recover
007052.png,DOC005,2,302,1,0.12,the
007053.png,DOC005,2,303,1,0.12,embedded
007054.png,DOC005,2,304,0,-0.12,cryptographic
007055.png,DOC005,2,305,1,0.12,QUESTION
007056.png,DOC005,2,306,0,-0.12,The
007057.png,DOC005,2,307,0,-0.12,rapid
007058.png,DOC005,2,308,0,-0.12,advancement
007059.png,DOC005,2,309,0,-0.12,of
007060.png,DOC005,2,310,0,-0.12,artificial
007061.png,DOC005,2,311,0,-0.12,intelligence
007062.png,DOC005,2,312,1,0.12,and
007063.png,DOC005,2,313,1,0.12,machine
007064.png,DOC005,2,314,0,-0.12,has
007065.png,DOC005,2,315,0,-0.12,fundamentally
007066.png,DOC005,2,316,0,-0.12,altered
007067.png,DOC005,2,317,0,-0.12,the
007068.png,DOC005,2,318,1,0.12,landscape
007069.png,DOC005,2,319,0,-0.12,of
007070.png,DOC005,2,320,0,-0.12,modern
007071.png,DOC005,2,321,1,0.12,computing.
007072.png,DOC005,2,322,1,0.12,When
007073.png,DOC005,2,323,0,-0.12,scalable
007074.png,DOC005,2,324,1,0.12,distributed
007075.png,DOC005,2,325,1,0.12,"systems,"
007076.png,DOC005,2,326,1,0.12,engineers
007077.png,DOC005,2,327,0,-0.12,must
007078.png,DOC005,2,328,0,-0.12,carefully
007079.png,DOC005,2,329,0,-0.12,consider
007080.png,DOC005,2,330,0,-0.12,the
007081.png,DOC005,2,331,1,0.12,between
007082.png,DOC005,2,332,0,-0.12,"latency,"
007083.png,DOC005,2,333,0,-0.12,"throughput,"
007084.png,DOC005,2,334,0,-0.12,and
007085.png,DOC005,2,335,1,0.12,fault
007086.png,DOC005,2,336,0,-0.12,tolerance.
007087.png,DOC005,2,337,0,-0.12,In
007088.png,DOC005,2,338,0,-0.12,the
007089.png,DOC005,2,339,0,-0.12,context
007090.png,DOC005,2,340,1,0.12,of
007091.png,DOC005,2,341,1,0.12,"steganography,"
007092.png,DOC005,2,342,0,-0.12,the
007093.png,DOC005,2,343,0,-0.12,primary
007094.png,DOC005,2,344,1,0.12,challenge
007095.png,DOC005,2,345,0,-0.12,is
007096.png,DOC005,2,346,0,-0.12,overcoming
007097.png,DOC005,2,347,0,-0.12,the
007098.png,DOC005,2,348,1,0.12,physical
007099.png,DOC005,2,349,0,-0.12,channel
007100.png,DOC005,2,350,0,-0.12,introduced
007101.png,DOC005,2,351,0,-0.12,by
007102.png,DOC005,2,352,0,-0.12,printers
007103.png,DOC005,2,353,1,0.12,and
007104.png,DOC005,2,354,0,-0.12,smartphone
007105.png,DOC005,2,355,0,-0.12,cameras.
007106.png,DOC005,2,356,0,-0.12,This
007107.png,DOC005,2,357,0,-0.12,requires
007108.png,DOC005,2,358,0,-0.12,highly
007109.png,DOC005,2,359,0,-0.12,error
007110.png,DOC005,2,360,1,0.12,correction
007111.png,DOC005,2,361,0,-0.12,"mechanisms,"
007112.png,DOC005,2,362,0,-0.12,such
007113.png,DOC005,2,363,1,0.12,as
007114.png,DOC005,2,364,1,0.12,Reed-Solomon
007115.png,DOC005,2,365,0,-0.12,"coding,"
007116.png,DOC005,2,366,1,0.12,combined
007117.png,DOC005,2,367,0,-0.12,deep
007118.png,DOC005,2,368,0,-0.12,learning-based
007119.png,DOC005,2,369,0,-0.12,document
007120.png,DOC005,2,370,1,0.12,dewarping
007121.png,DOC005,2,371,0,-0.12,and
007122.png,DOC005,2,372,0,-0.12,residual
007123.png,DOC005,2,373,1,0.12,feature
007124.png,DOC005,2,374,0,-0.12,extraction
007125.png,DOC005,3,0,0,-0.12,CONFIDENTIAL
007126.png,DOC005,3,1,1,0.12,ENGINEERING
007127.png,DOC005,3,2,0,-0.12,EXAM
007128.png,DOC005,3,3,0,-0.12,-
007129.png,DOC005,3,4,0,-0.12,PAGE
007130.png,DOC005,3,5,0,-0.12,QUESTION
007131.png,DOC005,3,6,0,-0.12,The
007132.png,DOC005,3,7,0,-0.12,rapid
007133.png,DOC005,3,8,0,-0.12,advancement
007134.png,DOC005,3,9,0,-0.12,of
007135.png,DOC005,3,10,1,0.12,artificial
007136.png,DOC005,3,11,0,-0.12,intelligence
007137.png,DOC005,3,12,1,0.12,and
007138.png,DOC005,3,13,1,0.12,machine
007139.png,DOC005,3,14,1,0.12,has
007140.png,DOC005,3,15,0,-0.12,fundamentally
007141.png,DOC005,3,16,0,-0.12,altered
007142.png,DOC005,3,17,0,-0.12,the
007143.png,DOC005,3,18,0,-0.12,landscape
007144.png,DOC005,3,19,1,0.12,of
007145.png,DOC005,3,20,0,-0.12,modern
007146.png,DOC005,3,21,1,0.12,computing.
007147.png,DOC005,3,22,1,0.12,When
007148.png,DOC005,3,23,1,0.12,scalable
007149.png,DOC005,3,24,0,-0.12,distributed
007150.png,DOC005,3,25,0,-0.12,"systems,"
007151.png,DOC005,3,26,0,-0.12,engineers
007152.png,DOC005,3,27,1,0.12,must
007153.png,DOC005,3,28,0,-0.12,carefully
007154.png,DOC005,3,29,0,-0.12,consider
007155.png,DOC005,3,30,0,-0.12,the
007156.png,DOC005,3,31,0,-0.12,between
007157.png,DOC005,3,32,0,-0.12,"latency,"
007158.png,DOC005,3,33,0,-0.12,"throughput,"
007159.png,DOC005,3,34,0,-0.12,and
007160.png,DOC005,3,35,0,-0.12,fault
007161.png,DOC005,3,36,1,0.12,tolerance.
007162.png,DOC005,3,37,0,-0.12,In
007163.png,DOC005,3,38,1,0.12,the
007164.png,DOC005,3,39,1,0.12,context
007165.png,DOC005,3,40,0,-0.12,of
007166.png,DOC005,3,41,0,-0.12,"steganography,"
007167.png,DOC005,3,42,0,-0.12,the
007168.png,DOC005,3,43,1,0.12,primary
007169.png,DOC005,3,44,0,-0.12,challenge
007170.png,DOC005,3,45,0,-0.12,is
007171.png,DOC005,3,46,0,-0.12,overcoming
007172.png,DOC005,3,47,1,0.12,the
007173.png,DOC005,3,48,0,-0.12,physical
007174.png,DOC005,3,49,0,-0.12,channel
007175.png,DOC005,3,50,0,-0.12,introduced
007176.png,DOC005,3,51,1,0.12,by
007177.png,DOC005,3,52,0,-0.12,printers
007178.png,DOC005,3,53,0,-0.12,and
007179.png,DOC005,3,54,0,-0.12,smartphone
007180.png,DOC005,3,55,0,-0.12,cameras.
007181.png,DOC005,3,56,0,-0.12,This
007182.png,DOC005,3,57,1,0.12,requires
007183.png,DOC005,3,58,1,0.12,highly
007184.png,DOC005,3,59,1,0.12,error
007185.png,DOC005,3,60,0,-0.12,correction
007186.png,DOC005,3,61,0,-0.12,"mechanisms,"
007187.png,DOC005,3,62,1,0.12,such
007188.png,DOC005,3,63,1,0.12,as
007189.png,DOC005,3,64,0,-0.12,Reed-Solomon
007190.png,DOC005,3,65,0,-0.12,"coding,"
007191.png,DOC005,3,66,0,-0.12,combined
007192.png,DOC005,3,67,0,-0.12,deep
007193.png,DOC005,3,68,1,0.12,learning-based
007194.png,DOC005,3,69,0,-0.12,document
007195.png,DOC005,3,70,0,-0.12,dewarping
007196.png,DOC005,3,71,0,-0.12,and
007197.png,DOC005,3,72,0,-0.12,residual
007198.png,DOC005,3,73,0,-0.12,feature
007199.png,DOC005,3,74,0,-0.12,extraction
007200.png,DOC005,3,75,0,-0.12,reliably
007201.png,DOC005,3,76,0,-0.12,recover
007202.png,DOC005,3,77,0,-0.12,the
007203.png,DOC005,3,78,1,0.12,embedded
007204.png,DOC005,3,79,1,0.12,cryptographic
007205.png,DOC005,3,80,1,0.12,QUESTION
007206.png,DOC005,3,81,0,-0.12,The
007207.png,DOC005,3,82,0,-0.12,rapid
007208.png,DOC005,3,83,1,0.12,advancement
007209.png,DOC005,3,84,0,-0.12,of
007210.png,DOC005,3,85,0,-0.12,artificial
007211.png,DOC005,3,86,0,-0.12,intelligence
007212.png,DOC005,3,87,0,-0.12,and
007213.png,DOC005,3,88,0,-0.12,machine
007214.png,DOC005,3,89,0,-0.12,has
007215.png,DOC005,3,90,0,-0.12,fundamentally
007216.png,DOC005,3,91,1,0.12,altered
007217.png,DOC005,3,92,0,-0.12,the
007218.png,DOC005,3,93,0,-0.12,landscape
007219.png,DOC005,3,94,1,0.12,of
007220.png,DOC005,3,95,0,-0.12,modern
007221.png,DOC005,3,96,0,-0.12,computing.
007222.png,DOC005,3,97,0,-0.12,When
007223.png,DOC005,3,98,1,0.12,scalable
007224.png,DOC005,3,99,1,0.12,distributed
007225.png,DOC005,3,100,0,-0.12,"systems,"
007226.png,DOC005,3,101,1,0.12,engineers
007227.png,DOC005,3,102,0,-0.12,must
007228.png,DOC005,3,103,0,-0.12,carefully
007229.png,DOC005,3,104,0,-0.12,consider
007230.png,DOC005,3,105,1,0.12,the
007231.png,DOC005,3,106,1,0.12,between
007232.png,DOC005,3,107,0,-0.12,"latency,"
007233.png,DOC005,3,108,0,-0.12,"throughput,"
007234.png,DOC005,3,109,0,-0.12,and
007235.png,DOC005,3,110,0,-0.12,fault
007236.png,DOC005,3,111,0,-0.12,tolerance.
007237.png,DOC005,3,112,1,0.12,In
007238.png,DOC005,3,113,0,-0.12,the
007239.png,DOC005,3,114,1,0.12,context
007240.png,DOC005,3,115,0,-0.12,of
007241.png,DOC005,3,116,1,0.12,"steganography,"
007242.png,DOC005,3,117,0,-0.12,the
007243.png,DOC005,3,118,1,0.12,primary
007244.png,DOC005,3,119,1,0.12,challenge
007245.png,DOC005,3,120,0,-0.12,is
007246.png,DOC005,3,121,0,-0.12,overcoming
007247.png,DOC005,3,122,1,0.12,the
007248.png,DOC005,3,123,0,-0.12,physical
007249.png,DOC005,3,124,0,-0.12,channel
007250.png,DOC005,3,125,1,0.12,introduced
007251.png,DOC005,3,126,0,-0.12,by
007252.png,DOC005,3,127,0,-0.12,printers
007253.png,DOC005,3,128,0,-0.12,and
007254.png,DOC005,3,129,1,0.12,smartphone
007255.png,DOC005,3,130,0,-0.12,cameras.
007256.png,DOC005,3,131,0,-0.12,This
007257.png,DOC005,3,132,0,-0.12,requires
007258.png,DOC005,3,133,0,-0.12,highly
007259.png,DOC005,3,134,0,-0.12,error
007260.png,DOC005,3,135,0,-0.12,correction
007261.png,DOC005,3,136,1,0.12,"mechanisms,"
007262.png,DOC005,3,137,1,0.12,such
007263.png,DOC005,3,138,0,-0.12,as
007264.png,DOC005,3,139,1,0.12,Reed-Solomon
007265.png,DOC005,3,140,0,-0.12,"coding,"
007266.png,DOC005,3,141,1,0.12,combined
007267.png,DOC005,3,142,0,-0.12,deep
007268.png,DOC005,3,143,0,-0.12,learning-based
007269.png,DOC005,3,144,1,0.12,document
007270.png,DOC005,3,145,0,-0.12,dewarping
007271.png,DOC005,3,146,1,0.12,and
007272.png,DOC005,3,147,1,0.12,residual
007273.png,DOC005,3,148,1,0.12,feature
007274.png,DOC005,3,149,0,-0.12,extraction
007275.png,DOC005,3,150,1,0.12,reliably
007276.png,DOC005,3,151,0,-0.12,recover
007277.png,DOC005,3,152,0,-0.12,the
007278.png,DOC005,3,153,0,-0.12,embedded
007279.png,DOC005,3,154,1,0.12,cryptographic
007280.png,DOC005,3,155,0,-0.12,QUESTION
007281.png,DOC005,3,156,1,0.12,The
007282.png,DOC005,3,157,0,-0.12,rapid
007283.png,DOC005,3,158,0,-0.12,advancement
007284.png,DOC005,3,159,0,-0.12,of
007285.png,DOC005,3,160,0,-0.12,artificial
007286.png,DOC005,3,161,1,0.12,intelligence
007287.png,DOC005,3,162,0,-0.12,and
007288.png,DOC005,3,163,1,0.12,machine
007289.png,DOC005,3,164,0,-0.12,has
007290.png,DOC005,3,165,0,-0.12,fundamentally
007291.png,DOC005,3,166,1,0.12,altered
007292.png,DOC005,3,167,1,0.12,the
007293.png,DOC005,3,168,0,-0.12,landscape
007294.png,DOC005,3,169,0,-0.12,of
007295.png,DOC005,3,170,1,0.12,modern
007296.png,DOC005,3,171,0,-0.12,computing.
007297.png,DOC005,3,172,0,-0.12,When
007298.png,DOC005,3,173,0,-0.12,scalable
007299.png,DOC005,3,174,1,0.12,distributed
007300.png,DOC005,3,175,0,-0.12,"systems,"
007301.png,DOC005,3,176,0,-0.12,engineers
007302.png,DOC005,3,177,0,-0.12,must
007303.png,DOC005,3,178,0,-0.12,carefully
007304.png,DOC005,3,179,1,0.12,consider
007305.png,DOC005,3,180,0,-0.12,the
007306.png,DOC005,3,181,0,-0.12,between
007307.png,DOC005,3,182,1,0.12,"latency,"
007308.png,DOC005,3,183,0,-0.12,"throughput,"
007309.png,DOC005,3,184,0,-0.12,and
007310.png,DOC005,3,185,0,-0.12,fault
007311.png,DOC005,3,186,0,-0.12,tolerance.
007312.png,DOC005,3,187,0,-0.12,In
007313.png,DOC005,3,188,1,0.12,the
007314.png,DOC005,3,189,1,0.12,context
007315.png,DOC005,3,190,0,-0.12,of
007316.png,DOC005,3,191,1,0.12,"steganography,"
007317.png,DOC005,3,192,1,0.12,the
007318.png,DOC005,3,193,1,0.12,primary
007319.png,DOC005,3,194,0,-0.12,challenge
007320.png,DOC005,3,195,1,0.12,is
007321.png,DOC005,3,196,0,-0.12,overcoming
007322.png,DOC005,3,197,0,-0.12,the
007323.png,DOC005,3,198,0,-0.12,physical
007324.png,DOC005,3,199,0,-0.12,channel
007325.png,DOC005,3,200,0,-0.12,introduced
007326.png,DOC005,3,201,0,-0.12,by
007327.png,DOC005,3,202,1,0.12,printers
007328.png,DOC005,3,203,0,-0.12,and
007329.png,DOC005,3,204,1,0.12,smartphone
007330.png,DOC005,3,205,0,-0.12,cameras.
007331.png,DOC005,3,206,1,0.12,This
007332.png,DOC005,3,207,1,0.12,requires
007333.png,DOC005,3,208,1,0.12,highly
007334.png,DOC005,3,209,0,-0.12,error
007335.png,DOC005,3,210,0,-0.12,correction
007336.png,DOC005,3,211,0,-0.12,"mechanisms,"
007337.png,DOC005,3,212,0,-0.12,such
007338.png,DOC005,3,213,0,-0.12,as
007339.png,DOC005,3,214,0,-0.12,Reed-Solomon
007340.png,DOC005,3,215,0,-0.12,"coding,"
007341.png,DOC005,3,216,1,0.12,combined
007342.png,DOC005,3,217,0,-0.12,deep
007343.png,DOC005,3,218,0,-0.12,learning-based
007344.png,DOC005,3,219,1,0.12,document
007345.png,DOC005,3,220,0,-0.12,dewarping
007346.png,DOC005,3,221,0,-0.12,and
007347.png,DOC005,3,222,0,-0.12,residual
007348.png,DOC005,3,223,0,-0.12,feature
007349.png,DOC005,3,224,0,-0.12,extraction
007350.png,DOC005,3,225,0,-0.12,reliably
007351.png,DOC005,3,226,0,-0.12,recover
007352.png,DOC005,3,227,0,-0.12,the
007353.png,DOC005,3,228,0,-0.12,embedded
007354.png,DOC005,3,229,0,-0.12,cryptographic
007355.png,DOC005,3,230,0,-0.12,QUESTION
007356.png,DOC005,3,231,0,-0.12,The
007357.png,DOC005,3,232,0,-0.12,rapid
007358.png,DOC005,3,233,0,-0.12,advancement
007359.png,DOC005,3,234,0,-0.12,of
007360.png,DOC005,3,235,1,0.12,artificial
007361.png,DOC005,3,236,0,-0.12,intelligence
007362.png,DOC005,3,237,0,-0.12,and
007363.png,DOC005,3,238,1,0.12,machine
007364.png,DOC005,3,239,1,0.12,has
007365.png,DOC005,3,240,0,-0.12,fundamentally
007366.png,DOC005,3,241,0,-0.12,altered
007367.png,DOC005,3,242,1,0.12,the
007368.png,DOC005,3,243,0,-0.12,landscape
007369.png,DOC005,3,244,0,-0.12,of
007370.png,DOC005,3,245,1,0.12,modern
007371.png,DOC005,3,246,0,-0.12,computing.
007372.png,DOC005,3,247,0,-0.12,When
007373.png,DOC005,3,248,0,-0.12,scalable
007374.png,DOC005,3,249,0,-0.12,distributed
007375.png,DOC005,3,250,0,-0.12,"systems,"
007376.png,DOC005,3,251,0,-0.12,engineers
007377.png,DOC005,3,252,1,0.12,must
007378.png,DOC005,3,253,0,-0.12,carefully
007379.png,DOC005,3,254,1,0.12,consider
007380.png,DOC005,3,255,0,-0.12,the
007381.png,DOC005,3,256,0,-0.12,between
007382.png,DOC005,3,257,1,0.12,"latency,"
007383.png,DOC005,3,258,0,-0.12,"throughput,"
007384.png,DOC005,3,259,0,-0.12,and
007385.png,DOC005,3,260,0,-0.12,fault
007386.png,DOC005,3,261,0,-0.12,tolerance.
007387.png,DOC005,3,262,0,-0.12,In
007388.png,DOC005,3,263,1,0.12,the
007389.png,DOC005,3,264,0,-0.12,context
007390.png,DOC005,3,265,0,-0.12,of
007391.png,DOC005,3,266,0,-0.12,"steganography,"
007392.png,DOC005,3,267,0,-0.12,the
007393.png,DOC005,3,268,0,-0.12,primary
007394.png,DOC005,3,269,0,-0.12,challenge
007395.png,DOC005,3,270,0,-0.12,is
007396.png,DOC005,3,271,0,-0.12,overcoming
007397.png,DOC005,3,272,0,-0.12,the
007398.png,DOC005,3,273,1,0.12,physical
007399.png,DOC005,3,274,0,-0.12,channel
007400.png,DOC005,3,275,1,0.12,introduced
007401.png,DOC005,3,276,0,-0.12,by
007402.png,DOC005,3,277,0,-0.12,printers
007403.png,DOC005,3,278,0,-0.12,and
007404.png,DOC005,3,279,1,0.12,smartphone
007405.png,DOC005,3,280,0,-0.12,cameras.
007406.png,DOC005,3,281,0,-0.12,This
007407.png,DOC005,3,282,0,-0.12,requires
007408.png,DOC005,3,283,0,-0.12,highly
007409.png,DOC005,3,284,0,-0.12,error
007410.png,DOC005,3,285,1,0.12,correction
007411.png,DOC005,3,286,0,-0.12,"mechanisms,"
007412.png,DOC005,3,287,0,-0.12,such
007413.png,DOC005,3,288,0,-0.12,as
007414.png,DOC005,3,289,1,0.12,Reed-Solomon
007415.png,DOC005,3,290,1,0.12,"coding,"
007416.png,DOC005,3,291,0,-0.12,combined
007417.png,DOC005,3,292,0,-0.12,deep
007418.png,DOC005,3,293,0,-0.12,learning-based
007419.png,DOC005,3,294,0,-0.12,document
007420.png,DOC005,3,295,0,-0.12,dewarping
007421.png,DOC005,3,296,1,0.12,and
007422.png,DOC005,3,297,1,0.12,residual
007423.png,DOC005,3,298,0,-0.12,feature
007424.png,DOC005,3,299,0,-0.12,extraction
007425.png,DOC005,3,300,0,-0.12,reliably
007426.png,DOC005,3,301,1,0.12,recover
007427.png,DOC005,3,302,1,0.12,the
007428.png,DOC005,3,303,1,0.12,embedded
007429.png,DOC005,3,304,0,-0.12,cryptographic
007430.png,DOC005,3,305,0,-0.12,QUESTION
007431.png,DOC005,3,306,0,-0.12,The
007432.png,DOC005,3,307,0,-0.12,rapid
007433.png,DOC005,3,308,0,-0.12,advancement
007434.png,DOC005,3,309,0,-0.12,of
007435.png,DOC005,3,310,1,0.12,artificial
007436.png,DOC005,3,311,0,-0.12,intelligence
007437.png,DOC005,3,312,1,0.12,and
007438.png,DOC005,3,313,1,0.12,machine
007439.png,DOC005,3,314,1,0.12,has
007440.png,DOC005,3,315,0,-0.12,fundamentally
007441.png,DOC005,3,316,0,-0.12,altered
007442.png,DOC005,3,317,0,-0.12,the
007443.png,DOC005,3,318,0,-0.12,landscape
007444.png,DOC005,3,319,1,0.12,of
007445.png,DOC005,3,320,1,0.12,modern
007446.png,DOC005,3,321,0,-0.12,computing.
007447.png,DOC005,3,322,0,-0.12,When
007448.png,DOC005,3,323,0,-0.12,scalable
007449.png,DOC005,3,324,0,-0.12,distributed
007450.png,DOC005,3,325,0,-0.12,"systems,"
007451.png,DOC005,3,326,0,-0.12,engineers
007452.png,DOC005,3,327,1,0.12,must
007453.png,DOC005,3,328,0,-0.12,carefully
007454.png,DOC005,3,329,0,-0.12,consider
007455.png,DOC005,3,330,0,-0.12,the
007456.png,DOC005,3,331,1,0.12,between
007457.png,DOC005,3,332,1,0.12,"latency,"
007458.png,DOC005,3,333,1,0.12,"throughput,"
007459.png,DOC005,3,334,0,-0.12,and
007460.png,DOC005,3,335,0,-0.12,fault
007461.png,DOC005,3,336,0,-0.12,tolerance.
007462.png,DOC005,3,337,0,-0.12,In
007463.png,DOC005,3,338,0,-0.12,the
007464.png,DOC005,3,339,0,-0.12,context
007465.png,DOC005,3,340,0,-0.12,of
007466.png,DOC005,3,341,0,-0.12,"steganography,"
007467.png,DOC005,3,342,1,0.12,the
007468.png,DOC005,3,343,1,0.12,primary
007469.png,DOC005,3,344,1,0.12,challenge
007470.png,DOC005,3,345,0,-0.12,is
007471.png,DOC005,3,346,0,-0.12,overcoming
007472.png,DOC005,3,347,0,-0.12,the
007473.png,DOC005,3,348,1,0.12,physical
007474.png,DOC005,3,349,1,0.12,channel
007475.png,DOC005,3,350,0,-0.12,introduced
007476.png,DOC005,3,351,0,-0.12,by
007477.png,DOC005,3,352,1,0.12,printers
007478.png,DOC005,3,353,0,-0.12,and
007479.png,DOC005,3,354,1,0.12,smartphone
007480.png,DOC005,3,355,1,0.12,cameras.
007481.png,DOC005,3,356,0,-0.12,This
007482.png,DOC005,3,357,0,-0.12,requires
007483.png,DOC005,3,358,0,-0.12,highly
007484.png,DOC005,3,359,0,-0.12,error
007485.png,DOC005,3,360,0,-0.12,correction
007486.png,DOC005,3,361,0,-0.12,"mechanisms,"
007487.png,DOC005,3,362,1,0.12,such
007488.png,DOC005,3,363,0,-0.12,as
007489.png,DOC005,3,364,1,0.12,Reed-Solomon
007490.png,DOC005,3,365,0,-0.12,"coding,"
007491.png,DOC005,3,366,0,-0.12,combined
007492.png,DOC005,3,367,0,-0.12,deep
007493.png,DOC005,3,368,0,-0.12,learning-based
007494.png,DOC005,3,369,1,0.12,document
007495.png,DOC005,3,370,0,-0.12,dewarping
007496.png,DOC005,3,371,0,-0.12,and
007497.png,DOC005,3,372,0,-0.12,residual
007498.png,DOC005,3,373,0,-0.12,feature
007499.png,DOC005,3,374,0,-0.12,extraction
007500.png,DOC006,0,0,0,-0.12,CONFIDENTIAL
007501.png,DOC006,0,1,0,-0.12,ENGINEERING
007502.png,DOC006,0,2,1,0.12,EXAM
007503.png,DOC006,0,3,0,-0.12,-
007504.png,DOC006,0,4,0,-0.12,PAGE
007505.png,DOC006,0,5,0,-0.12,QUESTION
007506.png,DOC006,0,6,0,-0.12,The
007507.png,DOC006,0,7,0,-0.12,rapid
007508.png,DOC006,0,8,1,0.12,advancement
007509.png,DOC006,0,9,0,-0.12,of
007510.png,DOC006,0,10,0,-0.12,artificial
007511.png,DOC006,0,11,1,0.12,intelligence
007512.png,DOC006,0,12,0,-0.12,and
007513.png,DOC006,0,13,0,-0.12,machine
007514.png,DOC006,0,14,1,0.12,has
007515.png,DOC006,0,15,1,0.12,fundamentally
007516.png,DOC006,0,16,0,-0.12,altered
007517.png,DOC006,0,17,0,-0.12,the
007518.png,DOC006,0,18,0,-0.12,landscape
007519.png,DOC006,0,19,1,0.12,of
007520.png,DOC006,0,20,0,-0.12,modern
007521.png,DOC006,0,21,1,0.12,computing.
007522.png,DOC006,0,22,1,0.12,When
007523.png,DOC006,0,23,0,-0.12,scalable
007524.png,DOC006,0,24,0,-0.12,distributed
007525.png,DOC006,0,25,1,0.12,"systems,"
007526.png,DOC006,0,26,0,-0.12,engineers
007527.png,DOC006,0,27,0,-0.12,must
007528.png,DOC006,0,28,0,-0.12,carefully
007529.png,DOC006,0,29,0,-0.12,consider
007530.png,DOC006,0,30,0,-0.12,the
007531.png,DOC006,0,31,1,0.12,between
007532.png,DOC006,0,32,1,0.12,"latency,"
007533.png,DOC006,0,33,0,-0.12,"throughput,"
007534.png,DOC006,0,34,1,0.12,and
007535.png,DOC006,0,35,0,-0.12,fault
007536.png,DOC006,0,36,1,0.12,tolerance.
007537.png,DOC006,0,37,0,-0.12,In
007538.png,DOC006,0,38,1,0.12,the
007539.png,DOC006,0,39,0,-0.12,context
007540.png,DOC006,0,40,0,-0.12,of
007541.png,DOC006,0,41,0,-0.12,"steganography,"
007542.png,DOC006,0,42,0,-0.12,the
007543.png,DOC006,0,43,1,0.12,primary
007544.png,DOC006,0,44,0,-0.12,challenge
007545.png,DOC006,0,45,0,-0.12,is
007546.png,DOC006,0,46,0,-0.12,overcoming
007547.png,DOC006,0,47,0,-0.12,the
007548.png,DOC006,0,48,0,-0.12,physical
007549.png,DOC006,0,49,1,0.12,channel
007550.png,DOC006,0,50,1,0.12,introduced
007551.png,DOC006,0,51,1,0.12,by
007552.png,DOC006,0,52,0,-0.12,printers
007553.png,DOC006,0,53,0,-0.12,and
007554.png,DOC006,0,54,1,0.12,smartphone
007555.png,DOC006,0,55,1,0.12,cameras.
007556.png,DOC006,0,56,0,-0.12,This
007557.png,DOC006,0,57,0,-0.12,requires
007558.png,DOC006,0,58,1,0.12,highly
007559.png,DOC006,0,59,0,-0.12,error
007560.png,DOC006,0,60,0,-0.12,correction
007561.png,DOC006,0,61,1,0.12,"mechanisms,"
007562.png,DOC006,0,62,1,0.12,such
007563.png,DOC006,0,63,0,-0.12,as
007564.png,DOC006,0,64,0,-0.12,Reed-Solomon
007565.png,DOC006,0,65,0,-0.12,"coding,"
007566.png,DOC006,0,66,0,-0.12,combined
007567.png,DOC006,0,67,0,-0.12,deep
007568.png,DOC006,0,68,0,-0.12,learning-based
007569.png,DOC006,0,69,1,0.12,document
007570.png,DOC006,0,70,0,-0.12,dewarping
007571.png,DOC006,0,71,0,-0.12,and
007572.png,DOC006,0,72,0,-0.12,residual
007573.png,DOC006,0,73,0,-0.12,feature
007574.png,DOC006,0,74,0,-0.12,extraction
007575.png,DOC006,0,75,0,-0.12,reliably
007576.png,DOC006,0,76,0,-0.12,recover
007577.png,DOC006,0,77,0,-0.12,the
007578.png,DOC006,0,78,0,-0.12,embedded
007579.png,DOC006,0,79,1,0.12,cryptographic
007580.png,DOC006,0,80,0,-0.12,QUESTION
007581.png,DOC006,0,81,1,0.12,The
007582.png,DOC006,0,82,0,-0.12,rapid
007583.png,DOC006,0,83,1,0.12,advancement
007584.png,DOC006,0,84,0,-0.12,of
007585.png,DOC006,0,85,0,-0.12,artificial
007586.png,DOC006,0,86,0,-0.12,intelligence
007587.png,DOC006,0,87,1,0.12,and
007588.png,DOC006,0,88,0,-0.12,machine
007589.png,DOC006,0,89,0,-0.12,has
007590.png,DOC006,0,90,0,-0.12,fundamentally
007591.png,DOC006,0,91,1,0.12,altered
007592.png,DOC006,0,92,0,-0.12,the
007593.png,DOC006,0,93,0,-0.12,landscape
007594.png,DOC006,0,94,0,-0.12,of
007595.png,DOC006,0,95,0,-0.12,modern
007596.png,DOC006,0,96,0,-0.12,computing.
007597.png,DOC006,0,97,0,-0.12,When
007598.png,DOC006,0,98,0,-0.12,scalable
007599.png,DOC006,0,99,0,-0.12,distributed
007600.png,DOC006,0,100,1,0.12,"systems,"
007601.png,DOC006,0,101,0,-0.12,engineers
007602.png,DOC006,0,102,1,0.12,must
007603.png,DOC006,0,103,1,0.12,carefully
007604.png,DOC006,0,104,1,0.12,consider
007605.png,DOC006,0,105,1,0.12,the
007606.png,DOC006,0,106,0,-0.12,between
007607.png,DOC006,0,107,1,0.12,"latency,"
007608.png,DOC006,0,108,0,-0.12,"throughput,"
007609.png,DOC006,0,109,0,-0.12,and
007610.png,DOC006,0,110,1,0.12,fault
007611.png,DOC006,0,111,1,0.12,tolerance.
007612.png,DOC006,0,112,0,-0.12,In
007613.png,DOC006,0,113,0,-0.12,the
007614.png,DOC006,0,114,0,-0.12,context
007615.png,DOC006,0,115,1,0.12,of
007616.png,DOC006,0,116,1,0.12,"steganography,"
007617.png,DOC006,0,117,0,-0.12,the
007618.png,DOC006,0,118,1,0.12,primary
007619.png,DOC006,0,119,1,0.12,challenge
007620.png,DOC006,0,120,0,-0.12,is
007621.png,DOC006,0,121,0,-0.12,overcoming
007622.png,DOC006,0,122,0,-0.12,the
007623.png,DOC006,0,123,0,-0.12,physical
007624.png,DOC006,0,124,1,0.12,channel
007625.png,DOC006,0,125,0,-0.12,introduced
007626.png,DOC006,0,126,0,-0.12,by
007627.png,DOC006,0,127,0,-0.12,printers
007628.png,DOC006,0,128,0,-0.12,and
007629.png,DOC006,0,129,0,-0.12,smartphone
007630.png,DOC006,0,130,0,-0.12,cameras.
007631.png,DOC006,0,131,0,-0.12,This
007632.png,DOC006,0,132,0,-0.12,requires
007633.png,DOC006,0,133,0,-0.12,highly
007634.png,DOC006,0,134,1,0.12,error
007635.png,DOC006,0,135,1,0.12,correction
007636.png,DOC006,0,136,0,-0.12,"mechanisms,"
007637.png,DOC006,0,137,0,-0.12,such
007638.png,DOC006,0,138,1,0.12,as
007639.png,DOC006,0,139,0,-0.12,Reed-Solomon
007640.png,DOC006,0,140,1,0.12,"coding,"
007641.png,DOC006,0,141,0,-0.12,combined
007642.png,DOC006,0,142,0,-0.12,deep
007643.png,DOC006,0,143,0,-0.12,learning-based
007644.png,DOC006,0,144,1,0.12,document
007645.png,DOC006,0,145,0,-0.12,dewarping
007646.png,DOC006,0,146,0,-0.12,and
007647.png,DOC006,0,147,0,-0.12,residual
007648.png,DOC006,0,148,0,-0.12,feature
007649.png,DOC006,0,149,0,-0.12,extraction
007650.png,DOC006,0,150,0,-0.12,reliably
007651.png,DOC006,0,151,0,-0.12,recover
007652.png,DOC006,0,152,1,0.12,the
007653.png,DOC006,0,153,0,-0.12,embedded
007654.png,DOC006,0,154,0,-0.12,cryptographic
007655.png,DOC006,0,155,1,0.12,QUESTION
007656.png,DOC006,0,156,0,-0.12,The
007657.png,DOC006,0,157,0,-0.12,rapid
007658.png,DOC006,0,158,0,-0.12,advancement
007659.png,DOC006,0,159,0,-0.12,of
007660.png,DOC006,0,160,0,-0.12,artificial
007661.png,DOC006,0,161,0,-0.12,intelligence
007662.png,DOC006,0,162,0,-0.12,and
007663.png,DOC006,0,163,0,-0.12,machine
007664.png,DOC006,0,164,0,-0.12,has
007665.png,DOC006,0,165,1,0.12,fundamentally
007666.png,DOC006,0,166,0,-0.12,altered
007667.png,DOC006,0,167,0,-0.12,the
007668.png,DOC006,0,168,1,0.12,landscape
007669.png,DOC006,0,169,1,0.12,of
007670.png,DOC006,0,170,1,0.12,modern
007671.png,DOC006,0,171,1,0.12,computing.
007672.png,DOC006,0,172,0,-0.12,When
007673.png,DOC006,0,173,0,-0.12,scalable
007674.png,DOC006,0,174,0,-0.12,distributed
007675.png,DOC006,0,175,0,-0.12,"systems,"
007676.png,DOC006,0,176,0,-0.12,engineers
007677.png,DOC006,0,177,0,-0.12,must
007678.png,DOC006,0,178,0,-0.12,carefully
007679.png,DOC006,0,179,0,-0.12,consider
007680.png,DOC006,0,180,0,-0.12,the
007681.png,DOC006,0,181,1,0.12,between
007682.png,DOC006,0,182,0,-0.12,"latency,"
007683.png,DOC006,0,183,0,-0.12,"throughput,"
007684.png,DOC006,0,184,0,-0.12,and
007685.png,DOC006,0,185,0,-0.12,fault
007686.png,DOC006,0,186,0,-0.12,tolerance.
007687.png,DOC006,0,187,0,-0.12,In
007688.png,DOC006,0,188,0,-0.12,the
007689.png,DOC006,0,189,0,-0.12,context
007690.png,DOC006,0,190,1,0.12,of
007691.png,DOC006,0,191,1,0.12,"steganography,"
007692.png,DOC006,0,192,1,0.12,the
007693.png,DOC006,0,193,0,-0.12,primary
007694.png,DOC006,0,194,0,-0.12,challenge
007695.png,DOC006,0,195,0,-0.12,is
007696.png,DOC006,0,196,0,-0.12,overcoming
007697.png,DOC006,0,197,0,-0.12,the
007698.png,DOC006,0,198,1,0.12,physical
007699.png,DOC006,0,199,1,0.12,channel
007700.png,DOC006,0,200,0,-0.12,introduced
007701.png,DOC006,0,201,0,-0.12,by
007702.png,DOC006,0,202,0,-0.12,printers
007703.png,DOC006,0,203,0,-0.12,and
007704.png,DOC006,0,204,0,-0.12,smartphone
007705.png,DOC006,0,205,0,-0.12,cameras.
007706.png,DOC006,0,206,0,-0.12,This
007707.png,DOC006,0,207,0,-0.12,requires
007708.png,DOC006,0,208,0,-0.12,highly
007709.png,DOC006,0,209,1,0.12,error
007710.png,DOC006,0,210,0,-0.12,correction
007711.png,DOC006,0,211,0,-0.12,"mechanisms,"
007712.png,DOC006,0,212,0,-0.12,such
007713.png,DOC006,0,213,1,0.12,as
007714.png,DOC006,0,214,0,-0.12,Reed-Solomon
007715.png,DOC006,0,215,0,-0.12,"coding,"
007716.png,DOC006,0,216,0,-0.12,combined
007717.png,DOC006,0,217,1,0.12,deep
007718.png,DOC006,0,218,1,0.12,learning-based
007719.png,DOC006,0,219,1,0.12,document
007720.png,DOC006,0,220,1,0.12,dewarping
007721.png,DOC006,0,221,0,-0.12,and
007722.png,DOC006,0,222,0,-0.12,residual
007723.png,DOC006,0,223,1,0.12,feature
007724.png,DOC006,0,224,0,-0.12,extraction
007725.png,DOC006,0,225,1,0.12,reliably
007726.png,DOC006,0,226,0,-0.12,recover
007727.png,DOC006,0,227,0,-0.12,the
007728.png,DOC006,0,228,0,-0.12,embedded
007729.png,DOC006,0,229,0,-0.12,cryptographic
007730.png,DOC006,0,230,0,-0.12,QUESTION
007731.png,DOC006,0,231,0,-0.12,The
007732.png,DOC006,0,232,0,-0.12,rapid
007733.png,DOC006,0,233,1,0.12,advancement
007734.png,DOC006,0,234,0,-0.12,of
007735.png,DOC006,0,235,0,-0.12,artificial
007736.png,DOC006,0,236,1,0.12,intelligence
007737.png,DOC006,0,237,1,0.12,and
007738.png,DOC006,0,238,1,0.12,machine
007739.png,DOC006,0,239,1,0.12,has
007740.png,DOC006,0,240,0,-0.12,fundamentally
007741.png,DOC006,0,241,0,-0.12,altered
007742.png,DOC006,0,242,0,-0.12,the
007743.png,DOC006,0,243,0,-0.12,landscape
007744.png,DOC006,0,244,0,-0.12,of
007745.png,DOC006,0,245,1,0.12,modern
007746.png,DOC006,0,246,0,-0.12,computing.
007747.png,DOC006,0,247,0,-0.12,When
007748.png,DOC006,0,248,1,0.12,scalable
007749.png,DOC006,0,249,0,-0.12,distributed
007750.png,DOC006,0,250,1,0.12,"systems,"
007751.png,DOC006,0,251,1,0.12,engineers
007752.png,DOC006,0,252,0,-0.12,must
007753.png,DOC006,0,253,1,0.12,carefully
007754.png,DOC006,0,254,1,0.12,consider
007755.png,DOC006,0,255,1,0.12,the
007756.png,DOC006,0,256,0,-0.12,between
007757.png,DOC006,0,257,1,0.12,"latency,"
007758.png,DOC006,0,258,0,-0.12,"throughput,"
007759.png,DOC006,0,259,0,-0.12,and
007760.png,DOC006,0,260,0,-0.12,fault
007761.png,DOC006,0,261,0,-0.12,tolerance.
007762.png,DOC006,0,262,0,-0.12,In
007763.png,DOC006,0,263,0,-0.12,the
007764.png,DOC006,0,264,0,-0.12,context
007765.png,DOC006,0,265,1,0.12,of
007766.png,DOC006,0,266,0,-0.12,"steganography,"
007767.png,DOC006,0,267,0,-0.12,the
007768.png,DOC006,0,268,0,-0.12,primary
007769.png,DOC006,0,269,0,-0.12,challenge
007770.png,DOC006,0,270,0,-0.12,is
007771.png,DOC006,0,271,0,-0.12,overcoming
007772.png,DOC006,0,272,0,-0.12,the
007773.png,DOC006,0,273,1,0.12,physical
007774.png,DOC006,0,274,0,-0.12,channel
007775.png,DOC006,0,275,0,-0.12,introduced
007776.png,DOC006,0,276,1,0.12,by
007777.png,DOC006,0,277,1,0.12,printers
007778.png,DOC006,0,278,0,-0.12,and
007779.png,DOC006,0,279,1,0.12,smartphone
007780.png,DOC006,0,280,0,-0.12,cameras.
007781.png,DOC006,0,281,0,-0.12,This
007782.png,DOC006,0,282,0,-0.12,requires
007783.png,DOC006,0,283,0,-0.12,highly
007784.png,DOC006,0,284,1,0.12,error
007785.png,DOC006,0,285,0,-0.12,correction
007786.png,DOC006,0,286,0,-0.12,"mechanisms,"
007787.png,DOC006,0,287,0,-0.12,such
007788.png,DOC006,0,288,1,0.12,as
007789.png,DOC006,0,289,0,-0.12,Reed-Solomon
007790.png,DOC006,0,290,0,-0.12,"coding,"
007791.png,DOC006,0,291,0,-0.12,combined
007792.png,DOC006,0,292,0,-0.12,deep
007793.png,DOC006,0,293,1,0.12,learning-based
007794.png,DOC006,0,294,1,0.12,document
007795.png,DOC006,0,295,1,0.12,dewarping
007796.png,DOC006,0,296,1,0.12,and
007797.png,DOC006,0,297,1,0.12,residual
007798.png,DOC006,0,298,0,-0.12,feature
007799.png,DOC006,0,299,1,0.12,extraction
007800.png,DOC006,0,300,0,-0.12,reliably
007801.png,DOC006,0,301,0,-0.12,recover
007802.png,DOC006,0,302,0,-0.12,the
007803.png,DOC006,0,303,0,-0.12,embedded
007804.png,DOC006,0,304,0,-0.12,cryptographic
007805.png,DOC006,0,305,0,-0.12,QUESTION
007806.png,DOC006,0,306,0,-0.12,The
007807.png,DOC006,0,307,1,0.12,rapid
007808.png,DOC006,0,308,0,-0.12,advancement
007809.png,DOC006,0,309,0,-0.12,of
007810.png,DOC006,0,310,1,0.12,artificial
007811.png,DOC006,0,311,0,-0.12,intelligence
007812.png,DOC006,0,312,0,-0.12,and
007813.png,DOC006,0,313,1,0.12,machine
007814.png,DOC006,0,314,0,-0.12,has
007815.png,DOC006,0,315,0,-0.12,fundamentally
007816.png,DOC006,0,316,0,-0.12,altered
007817.png,DOC006,0,317,0,-0.12,the
007818.png,DOC006,0,318,0,-0.12,landscape
007819.png,DOC006,0,319,0,-0.12,of
007820.png,DOC006,0,320,0,-0.12,modern
007821.png,DOC006,0,321,1,0.12,computing.
007822.png,DOC006,0,322,0,-0.12,When
007823.png,DOC006,0,323,1,0.12,scalable
007824.png,DOC006,0,324,0,-0.12,distributed
007825.png,DOC006,0,325,1,0.12,"systems,"
007826.png,DOC006,0,326,0,-0.12,engineers
007827.png,DOC006,0,327,1,0.12,must
007828.png,DOC006,0,328,0,-0.12,carefully
007829.png,DOC006,0,329,0,-0.12,consider
007830.png,DOC006,0,330,0,-0.12,the
007831.png,DOC006,0,331,0,-0.12,between
007832.png,DOC006,0,332,0,-0.12,"latency,"
007833.png,DOC006,0,333,0,-0.12,"throughput,"
007834.png,DOC006,0,334,1,0.12,and
007835.png,DOC006,0,335,0,-0.12,fault
007836.png,DOC006,0,336,0,-0.12,tolerance.
007837.png,DOC006,0,337,0,-0.12,In
007838.png,DOC006,0,338,0,-0.12,the
007839.png,DOC006,0,339,1,0.12,context
007840.png,DOC006,0,340,1,0.12,of
007841.png,DOC006,0,341,1,0.12,"steganography,"
007842.png,DOC006,0,342,0,-0.12,the
007843.png,DOC006,0,343,0,-0.12,primary
007844.png,DOC006,0,344,0,-0.12,challenge
007845.png,DOC006,0,345,0,-0.12,is
007846.png,DOC006,0,346,0,-0.12,overcoming
007847.png,DOC006,0,347,0,-0.12,the
007848.png,DOC006,0,348,0,-0.12,physical
007849.png,DOC006,0,349,0,-0.12,channel
007850.png,DOC006,0,350,0,-0.12,introduced
007851.png,DOC006,0,351,0,-0.12,by
007852.png,DOC006,0,352,0,-0.12,printers
007853.png,DOC006,0,353,0,-0.12,and
007854.png,DOC006,0,354,0,-0.12,smartphone
007855.png,DOC006,0,355,1,0.12,cameras.
007856.png,DOC006,0,356,1,0.12,This
007857.png,DOC006,0,357,0,-0.12,requires
007858.png,DOC006,0,358,1,0.12,highly
007859.png,DOC006,0,359,1,0.12,error
007860.png,DOC006,0,360,0,-0.12,correction
007861.png,DOC006,0,361,0,-0.12,"mechanisms,"
007862.png,DOC006,0,362,1,0.12,such
007863.png,DOC006,0,363,0,-0.12,as
007864.png,DOC006,0,364,1,0.12,Reed-Solomon
007865.png,DOC006,0,365,0,-0.12,"coding,"
007866.png,DOC006,0,366,0,-0.12,combined
007867.png,DOC006,0,367,1,0.12,deep
007868.png,DOC006,0,368,0,-0.12,learning-based
007869.png,DOC006,0,369,1,0.12,document
007870.png,DOC006,0,370,1,0.12,dewarping
007871.png,DOC006,0,371,1,0.12,and
007872.png,DOC006,0,372,0,-0.12,residual
007873.png,DOC006,0,373,0,-0.12,feature
007874.png,DOC006,0,374,0,-0.12,extraction
007875.png,DOC006,1,0,1,0.12,CONFIDENTIAL
007876.png,DOC006,1,1,0,-0.12,ENGINEERING
007877.png,DOC006,1,2,0,-0.12,EXAM
007878.png,DOC006,1,3,0,-0.12,-
007879.png,DOC006,1,4,0,-0.12,PAGE
007880.png,DOC006,1,5,0,-0.12,QUESTION
007881.png,DOC006,1,6,0,-0.12,The
007882.png,DOC006,1,7,0,-0.12,rapid
007883.png,DOC006,1,8,0,-0.12,advancement
007884.png,DOC006,1,9,0,-0.12,of
007885.png,DOC006,1,10,0,-0.12,artificial
007886.png,DOC006,1,11,0,-0.12,intelligence
007887.png,DOC006,1,12,0,-0.12,and
007888.png,DOC006,1,13,0,-0.12,machine
007889.png,DOC006,1,14,0,-0.12,has
007890.png,DOC006,1,15,1,0.12,fundamentally
007891.png,DOC006,1,16,0,-0.12,altered
007892.png,DOC006,1,17,0,-0.12,the
007893.png,DOC006,1,18,0,-0.12,landscape
007894.png,DOC006,1,19,0,-0.12,of
007895.png,DOC006,1,20,0,-0.12,modern
007896.png,DOC006,1,21,0,-0.12,computing.
007897.png,DOC006,1,22,0,-0.12,When
007898.png,DOC006,1,23,0,-0.12,scalable
007899.png,DOC006,1,24,0,-0.12,distributed
007900.png,DOC006,1,25,0,-0.12,"systems,"
007901.png,DOC006,1,26,0,-0.12,engineers
007902.png,DOC006,1,27,1,0.12,must
007903.png,DOC006,1,28,0,-0.12,carefully
007904.png,DOC006,1,29,0,-0.12,consider
007905.png,DOC006,1,30,0,-0.12,the
007906.png,DOC006,1,31,0,-0.12,between
007907.png,DOC006,1,32,1,0.12,"latency,"
007908.png,DOC006,1,33,1,0.12,"throughput,"
007909.png,DOC006,1,34,0,-0.12,and
007910.png,DOC006,1,35,0,-0.12,fault
007911.png,DOC006,1,36,1,0.12,tolerance.
007912.png,DOC006,1,37,1,0.12,In
007913.png,DOC006,1,38,0,-0.12,the
007914.png,DOC006,1,39,0,-0.12,context
007915.png,DOC006,1,40,0,-0.12,of
007916.png,DOC006,1,41,0,-0.12,"steganography,"
007917.png,DOC006,1,42,0,-0.12,the
007918.png,DOC006,1,43,0,-0.12,primary
007919.png,DOC006,1,44,0,-0.12,challenge
007920.png,DOC006,1,45,0,-0.12,is
007921.png,DOC006,1,46,1,0.12,overcoming
007922.png,DOC006,1,47,1,0.12,the
007923.png,DOC006,1,48,0,-0.12,physical
007924.png,DOC006,1,49,0,-0.12,channel
007925.png,DOC006,1,50,1,0.12,introduced
007926.png,DOC006,1,51,0,-0.12,by
007927.png,DOC006,1,52,1,0.12,printers
007928.png,DOC006,1,53,1,0.12,and
007929.png,DOC006,1,54,0,-0.12,smartphone
007930.png,DOC006,1,55,0,-0.12,cameras.
007931.png,DOC006,1,56,1,0.12,This
007932.png,DOC006,1,57,0,-0.12,requires
007933.png,DOC006,1,58,0,-0.12,highly
007934.png,DOC006,1,59,1,0.12,error
007935.png,DOC006,1,60,1,0.12,correction
007936.png,DOC006,1,61,0,-0.12,"mechanisms,"
007937.png,DOC006,1,62,0,-0.12,such
007938.png,DOC006,1,63,0,-0.12,as
007939.png,DOC006,1,64,1,0.12,Reed-Solomon
007940.png,DOC006,1,65,1,0.12,"coding,"
007941.png,DOC006,1,66,0,-0.12,combined
007942.png,DOC006,1,67,1,0.12,deep
007943.png,DOC006,1,68,1,0.12,learning-based
007944.png,DOC006,1,69,1,0.12,document
007945.png,DOC006,1,70,1,0.12,dewarping
007946.png,DOC006,1,71,1,0.12,and
007947.png,DOC006,1,72,0,-0.12,residual
007948.png,DOC006,1,73,1,0.12,feature
007949.png,DOC006,1,74,1,0.12,extraction
007950.png,DOC006,1,75,0,-0.12,reliably
007951.png,DOC006,1,76,0,-0.12,recover
007952.png,DOC006,1,77,0,-0.12,the
007953.png,DOC006,1,78,0,-0.12,embedded
007954.png,DOC006,1,79,1,0.12,cryptographic
007955.png,DOC006,1,80,0,-0.12,QUESTION
007956.png,DOC006,1,81,1,0.12,The
007957.png,DOC006,1,82,0,-0.12,rapid
007958.png,DOC006,1,83,0,-0.12,advancement
007959.png,DOC006,1,84,0,-0.12,of
007960.png,DOC006,1,85,0,-0.12,artificial
007961.png,DOC006,1,86,0,-0.12,intelligence
007962.png,DOC006,1,87,0,-0.12,and
007963.png,DOC006,1,88,1,0.12,machine
007964.png,DOC006,1,89,1,0.12,has
007965.png,DOC006,1,90,0,-0.12,fundamentally
007966.png,DOC006,1,91,0,-0.12,altered
007967.png,DOC006,1,92,0,-0.12,the
007968.png,DOC006,1,93,0,-0.12,landscape
007969.png,DOC006,1,94,1,0.12,of
007970.png,DOC006,1,95,1,0.12,modern
007971.png,DOC006,1,96,0,-0.12,computing.
007972.png,DOC006,1,97,0,-0.12,When
007973.png,DOC006,1,98,0,-0.12,scalable
007974.png,DOC006,1,99,0,-0.12,distributed
007975.png,DOC006,1,100,0,-0.12,"systems,"
007976.png,DOC006,1,101,0,-0.12,engineers
007977.png,DOC006,1,102,0,-0.12,must
007978.png,DOC006,1,103,0,-0.12,carefully
007979.png,DOC006,1,104,0,-0.12,consider
007980.png,DOC006,1,105,0,-0.12,the
007981.png,DOC006,1,106,0,-0.12,between
007982.png,DOC006,1,107,0,-0.12,"latency,"
007983.png,DOC006,1,108,0,-0.12,"throughput,"
007984.png,DOC006,1,109,1,0.12,and
007985.png,DOC006,1,110,1,0.12,fault
007986.png,DOC006,1,111,1,0.12,tolerance.
007987.png,DOC006,1,112,0,-0.12,In
007988.png,DOC006,1,113,1,0.12,the
007989.png,DOC006,1,114,0,-0.12,context
007990.png,DOC006,1,115,0,-0.12,of
007991.png,DOC006,1,116,0,-0.12,"steganography,"
007992.png,DOC006,1,117,0,-0.12,the
007993.png,DOC006,1,118,0,-0.12,primary
007994.png,DOC006,1,119,0,-0.12,challenge
007995.png,DOC006,1,120,0,-0.12,is
007996.png,DOC006,1,121,0,-0.12,overcoming
007997.png,DOC006,1,122,0,-0.12,the
007998.png,DOC006,1,123,0,-0.12,physical
007999.png,DOC006,1,124,0,-0.12,channel
008000.png,DOC006,1,125,0,-0.12,introduced
008001.png,DOC006,1,126,1,0.12,by
008002.png,DOC006,1,127,0,-0.12,printers
008003.png,DOC006,1,128,0,-0.12,and
008004.png,DOC006,1,129,0,-0.12,smartphone
008005.png,DOC006,1,130,1,0.12,cameras.
008006.png,DOC006,1,131,1,0.12,This
008007.png,DOC006,1,132,0,-0.12,requires
008008.png,DOC006,1,133,0,-0.12,highly
008009.png,DOC006,1,134,0,-0.12,error
008010.png,DOC006,1,135,0,-0.12,correction
008011.png,DOC006,1,136,0,-0.12,"mechanisms,"
008012.png,DOC006,1,137,0,-0.12,such
008013.png,DOC006,1,138,0,-0.12,as
008014.png,DOC006,1,139,0,-0.12,Reed-Solomon
008015.png,DOC006,1,140,1,0.12,"coding,"
008016.png,DOC006,1,141,0,-0.12,combined
008017.png,DOC006,1,142,0,-0.12,deep
008018.png,DOC006,1,143,0,-0.12,learning-based
008019.png,DOC006,1,144,1,0.12,document
008020.png,DOC006,1,145,0,-0.12,dewarping
008021.png,DOC006,1,146,0,-0.12,and
008022.png,DOC006,1,147,0,-0.12,residual
008023.png,DOC006,1,148,1,0.12,feature
008024.png,DOC006,1,149,0,-0.12,extraction
008025.png,DOC006,1,150,1,0.12,reliably
008026.png,DOC006,1,151,0,-0.12,recover
008027.png,DOC006,1,152,1,0.12,the
008028.png,DOC006,1,153,0,-0.12,embedded
008029.png,DOC006,1,154,0,-0.12,cryptographic
008030.png,DOC006,1,155,0,-0.12,QUESTION
008031.png,DOC006,1,156,0,-0.12,The
008032.png,DOC006,1,157,0,-0.12,rapid
008033.png,DOC006,1,158,1,0.12,advancement
008034.png,DOC006,1,159,0,-0.12,of
008035.png,DOC006,1,160,1,0.12,artificial
008036.png,DOC006,1,161,1,0.12,intelligence
008037.png,DOC006,1,162,0,-0.12,and
008038.png,DOC006,1,163,0,-0.12,machine
008039.png,DOC006,1,164,1,0.12,has
008040.png,DOC006,1,165,0,-0.12,fundamentally
008041.png,DOC006,1,166,0,-0.12,altered
008042.png,DOC006,1,167,1,0.12,the
008043.png,DOC006,1,168,0,-0.12,landscape
008044.png,DOC006,1,169,0,-0.12,of
008045.png,DOC006,1,170,1,0.12,modern
008046.png,DOC006,1,171,1,0.12,computing.
008047.png,DOC006,1,172,1,0.12,When
008048.png,DOC006,1,173,1,0.12,scalable
008049.png,DOC006,1,174,1,0.12,distributed
008050.png,DOC006,1,175,0,-0.12,"systems,"
008051.png,DOC006,1,176,0,-0.12,engineers
008052.png,DOC006,1,177,0,-0.12,must
008053.png,DOC006,1,178,0,-0.12,carefully
008054.png,DOC006,1,179,0,-0.12,consider
008055.png,DOC006,1,180,0,-0.12,the
008056.png,DOC006,1,181,1,0.12,between
008057.png,DOC006,1,182,0,-0.12,"latency,"
008058.png,DOC006,1,183,0,-0.12,"throughput,"
008059.png,DOC006,1,184,0,-0.12,and
008060.png,DOC006,1,185,0,-0.12,fault
008061.png,DOC006,1,186,1,0.12,tolerance.
008062.png,DOC006,1,187,0,-0.12,In
008063.png,DOC006,1,188,0,-0.12,the
008064.png,DOC006,1,189,0,-0.12,context
008065.png,DOC006,1,190,1,0.12,of
008066.png,DOC006,1,191,1,0.12,"steganography,"
008067.png,DOC006,1,192,1,0.12,the
008068.png,DOC006,1,193,0,-0.12,primary
008069.png,DOC006,1,194,0,-0.12,challenge
008070.png,DOC006,1,195,0,-0.12,is
008071.png,DOC006,1,196,1,0.12,overcoming
008072.png,DOC006,1,197,0,-0.12,the
008073.png,DOC006,1,198,1,0.12,physical
008074.png,DOC006,1,199,0,-0.12,channel
008075.png,DOC006,1,200,0,-0.12,introduced
008076.png,DOC006,1,201,0,-0.12,by
008077.png,DOC006,1,202,0,-0.12,printers
008078.png,DOC006,1,203,1,0.12,and
008079.png,DOC006,1,204,0,-0.12,smartphone
008080.png,DOC006,1,205,0,-0.12,cameras.
008081.png,DOC006,1,206,1,0.12,This
008082.png,DOC006,1,207,0,-0.12,requires
008083.png,DOC006,1,208,0,-0.12,highly
008084.png,DOC006,1,209,0,-0.12,error
008085.png,DOC006,1,210,1,0.12,correction
008086.png,DOC006,1,211,0,-0.12,"mechanisms,"
008087.png,DOC006,1,212,0,-0.12,such
008088.png,DOC006,1,213,1,0.12,as
008089.png,DOC006,1,214,0,-0.12,Reed-Solomon
008090.png,DOC006,1,215,0,-0.12,"coding,"
008091.png,DOC006,1,216,0,-0.12,combined
008092.png,DOC006,1,217,0,-0.12,deep
008093.png,DOC006,1,218,0,-0.12,learning-based
008094.png,DOC006,1,219,1,0.12,document
008095.png,DOC006,1,220,0,-0.12,dewarping
008096.png,DOC006,1,221,0,-0.12,and
008097.png,DOC006,1,222,1,0.12,residual
008098.png,DOC006,1,223,0,-0.12,feature
008099.png,DOC006,1,224,0,-0.12,extraction
008100.png,DOC006,1,225,0,-0.12,reliably
008101.png,DOC006,1,226,0,-0.12,recover
008102.png,DOC006,1,227,0,-0.12,the
008103.png,DOC006,1,228,0,-0.12,embedded
008104.png,DOC006,1,229,1,0.12,cryptographic
008105.png,DOC006,1,230,0,-0.12,QUESTION
008106.png,DOC006,1,231,0,-0.12,The
008107.png,DOC006,1,232,1,0.12,rapid
008108.png,DOC006,1,233,0,-0.12,advancement
008109.png,DOC006,1,234,0,-0.12,of
008110.png,DOC006,1,235,1,0.12,artificial
008111.png,DOC006,1,236,0,-0.12,intelligence
008112.png,DOC006,1,237,0,-0.12,and
008113.png,DOC006,1,238,1,0.12,machine
008114.png,DOC006,1,239,0,-0.12,has
008115.png,DOC006,1,240,0,-0.12,fundamentally
008116.png,DOC006,1,241,0,-0.12,altered
008117.png,DOC006,1,242,1,0.12,the
008118.png,DOC006,1,243,0,-0.12,landscape
008119.png,DOC006,1,244,1,0.12,of
008120.png,DOC006,1,245,1,0.12,modern
008121.png,DOC006,1,246,1,0.12,computing.
008122.png,DOC006,1,247,1,0.12,When
008123.png,DOC006,1,248,1,0.12,scalable
008124.png,DOC006,1,249,0,-0.12,distributed
008125.png,DOC006,1,250,0,-0.12,"systems,"
008126.png,DOC006,1,251,1,0.12,engineers
008127.png,DOC006,1,252,0,-0.12,must
008128.png,DOC006,1,253,1,0.12,carefully
008129.png,DOC006,1,254,1,0.12,consider
008130.png,DOC006,1,255,1,0.12,the
008131.png,DOC006,1,256,0,-0.12,between
008132.png,DOC006,1,257,0,-0.12,"latency,"
008133.png,DOC006,1,258,0,-0.12,"throughput,"
008134.png,DOC006,1,259,0,-0.12,and
008135.png,DOC006,1,260,0,-0.12,fault
008136.png,DOC006,1,261,0,-0.12,tolerance.
008137.png,DOC006,1,262,0,-0.12,In
008138.png,DOC006,1,263,0,-0.12,the
008139.png,DOC006,1,264,0,-0.12,context
008140.png,DOC006,1,265,0,-0.12,of
008141.png,DOC006,1,266,0,-0.12,"steganography,"
008142.png,DOC006,1,267,0,-0.12,the
008143.png,DOC006,1,268,1,0.12,primary
008144.png,DOC006,1,269,1,0.12,challenge
008145.png,DOC006,1,270,0,-0.12,is
008146.png,DOC006,1,271,1,0.12,overcoming
008147.png,DOC006,1,272,1,0.12,the
008148.png,DOC006,1,273,0,-0.12,physical
008149.png,DOC006,1,274,0,-0.12,channel
008150.png,DOC006,1,275,0,-0.12,introduced
008151.png,DOC006,1,276,1,0.12,by
008152.png,DOC006,1,277,0,-0.12,printers
008153.png,DOC006,1,278,0,-0.12,and
008154.png,DOC006,1,279,0,-0.12,smartphone
008155.png,DOC006,1,280,1,0.12,cameras.
008156.png,DOC006,1,281,0,-0.12,This
008157.png,DOC006,1,282,0,-0.12,requires
008158.png,DOC006,1,283,0,-0.12,highly
008159.png,DOC006,1,284,0,-0.12,error
008160.png,DOC006,1,285,1,0.12,correction
008161.png,DOC006,1,286,1,0.12,"mechanisms,"
008162.png,DOC006,1,287,1,0.12,such
008163.png,DOC006,1,288,1,0.12,as
008164.png,DOC006,1,289,0,-0.12,Reed-Solomon
008165.png,DOC006,1,290,0,-0.12,"coding,"
008166.png,DOC006,1,291,0,-0.12,combined
008167.png,DOC006,1,292,0,-0.12,deep
008168.png,DOC006,1,293,0,-0.12,learning-based
008169.png,DOC006,1,294,1,0.12,document
008170.png,DOC006,1,295,1,0.12,dewarping
008171.png,DOC006,1,296,1,0.12,and
008172.png,DOC006,1,297,0,-0.12,residual
008173.png,DOC006,1,298,1,0.12,feature
008174.png,DOC006,1,299,1,0.12,extraction
008175.png,DOC006,1,300,1,0.12,reliably
008176.png,DOC006,1,301,1,0.12,recover
008177.png,DOC006,1,302,0,-0.12,the
008178.png,DOC006,1,303,0,-0.12,embedded
008179.png,DOC006,1,304,1,0.12,cryptographic
008180.png,DOC006,1,305,1,0.12,QUESTION
008181.png,DOC006,1,306,0,-0.12,The
008182.png,DOC006,1,307,1,0.12,rapid
008183.png,DOC006,1,308,0,-0.12,advancement
008184.png,DOC006,1,309,0,-0.12,of
008185.png,DOC006,1,310,0,-0.12,artificial
008186.png,DOC006,1,311,1,0.12,intelligence
008187.png,DOC006,1,312,1,0.12,and
008188.png,DOC006,1,313,0,-0.12,machine
008189.png,DOC006,1,314,1,0.12,has
008190.png,DOC006,1,315,0,-0.12,fundamentally
008191.png,DOC006,1,316,1,0.12,altered
008192.png,DOC006,1,317,0,-0.12,the
008193.png,DOC006,1,318,0,-0.12,landscape
008194.png,DOC006,1,319,0,-0.12,of
008195.png,DOC006,1,320,0,-0.12,modern
008196.png,DOC006,1,321,0,-0.12,computing.
008197.png,DOC006,1,322,1,0.12,When
008198.png,DOC006,1,323,0,-0.12,scalable
008199.png,DOC006,1,324,1,0.12,distributed
008200.png,DOC006,1,325,0,-0.12,"systems,"
008201.png,DOC006,1,326,0,-0.12,engineers
008202.png,DOC006,1,327,0,-0.12,must
008203.png,DOC006,1,328,1,0.12,carefully
008204.png,DOC006,1,329,0,-0.12,consider
008205.png,DOC006,1,330,0,-0.12,the
008206.png,DOC006,1,331,0,-0.12,between
008207.png,DOC006,1,332,1,0.12,"latency,"
008208.png,DOC006,1,333,0,-0.12,"throughput,"
008209.png,DOC006,1,334,0,-0.12,and
008210.png,DOC006,1,335,0,-0.12,fault
008211.png,DOC006,1,336,0,-0.12,tolerance.
008212.png,DOC006,1,337,0,-0.12,In
008213.png,DOC006,1,338,0,-0.12,the
008214.png,DOC006,1,339,0,-0.12,context
008215.png,DOC006,1,340,1,0.12,of
008216.png,DOC006,1,341,0,-0.12,"steganography,"
008217.png,DOC006,1,342,0,-0.12,the
008218.png,DOC006,1,343,1,0.12,primary
008219.png,DOC006,1,344,0,-0.12,challenge
008220.png,DOC006,1,345,0,-0.12,is
008221.png,DOC006,1,346,0,-0.12,overcoming
008222.png,DOC006,1,347,0,-0.12,the
008223.png,DOC006,1,348,0,-0.12,physical
008224.png,DOC006,1,349,0,-0.12,channel
008225.png,DOC006,1,350,0,-0.12,introduced
008226.png,DOC006,1,351,0,-0.12,by
008227.png,DOC006,1,352,0,-0.12,printers
008228.png,DOC006,1,353,1,0.12,and
008229.png,DOC006,1,354,0,-0.12,smartphone
008230.png,DOC006,1,355,0,-0.12,cameras.
008231.png,DOC006,1,356,0,-0.12,This
008232.png,DOC006,1,357,0,-0.12,requires
008233.png,DOC006,1,358,1,0.12,highly
008234.png,DOC006,1,359,0,-0.12,error
008235.png,DOC006,1,360,0,-0.12,correction
008236.png,DOC006,1,361,0,-0.12,"mechanisms,"
008237.png,DOC006,1,362,0,-0.12,such
008238.png,DOC006,1,363,0,-0.12,as
008239.png,DOC006,1,364,1,0.12,Reed-Solomon
008240.png,DOC006,1,365,0,-0.12,"coding,"
008241.png,DOC006,1,366,0,-0.12,combined
008242.png,DOC006,1,367,0,-0.12,deep
008243.png,DOC006,1,368,0,-0.12,learning-based
008244.png,DOC006,1,369,0,-0.12,document
008245.png,DOC006,1,370,0,-0.12,dewarping
008246.png,DOC006,1,371,1,0.12,and
008247.png,DOC006,1,372,1,0.12,residual
008248.png,DOC006,1,373,1,0.12,feature
008249.png,DOC006,1,374,0,-0.12,extraction
008250.png,DOC006,2,0,0,-0.12,CONFIDENTIAL
008251.png,DOC006,2,1,1,0.12,ENGINEERING
008252.png,DOC006,2,2,1,0.12,EXAM
008253.png,DOC006,2,3,1,0.12,-
008254.png,DOC006,2,4,0,-0.12,PAGE
008255.png,DOC006,2,5,0,-0.12,QUESTION
008256.png,DOC006,2,6,0,-0.12,The
008257.png,DOC006,2,7,0,-0.12,rapid
008258.png,DOC006,2,8,1,0.12,advancement
008259.png,DOC006,2,9,0,-0.12,of
008260.png,DOC006,2,10,1,0.12,artificial
008261.png,DOC006,2,11,0,-0.12,intelligence
008262.png,DOC006,2,12,0,-0.12,and
008263.png,DOC006,2,13,0,-0.12,machine
008264.png,DOC006,2,14,0,-0.12,has
008265.png,DOC006,2,15,0,-0.12,fundamentally
008266.png,DOC006,2,16,0,-0.12,altered
008267.png,DOC006,2,17,1,0.12,the
008268.png,DOC006,2,18,0,-0.12,landscape
008269.png,DOC006,2,19,0,-0.12,of
008270.png,DOC006,2,20,1,0.12,modern
008271.png,DOC006,2,21,0,-0.12,computing.
008272.png,DOC006,2,22,1,0.12,When
008273.png,DOC006,2,23,0,-0.12,scalable
008274.png,DOC006,2,24,0,-0.12,distributed
008275.png,DOC006,2,25,1,0.12,"systems,"
008276.png,DOC006,2,26,0,-0.12,engineers
008277.png,DOC006,2,27,1,0.12,must
008278.png,DOC006,2,28,0,-0.12,carefully
008279.png,DOC006,2,29,1,0.12,consider
008280.png,DOC006,2,30,1,0.12,the
008281.png,DOC006,2,31,0,-0.12,between
008282.png,DOC006,2,32,0,-0.12,"latency,"
008283.png,DOC006,2,33,0,-0.12,"throughput,"
008284.png,DOC006,2,34,1,0.12,and
008285.png,DOC006,2,35,1,0.12,fault
008286.png,DOC006,2,36,0,-0.12,tolerance.
008287.png,DOC006,2,37,0,-0.12,In
008288.png,DOC006,2,38,0,-0.12,the
008289.png,DOC006,2,39,0,-0.12,context
008290.png,DOC006,2,40,1,0.12,of
008291.png,DOC006,2,41,0,-0.12,"steganography,"
008292.png,DOC006,2,42,0,-0.12,the
008293.png,DOC006,2,43,1,0.12,primary
008294.png,DOC006,2,44,0,-0.12,challenge
008295.png,DOC006,2,45,1,0.12,is
008296.png,DOC006,2,46,0,-0.12,overcoming
008297.png,DOC006,2,47,0,-0.12,the
008298.png,DOC006,2,48,0,-0.12,physical
008299.png,DOC006,2,49,0,-0.12,channel
008300.png,DOC006,2,50,0,-0.12,introduced
008301.png,DOC006,2,51,0,-0.12,by
008302.png,DOC006,2,52,0,-0.12,printers
008303.png,DOC006,2,53,1,0.12,and
008304.png,DOC006,2,54,0,-0.12,smartphone
008305.png,DOC006,2,55,0,-0.12,cameras.
008306.png,DOC006,2,56,0,-0.12,This
008307.png,DOC006,2,57,0,-0.12,requires
008308.png,DOC006,2,58,1,0.12,highly
008309.png,DOC006,2,59,0,-0.12,error
008310.png,DOC006,2,60,0,-0.12,correction
008311.png,DOC006,2,61,0,-0.12,"mechanisms,"
008312.png,DOC006,2,62,0,-0.12,such
008313.png,DOC006,2,63,0,-0.12,as
008314.png,DOC006,2,64,1,0.12,Reed-Solomon
008315.png,DOC006,2,65,0,-0.12,"coding,"
008316.png,DOC006,2,66,0,-0.12,combined
008317.png,DOC006,2,67,0,-0.12,deep
008318.png,DOC006,2,68,0,-0.12,learning-based
008319.png,DOC006,2,69,1,0.12,document
008320.png,DOC006,2,70,0,-0.12,dewarping
008321.png,DOC006,2,71,0,-0.12,and
008322.png,DOC006,2,72,0,-0.12,residual
008323.png,DOC006,2,73,1,0.12,feature
008324.png,DOC006,2,74,0,-0.12,extraction
008325.png,DOC006,2,75,0,-0.12,reliably
008326.png,DOC006,2,76,0,-0.12,recover
008327.png,DOC006,2,77,0,-0.12,the
008328.png,DOC006,2,78,1,0.12,embedded
008329.png,DOC006,2,79,0,-0.12,cryptographic
008330.png,DOC006,2,80,0,-0.12,QUESTION
008331.png,DOC006,2,81,1,0.12,The
008332.png,DOC006,2,82,1,0.12,rapid
008333.png,DOC006,2,83,1,0.12,advancement
008334.png,DOC006,2,84,0,-0.12,of
008335.png,DOC006,2,85,0,-0.12,artificial
008336.png,DOC006,2,86,1,0.12,intelligence
008337.png,DOC006,2,87,0,-0.12,and
008338.png,DOC006,2,88,1,0.12,machine
008339.png,DOC006,2,89,1,0.12,has
008340.png,DOC006,2,90,1,0.12,fundamentally
008341.png,DOC006,2,91,0,-0.12,altered
008342.png,DOC006,2,92,1,0.12,the
008343.png,DOC006,2,93,0,-0.12,landscape
008344.png,DOC006,2,94,0,-0.12,of
008345.png,DOC006,2,95,0,-0.12,modern
008346.png,DOC006,2,96,0,-0.12,computing.
008347.png,DOC006,2,97,0,-0.12,When
008348.png,DOC006,2,98,0,-0.12,scalable
008349.png,DOC006,2,99,0,-0.12,distributed
008350.png,DOC006,2,100,0,-0.12,"systems,"
008351.png,DOC006,2,101,1,0.12,engineers
008352.png,DOC006,2,102,1,0.12,must
008353.png,DOC006,2,103,0,-0.12,carefully
008354.png,DOC006,2,104,1,0.12,consider
008355.png,DOC006,2,105,1,0.12,the
008356.png,DOC006,2,106,0,-0.12,between
008357.png,DOC006,2,107,0,-0.12,"latency,"
008358.png,DOC006,2,108,0,-0.12,"throughput,"
008359.png,DOC006,2,109,0,-0.12,and
008360.png,DOC006,2,110,0,-0.12,fault
008361.png,DOC006,2,111,0,-0.12,tolerance.
008362.png,DOC006,2,112,0,-0.12,In
008363.png,DOC006,2,113,1,0.12,the
008364.png,DOC006,2,114,0,-0.12,context
008365.png,DOC006,2,115,0,-0.12,of
008366.png,DOC006,2,116,0,-0.12,"steganography,"
008367.png,DOC006,2,117,0,-0.12,the
008368.png,DOC006,2,118,0,-0.12,primary
008369.png,DOC006,2,119,0,-0.12,challenge
008370.png,DOC006,2,120,1,0.12,is
008371.png,DOC006,2,121,0,-0.12,overcoming
008372.png,DOC006,2,122,1,0.12,the
008373.png,DOC006,2,123,0,-0.12,physical
008374.png,DOC006,2,124,1,0.12,channel
008375.png,DOC006,2,125,1,0.12,introduced
008376.png,DOC006,2,126,0,-0.12,by
008377.png,DOC006,2,127,1,0.12,printers
008378.png,DOC006,2,128,0,-0.12,and
008379.png,DOC006,2,129,1,0.12,smartphone
008380.png,DOC006,2,130,0,-0.12,cameras.
008381.png,DOC006,2,131,1,0.12,This
008382.png,DOC006,2,132,1,0.12,requires
008383.png,DOC006,2,133,1,0.12,highly
008384.png,DOC006,2,134,0,-0.12,error
008385.png,DOC006,2,135,0,-0.12,correction
008386.png,DOC006,2,136,0,-0.12,"mechanisms,"
008387.png,DOC006,2,137,0,-0.12,such
008388.png,DOC006,2,138,0,-0.12,as
008389.png,DOC006,2,139,0,-0.12,Reed-Solomon
008390.png,DOC006,2,140,1,0.12,"coding,"
008391.png,DOC006,2,141,0,-0.12,combined
008392.png,DOC006,2,142,0,-0.12,deep
008393.png,DOC006,2,143,1,0.12,learning-based
008394.png,DOC006,2,144,1,0.12,document
008395.png,DOC006,2,145,1,0.12,dewarping
008396.png,DOC006,2,146,0,-0.12,and
008397.png,DOC006,2,147,0,-0.12,residual
008398.png,DOC006,2,148,0,-0.12,feature
008399.png,DOC006,2,149,0,-0.12,extraction
008400.png,DOC006,2,150,0,-0.12,reliably
008401.png,DOC006,2,151,1,0.12,recover
008402.png,DOC006,2,152,0,-0.12,the
008403.png,DOC006,2,153,0,-0.12,embedded
008404.png,DOC006,2,154,0,-0.12,cryptographic
008405.png,DOC006,2,155,0,-0.12,QUESTION
008406.png,DOC006,2,156,0,-0.12,The
008407.png,DOC006,2,157,0,-0.12,rapid
008408.png,DOC006,2,158,0,-0.12,advancement
008409.png,DOC006,2,159,0,-0.12,of
008410.png,DOC006,2,160,1,0.12,artificial
008411.png,DOC006,2,161,1,0.12,intelligence
008412.png,DOC006,2,162,0,-0.12,and
008413.png,DOC006,2,163,0,-0.12,machine
008414.png,DOC006,2,164,1,0.12,has
008415.png,DOC006,2,165,0,-0.12,fundamentally
008416.png,DOC006,2,166,0,-0.12,altered
008417.png,DOC006,2,167,0,-0.12,the
008418.png,DOC006,2,168,1,0.12,landscape
008419.png,DOC006,2,169,1,0.12,of
008420.png,DOC006,2,170,0,-0.12,modern
008421.png,DOC006,2,171,0,-0.12,computing.
008422.png,DOC006,2,172,0,-0.12,When
008423.png,DOC006,2,173,1,0.12,scalable
008424.png,DOC006,2,174,1,0.12,distributed
008425.png,DOC006,2,175,1,0.12,"systems,"
008426.png,DOC006,2,176,1,0.12,engineers
008427.png,DOC006,2,177,0,-0.12,must
008428.png,DOC006,2,178,1,0.12,carefully
008429.png,DOC006,2,179,0,-0.12,consider
008430.png,DOC006,2,180,0,-0.12,the
008431.png,DOC006,2,181,1,0.12,between
008432.png,DOC006,2,182,1,0.12,"latency,"
008433.png,DOC006,2,183,0,-0.12,"throughput,"
008434.png,DOC006,2,184,0,-0.12,and
008435.png,DOC006,2,185,1,0.12,fault
008436.png,DOC006,2,186,1,0.12,tolerance.
008437.png,DOC006,2,187,0,-0.12,In
008438.png,DOC006,2,188,0,-0.12,the
008439.png,DOC006,2,189,1,0.12,context
008440.png,DOC006,2,190,0,-0.12,of
008441.png,DOC006,2,191,0,-0.12,"steganography,"
008442.png,DOC006,2,192,0,-0.12,the
008443.png,DOC006,2,193,0,-0.12,primary
008444.png,DOC006,2,194,1,0.12,challenge
008445.png,DOC006,2,195,0,-0.12,is
008446.png,DOC006,2,196,1,0.12,overcoming
008447.png,DOC006,2,197,1,0.12,the
008448.png,DOC006,2,198,1,0.12,physical
008449.png,DOC006,2,199,0,-0.12,channel
008450.png,DOC006,2,200,0,-0.12,introduced
008451.png,DOC006,2,201,0,-0.12,by
008452.png,DOC006,2,202,1,0.12,printers
008453.png,DOC006,2,203,0,-0.12,and
008454.png,DOC006,2,204,0,-0.12,smartphone
008455.png,DOC006,2,205,0,-0.12,cameras.
008456.png,DOC006,2,206,0,-0.12,This
008457.png,DOC006,2,207,0,-0.12,requires
008458.png,DOC006,2,208,0,-0.12,highly
008459.png,DOC006,2,209,1,0.12,error
008460.png,DOC006,2,210,0,-0.12,correction
008461.png,DOC006,2,211,1,0.12,"mechanisms,"
008462.png,DOC006,2,212,0,-0.12,such
008463.png,DOC006,2,213,1,0.12,as
008464.png,DOC006,2,214,1,0.12,Reed-Solomon
008465.png,DOC006,2,215,0,-0.12,"coding,"
008466.png,DOC006,2,216,0,-0.12,combined
008467.png,DOC006,2,217,1,0.12,deep
008468.png,DOC006,2,218,0,-0.12,learning-based
008469.png,DOC006,2,219,0,-0.12,document
008470.png,DOC006,2,220,0,-0.12,dewarping
008471.png,DOC006,2,221,1,0.12,and
008472.png,DOC006,2,222,0,-0.12,residual
008473.png,DOC006,2,223,0,-0.12,feature
008474.png,DOC006,2,224,0,-0.12,extraction
008475.png,DOC006,2,225,1,0.12,reliably
008476.png,DOC006,2,226,1,0.12,recover
008477.png,DOC006,2,227,0,-0.12,the
008478.png,DOC006,2,228,0,-0.12,embedded
008479.png,DOC006,2,229,0,-0.12,cryptographic
008480.png,DOC006,2,230,0,-0.12,QUESTION
008481.png,DOC006,2,231,0,-0.12,The
008482.png,DOC006,2,232,0,-0.12,rapid
008483.png,DOC006,2,233,0,-0.12,advancement
008484.png,DOC006,2,234,0,-0.12,of
008485.png,DOC006,2,235,0,-0.12,artificial
008486.png,DOC006,2,236,0,-0.12,intelligence
008487.png,DOC006,2,237,0,-0.12,and
008488.png,DOC006,2,238,0,-0.12,machine
008489.png,DOC006,2,239,1,0.12,has
008490.png,DOC006,2,240,0,-0.12,fundamentally
008491.png,DOC006,2,241,0,-0.12,altered
008492.png,DOC006,2,242,0,-0.12,the
008493.png,DOC006,2,243,0,-0.12,landscape
008494.png,DOC006,2,244,0,-0.12,of
008495.png,DOC006,2,245,0,-0.12,modern
008496.png,DOC006,2,246,0,-0.12,computing.
008497.png,DOC006,2,247,0,-0.12,When
008498.png,DOC006,2,248,1,0.12,scalable
008499.png,DOC006,2,249,0,-0.12,distributed
008500.png,DOC006,2,250,1,0.12,"systems,"
008501.png,DOC006,2,251,1,0.12,engineers
008502.png,DOC006,2,252,0,-0.12,must
008503.png,DOC006,2,253,0,-0.12,carefully
008504.png,DOC006,2,254,0,-0.12,consider
008505.png,DOC006,2,255,1,0.12,the
008506.png,DOC006,2,256,0,-0.12,between
008507.png,DOC006,2,257,0,-0.12,"latency,"
008508.png,DOC006,2,258,0,-0.12,"throughput,"
008509.png,DOC006,2,259,0,-0.12,and
008510.png,DOC006,2,260,1,0.12,fault
008511.png,DOC006,2,261,0,-0.12,tolerance.
008512.png,DOC006,2,262,0,-0.12,In
008513.png,DOC006,2,263,0,-0.12,the
008514.png,DOC006,2,264,1,0.12,context
008515.png,DOC006,2,265,0,-0.12,of
008516.png,DOC006,2,266,1,0.12,"steganography,"
008517.png,DOC006,2,267,1,0.12,the
008518.png,DOC006,2,268,0,-0.12,primary
008519.png,DOC006,2,269,0,-0.12,challenge
008520.png,DOC006,2,270,0,-0.12,is
008521.png,DOC006,2,271,0,-0.12,overcoming
008522.png,DOC006,2,272,1,0.12,the
008523.png,DOC006,2,273,1,0.12,physical
008524.png,DOC006,2,274,0,-0.12,channel
008525.png,DOC006,2,275,0,-0.12,introduced
008526.png,DOC006,2,276,1,0.12,by
008527.png,DOC006,2,277,1,0.12,printers
008528.png,DOC006,2,278,0,-0.12,and
008529.png,DOC006,2,279,0,-0.12,smartphone
008530.png,DOC006,2,280,0,-0.12,cameras.
008531.png,DOC006,2,281,0,-0.12,This
008532.png,DOC006,2,282,0,-0.12,requires
008533.png,DOC006,2,283,0,-0.12,highly
008534.png,DOC006,2,284,0,-0.12,error
008535.png,DOC006,2,285,0,-0.12,correction
008536.png,DOC006,2,286,0,-0.12,"mechanisms,"
008537.png,DOC006,2,287,0,-0.12,such
008538.png,DOC006,2,288,0,-0.12,as
008539.png,DOC006,2,289,0,-0.12,Reed-Solomon
008540.png,DOC006,2,290,0,-0.12,"coding,"
008541.png,DOC006,2,291,0,-0.12,combined
008542.png,DOC006,2,292,0,-0.12,deep
008543.png,DOC006,2,293,0,-0.12,learning-based
008544.png,DOC006,2,294,0,-0.12,document
008545.png,DOC006,2,295,0,-0.12,dewarping
008546.png,DOC006,2,296,0,-0.12,and
008547.png,DOC006,2,297,0,-0.12,residual
008548.png,DOC006,2,298,1,0.12,feature
008549.png,DOC006,2,299,0,-0.12,extraction
008550.png,DOC006,2,300,0,-0.12,reliably
008551.png,DOC006,2,301,1,0.12,recover
008552.png,DOC006,2,302,0,-0.12,the
008553.png,DOC006,2,303,0,-0.12,embedded
008554.png,DOC006,2,304,1,0.12,cryptographic
008555.png,DOC006,2,305,0,-0.12,QUESTION
008556.png,DOC006,2,306,0,-0.12,The
008557.png,DOC006,2,307,1,0.12,rapid
008558.png,DOC006,2,308,0,-0.12,advancement
008559.png,DOC006,2,309,0,-0.12,of
008560.png,DOC006,2,310,0,-0.12,artificial
008561.png,DOC006,2,311,1,0.12,intelligence
008562.png,DOC006,2,312,0,-0.12,and
008563.png,DOC006,2,313,0,-0.12,machine
008564.png,DOC006,2,314,0,-0.12,has
008565.png,DOC006,2,315,1,0.12,fundamentally
008566.png,DOC006,2,316,0,-0.12,altered
008567.png,DOC006,2,317,0,-0.12,the
008568.png,DOC006,2,318,0,-0.12,landscape
008569.png,DOC006,2,319,0,-0.12,of
008570.png,DOC006,2,320,0,-0.12,modern
008571.png,DOC006,2,321,0,-0.12,computing.
008572.png,DOC006,2,322,0,-0.12,When
008573.png,DOC006,2,323,0,-0.12,scalable
008574.png,DOC006,2,324,0,-0.12,distributed
008575.png,DOC006,2,325,0,-0.12,"systems,"
008576.png,DOC006,2,326,0,-0.12,engineers
008577.png,DOC006,2,327,0,-0.12,must
008578.png,DOC006,2,328,0,-0.12,carefully
008579.png,DOC006,2,329,1,0.12,consider
008580.png,DOC006,2,330,0,-0.12,the
008581.png,DOC006,2,331,1,0.12,between
008582.png,DOC006,2,332,0,-0.12,"latency,"
008583.png,DOC006,2,333,0,-0.12,"throughput,"
008584.png,DOC006,2,334,1,0.12,and
008585.png,DOC006,2,335,0,-0.12,fault
008586.png,DOC006,2,336,1,0.12,tolerance.
008587.png,DOC006,2,337,1,0.12,In
008588.png,DOC006,2,338,0,-0.12,the
008589.png,DOC006,2,339,0,-0.12,context
008590.png,DOC006,2,340,1,0.12,of
008591.png,DOC006,2,341,0,-0.12,"steganography,"
008592.png,DOC006,2,342,0,-0.12,the
008593.png,DOC006,2,343,1,0.12,primary
008594.png,DOC006,2,344,1,0.12,challenge
008595.png,DOC006,2,345,1,0.12,is
008596.png,DOC006,2,346,1,0.12,overcoming
008597.png,DOC006,2,347,0,-0.12,the
008598.png,DOC006,2,348,0,-0.12,physical
008599.png,DOC006,2,349,0,-0.12,channel
008600.png,DOC006,2,350,0,-0.12,introduced
008601.png,DOC006,2,351,0,-0.12,by
008602.png,DOC006,2,352,1,0.12,printers
008603.png,DOC006,2,353,1,0.12,and
008604.png,DOC006,2,354,0,-0.12,smartphone
008605.png,DOC006,2,355,0,-0.12,cameras.
008606.png,DOC006,2,356,0,-0.12,This
008607.png,DOC006,2,357,1,0.12,requires
008608.png,DOC006,2,358,0,-0.12,highly
008609.png,DOC006,2,359,0,-0.12,error
008610.png,DOC006,2,360,0,-0.12,correction
008611.png,DOC006,2,361,0,-0.12,"mechanisms,"
008612.png,DOC006,2,362,0,-0.12,such
008613.png,DOC006,2,363,0,-0.12,as
008614.png,DOC006,2,364,0,-0.12,Reed-Solomon
008615.png,DOC006,2,365,0,-0.12,"coding,"
008616.png,DOC006,2,366,1,0.12,combined
008617.png,DOC006,2,367,1,0.12,deep
008618.png,DOC006,2,368,1,0.12,learning-based
008619.png,DOC006,2,369,0,-0.12,document
008620.png,DOC006,2,370,0,-0.12,dewarping
008621.png,DOC006,2,371,1,0.12,and
008622.png,DOC006,2,372,0,-0.12,residual
008623.png,DOC006,2,373,0,-0.12,feature
008624.png,DOC006,2,374,1,0.12,extraction
008625.png,DOC006,3,0,0,-0.12,CONFIDENTIAL
008626.png,DOC006,3,1,0,-0.12,ENGINEERING
008627.png,DOC006,3,2,1,0.12,EXAM
008628.png,DOC006,3,3,0,-0.12,-
008629.png,DOC006,3,4,0,-0.12,PAGE
008630.png,DOC006,3,5,1,0.12,QUESTION
008631.png,DOC006,3,6,0,-0.12,The
008632.png,DOC006,3,7,1,0.12,rapid
008633.png,DOC006,3,8,1,0.12,advancement
008634.png,DOC006,3,9,0,-0.12,of
008635.png,DOC006,3,10,0,-0.12,artificial
008636.png,DOC006,3,11,0,-0.12,intelligence
008637.png,DOC006,3,12,0,-0.12,and
008638.png,DOC006,3,13,0,-0.12,machine
008639.png,DOC006,3,14,0,-0.12,has
008640.png,DOC006,3,15,0,-0.12,fundamentally
008641.png,DOC006,3,16,0,-0.12,altered
008642.png,DOC006,3,17,0,-0.12,the
008643.png,DOC006,3,18,0,-0.12,landscape
008644.png,DOC006,3,19,0,-0.12,of
008645.png,DOC006,3,20,0,-0.12,modern
008646.png,DOC006,3,21,1,0.12,computing.
008647.png,DOC006,3,22,0,-0.12,When
008648.png,DOC006,3,23,1,0.12,scalable
008649.png,DOC006,3,24,1,0.12,distributed
008650.png,DOC006,3,25,1,0.12,"systems,"
008651.png,DOC006,3,26,0,-0.12,engineers
008652.png,DOC006,3,27,0,-0.12,must
008653.png,DOC006,3,28,0,-0.12,carefully
008654.png,DOC006,3,29,1,0.12,consider
008655.png,DOC006,3,30,0,-0.12,the
008656.png,DOC006,3,31,0,-0.12,between
008657.png,DOC006,3,32,0,-0.12,"latency,"
008658.png,DOC006,3,33,0,-0.12,"throughput,"
008659.png,DOC006,3,34,1,0.12,and
008660.png,DOC006,3,35,1,0.12,fault
008661.png,DOC006,3,36,0,-0.12,tolerance.
008662.png,DOC006,3,37,0,-0.12,In
008663.png,DOC006,3,38,0,-0.12,the
008664.png,DOC006,3,39,0,-0.12,context
008665.png,DOC006,3,40,0,-0.12,of
008666.png,DOC006,3,41,1,0.12,"steganography,"
008667.png,DOC006,3,42,0,-0.12,the
008668.png,DOC006,3,43,0,-0.12,primary
008669.png,DOC006,3,44,0,-0.12,challenge
008670.png,DOC006,3,45,1,0.12,is
008671.png,DOC006,3,46,0,-0.12,overcoming
008672.png,DOC006,3,47,0,-0.12,the
008673.png,DOC006,3,48,0,-0.12,physical
008674.png,DOC006,3,49,0,-0.12,channel
008675.png,DOC006,3,50,0,-0.12,introduced
008676.png,DOC006,3,51,0,-0.12,by
008677.png,DOC006,3,52,1,0.12,printers
008678.png,DOC006,3,53,0,-0.12,and
008679.png,DOC006,3,54,0,-0.12,smartphone
008680.png,DOC006,3,55,0,-0.12,cameras.
008681.png,DOC006,3,56,1,0.12,This
008682.png,DOC006,3,57,0,-0.12,requires
008683.png,DOC006,3,58,0,-0.12,highly
008684.png,DOC006,3,59,0,-0.12,error
008685.png,DOC006,3,60,0,-0.12,correction
008686.png,DOC006,3,61,0,-0.12,"mechanisms,"
008687.png,DOC006,3,62,1,0.12,such
008688.png,DOC006,3,63,0,-0.12,as
008689.png,DOC006,3,64,0,-0.12,Reed-Solomon
008690.png,DOC006,3,65,1,0.12,"coding,"
008691.png,DOC006,3,66,1,0.12,combined
008692.png,DOC006,3,67,0,-0.12,deep
008693.png,DOC006,3,68,0,-0.12,learning-based
008694.png,DOC006,3,69,0,-0.12,document
008695.png,DOC006,3,70,0,-0.12,dewarping
008696.png,DOC006,3,71,1,0.12,and
008697.png,DOC006,3,72,0,-0.12,residual
008698.png,DOC006,3,73,0,-0.12,feature
008699.png,DOC006,3,74,0,-0.12,extraction
008700.png,DOC006,3,75,0,-0.12,reliably
008701.png,DOC006,3,76,1,0.12,recover
008702.png,DOC006,3,77,1,0.12,the
008703.png,DOC006,3,78,1,0.12,embedded
008704.png,DOC006,3,79,1,0.12,cryptographic
008705.png,DOC006,3,80,0,-0.12,QUESTION
008706.png,DOC006,3,81,0,-0.12,The
008707.png,DOC006,3,82,0,-0.12,rapid
008708.png,DOC006,3,83,0,-0.12,advancement
008709.png,DOC006,3,84,0,-0.12,of
008710.png,DOC006,3,85,0,-0.12,artificial
008711.png,DOC006,3,86,0,-0.12,intelligence
008712.png,DOC006,3,87,0,-0.12,and
008713.png,DOC006,3,88,1,0.12,machine
008714.png,DOC006,3,89,0,-0.12,has
008715.png,DOC006,3,90,0,-0.12,fundamentally
008716.png,DOC006,3,91,0,-0.12,altered
008717.png,DOC006,3,92,0,-0.12,the
008718.png,DOC006,3,93,0,-0.12,landscape
008719.png,DOC006,3,94,0,-0.12,of
008720.png,DOC006,3,95,0,-0.12,modern
008721.png,DOC006,3,96,1,0.12,computing.
008722.png,DOC006,3,97,1,0.12,When
008723.png,DOC006,3,98,0,-0.12,scalable
008724.png,DOC006,3,99,0,-0.12,distributed
008725.png,DOC006,3,100,0,-0.12,"systems,"
008726.png,DOC006,3,101,0,-0.12,engineers
008727.png,DOC006,3,102,0,-0.12,must
008728.png,DOC006,3,103,1,0.12,carefully
008729.png,DOC006,3,104,1,0.12,consider
008730.png,DOC006,3,105,0,-0.12,the
008731.png,DOC006,3,106,0,-0.12,between
008732.png,DOC006,3,107,1,0.12,"latency,"
008733.png,DOC006,3,108,0,-0.12,"throughput,"
008734.png,DOC006,3,109,0,-0.12,and
008735.png,DOC006,3,110,0,-0.12,fault
008736.png,DOC006,3,111,0,-0.12,tolerance.
008737.png,DOC006,3,112,0,-0.12,In
008738.png,DOC006,3,113,0,-0.12,the
008739.png,DOC006,3,114,0,-0.12,context
008740.png,DOC006,3,115,0,-0.12,of
008741.png,DOC006,3,116,0,-0.12,"steganography,"
008742.png,DOC006,3,117,0,-0.12,the
008743.png,DOC006,3,118,0,-0.12,primary
008744.png,DOC006,3,119,1,0.12,challenge
008745.png,DOC006,3,120,0,-0.12,is
008746.png,DOC006,3,121,0,-0.12,overcoming
008747.png,DOC006,3,122,1,0.12,the
008748.png,DOC006,3,123,0,-0.12,physical
008749.png,DOC006,3,124,0,-0.12,channel
008750.png,DOC006,3,125,0,-0.12,introduced
008751.png,DOC006,3,126,0,-0.12,by
008752.png,DOC006,3,127,1,0.12,printers
008753.png,DOC006,3,128,0,-0.12,and
008754.png,DOC006,3,129,0,-0.12,smartphone
008755.png,DOC006,3,130,0,-0.12,cameras.
008756.png,DOC006,3,131,0,-0.12,This
008757.png,DOC006,3,132,1,0.12,requires
008758.png,DOC006,3,133,1,0.12,highly
008759.png,DOC006,3,134,0,-0.12,error
008760.png,DOC006,3,135,1,0.12,correction
008761.png,DOC006,3,136,1,0.12,"mechanisms,"
008762.png,DOC006,3,137,1,0.12,such
008763.png,DOC006,3,138,1,0.12,as
008764.png,DOC006,3,139,0,-0.12,Reed-Solomon
008765.png,DOC006,3,140,1,0.12,"coding,"
008766.png,DOC006,3,141,0,-0.12,combined
008767.png,DOC006,3,142,0,-0.12,deep
008768.png,DOC006,3,143,0,-0.12,learning-based
008769.png,DOC006,3,144,0,-0.12,document
008770.png,DOC006,3,145,1,0.12,dewarping
008771.png,DOC006,3,146,0,-0.12,and
008772.png,DOC006,3,147,0,-0.12,residual
008773.png,DOC006,3,148,1,0.12,feature
008774.png,DOC006,3,149,0,-0.12,extraction
008775.png,DOC006,3,150,0,-0.12,reliably
008776.png,DOC006,3,151,0,-0.12,recover
008777.png,DOC006,3,152,0,-0.12,the
008778.png,DOC006,3,153,0,-0.12,embedded
008779.png,DOC006,3,154,1,0.12,cryptographic
008780.png,DOC006,3,155,0,-0.12,QUESTION
008781.png,DOC006,3,156,1,0.12,The
008782.png,DOC006,3,157,0,-0.12,rapid
008783.png,DOC006,3,158,0,-0.12,advancement
008784.png,DOC006,3,159,0,-0.12,of
008785.png,DOC006,3,160,1,0.12,artificial
008786.png,DOC006,3,161,0,-0.12,intelligence
008787.png,DOC006,3,162,0,-0.12,and
008788.png,DOC006,3,163,0,-0.12,machine
008789.png,DOC006,3,164,1,0.12,has
008790.png,DOC006,3,165,0,-0.12,fundamentally
008791.png,DOC006,3,166,0,-0.12,altered
008792.png,DOC006,3,167,1,0.12,the
008793.png,DOC006,3,168,0,-0.12,landscape
008794.png,DOC006,3,169,0,-0.12,of
008795.png,DOC006,3,170,0,-0.12,modern
008796.png,DOC006,3,171,0,-0.12,computing.
008797.png,DOC006,3,172,0,-0.12,When
008798.png,DOC006,3,173,0,-0.12,scalable
008799.png,DOC006,3,174,0,-0.12,distributed
008800.png,DOC006,3,175,1,0.12,"systems,"
008801.png,DOC006,3,176,1,0.12,engineers
008802.png,DOC006,3,177,0,-0.12,must
008803.png,DOC006,3,178,0,-0.12,carefully
008804.png,DOC006,3,179,0,-0.12,consider
008805.png,DOC006,3,180,0,-0.12,the
008806.png,DOC006,3,181,1,0.12,between
008807.png,DOC006,3,182,1,0.12,"latency,"
008808.png,DOC006,3,183,0,-0.12,"throughput,"
008809.png,DOC006,3,184,0,-0.12,and
008810.png,DOC006,3,185,0,-0.12,fault
008811.png,DOC006,3,186,0,-0.12,tolerance.
008812.png,DOC006,3,187,1,0.12,In
008813.png,DOC006,3,188,1,0.12,the
008814.png,DOC006,3,189,0,-0.12,context
008815.png,DOC006,3,190,0,-0.12,of
008816.png,DOC006,3,191,0,-0.12,"steganography,"
008817.png,DOC006,3,192,1,0.12,the
008818.png,DOC006,3,193,0,-0.12,primary
008819.png,DOC006,3,194,0,-0.12,challenge
008820.png,DOC006,3,195,0,-0.12,is
008821.png,DOC006,3,196,1,0.12,overcoming
008822.png,DOC006,3,197,1,0.12,the
008823.png,DOC006,3,198,0,-0.12,physical
008824.png,DOC006,3,199,0,-0.12,channel
008825.png,DOC006,3,200,1,0.12,introduced
008826.png,DOC006,3,201,1,0.12,by
008827.png,DOC006,3,202,0,-0.12,printers
008828.png,DOC006,3,203,0,-0.12,and
008829.png,DOC006,3,204,1,0.12,smartphone
008830.png,DOC006,3,205,1,0.12,cameras.
008831.png,DOC006,3,206,0,-0.12,This
008832.png,DOC006,3,207,0,-0.12,requires
008833.png,DOC006,3,208,0,-0.12,highly
008834.png,DOC006,3,209,0,-0.12,error
008835.png,DOC006,3,210,0,-0.12,correction
008836.png,DOC006,3,211,0,-0.12,"mechanisms,"
008837.png,DOC006,3,212,1,0.12,such
008838.png,DOC006,3,213,1,0.12,as
008839.png,DOC006,3,214,0,-0.12,Reed-Solomon
008840.png,DOC006,3,215,0,-0.12,"coding,"
008841.png,DOC006,3,216,1,0.12,combined
008842.png,DOC006,3,217,0,-0.12,deep
008843.png,DOC006,3,218,0,-0.12,learning-based
008844.png,DOC006,3,219,0,-0.12,document
008845.png,DOC006,3,220,0,-0.12,dewarping
008846.png,DOC006,3,221,0,-0.12,and
008847.png,DOC006,3,222,0,-0.12,residual
008848.png,DOC006,3,223,1,0.12,feature
008849.png,DOC006,3,224,0,-0.12,extraction
008850.png,DOC006,3,225,0,-0.12,reliably
008851.png,DOC006,3,226,0,-0.12,recover
008852.png,DOC006,3,227,1,0.12,the
008853.png,DOC006,3,228,0,-0.12,embedded
008854.png,DOC006,3,229,0,-0.12,cryptographic
008855.png,DOC006,3,230,1,0.12,QUESTION
008856.png,DOC006,3,231,0,-0.12,The
008857.png,DOC006,3,232,0,-0.12,rapid
008858.png,DOC006,3,233,1,0.12,advancement
008859.png,DOC006,3,234,0,-0.12,of
008860.png,DOC006,3,235,0,-0.12,artificial
008861.png,DOC006,3,236,1,0.12,intelligence
008862.png,DOC006,3,237,0,-0.12,and
008863.png,DOC006,3,238,0,-0.12,machine
008864.png,DOC006,3,239,0,-0.12,has
008865.png,DOC006,3,240,1,0.12,fundamentally
008866.png,DOC006,3,241,0,-0.12,altered
008867.png,DOC006,3,242,0,-0.12,the
008868.png,DOC006,3,243,0,-0.12,landscape
008869.png,DOC006,3,244,0,-0.12,of
008870.png,DOC006,3,245,0,-0.12,modern
008871.png,DOC006,3,246,0,-0.12,computing.
008872.png,DOC006,3,247,0,-0.12,When
008873.png,DOC006,3,248,0,-0.12,scalable
008874.png,DOC006,3,249,0,-0.12,distributed
008875.png,DOC006,3,250,1,0.12,"systems,"
008876.png,DOC006,3,251,1,0.12,engineers
008877.png,DOC006,3,252,0,-0.12,must
008878.png,DOC006,3,253,1,0.12,carefully
008879.png,DOC006,3,254,0,-0.12,consider
008880.png,DOC006,3,255,0,-0.12,the
008881.png,DOC006,3,256,0,-0.12,between
008882.png,DOC006,3,257,1,0.12,"latency,"
008883.png,DOC006,3,258,1,0.12,"throughput,"
008884.png,DOC006,3,259,0,-0.12,and
008885.png,DOC006,3,260,0,-0.12,fault
008886.png,DOC006,3,261,0,-0.12,tolerance.
008887.png,DOC006,3,262,1,0.12,In
008888.png,DOC006,3,263,0,-0.12,the
008889.png,DOC006,3,264,0,-0.12,context
008890.png,DOC006,3,265,1,0.12,of
008891.png,DOC006,3,266,0,-0.12,"steganography,"
008892.png,DOC006,3,267,0,-0.12,the
008893.png,DOC006,3,268,0,-0.12,primary
008894.png,DOC006,3,269,1,0.12,challenge
008895.png,DOC006,3,270,1,0.12,is
008896.png,DOC006,3,271,0,-0.12,overcoming
008897.png,DOC006,3,272,1,0.12,the
008898.png,DOC006,3,273,0,-0.12,physical
008899.png,DOC006,3,274,0,-0.12,channel
008900.png,DOC006,3,275,0,-0.12,introduced
008901.png,DOC006,3,276,1,0.12,by
008902.png,DOC006,3,277,1,0.12,printers
008903.png,DOC006,3,278,1,0.12,and
008904.png,DOC006,3,279,0,-0.12,smartphone
008905.png,DOC006,3,280,1,0.12,cameras.
008906.png,DOC006,3,281,1,0.12,This
008907.png,DOC006,3,282,0,-0.12,requires
008908.png,DOC006,3,283,1,0.12,highly
008909.png,DOC006,3,284,0,-0.12,error
008910.png,DOC006,3,285,1,0.12,correction
008911.png,DOC006,3,286,0,-0.12,"mechanisms,"
008912.png,DOC006,3,287,0,-0.12,such
008913.png,DOC006,3,288,0,-0.12,as
008914.png,DOC006,3,289,0,-0.12,Reed-Solomon
008915.png,DOC006,3,290,0,-0.12,"coding,"
008916.png,DOC006,3,291,0,-0.12,combined
008917.png,DOC006,3,292,0,-0.12,deep
008918.png,DOC006,3,293,1,0.12,learning-based
008919.png,DOC006,3,294,1,0.12,document
008920.png,DOC006,3,295,0,-0.12,dewarping
008921.png,DOC006,3,296,1,0.12,and
008922.png,DOC006,3,297,0,-0.12,residual
008923.png,DOC006,3,298,0,-0.12,feature
008924.png,DOC006,3,299,0,-0.12,extraction
008925.png,DOC006,3,300,0,-0.12,reliably
008926.png,DOC006,3,301,0,-0.12,recover
008927.png,DOC006,3,302,1,0.12,the
008928.png,DOC006,3,303,1,0.12,embedded
008929.png,DOC006,3,304,0,-0.12,cryptographic
008930.png,DOC006,3,305,0,-0.12,QUESTION
008931.png,DOC006,3,306,1,0.12,The
008932.png,DOC006,3,307,0,-0.12,rapid
008933.png,DOC006,3,308,1,0.12,advancement
008934.png,DOC006,3,309,1,0.12,of
008935.png,DOC006,3,310,0,-0.12,artificial
008936.png,DOC006,3,311,1,0.12,intelligence
008937.png,DOC006,3,312,1,0.12,and
008938.png,DOC006,3,313,0,-0.12,machine
008939.png,DOC006,3,314,1,0.12,has
008940.png,DOC006,3,315,0,-0.12,fundamentally
008941.png,DOC006,3,316,0,-0.12,altered
008942.png,DOC006,3,317,0,-0.12,the
008943.png,DOC006,3,318,0,-0.12,landscape
008944.png,DOC006,3,319,1,0.12,of
008945.png,DOC006,3,320,1,0.12,modern
008946.png,DOC006,3,321,0,-0.12,computing.
008947.png,DOC006,3,322,0,-0.12,When
008948.png,DOC006,3,323,0,-0.12,scalable
008949.png,DOC006,3,324,0,-0.12,distributed
008950.png,DOC006,3,325,0,-0.12,"systems,"
008951.png,DOC006,3,326,1,0.12,engineers
008952.png,DOC006,3,327,0,-0.12,must
008953.png,DOC006,3,328,0,-0.12,carefully
008954.png,DOC006,3,329,1,0.12,consider
008955.png,DOC006,3,330,0,-0.12,the
008956.png,DOC006,3,331,1,0.12,between
008957.png,DOC006,3,332,0,-0.12,"latency,"
008958.png,DOC006,3,333,0,-0.12,"throughput,"
008959.png,DOC006,3,334,0,-0.12,and
008960.png,DOC006,3,335,0,-0.12,fault
008961.png,DOC006,3,336,0,-0.12,tolerance.
008962.png,DOC006,3,337,0,-0.12,In
008963.png,DOC006,3,338,0,-0.12,the
008964.png,DOC006,3,339,0,-0.12,context
008965.png,DOC006,3,340,0,-0.12,of
008966.png,DOC006,3,341,0,-0.12,"steganography,"
008967.png,DOC006,3,342,0,-0.12,the
008968.png,DOC006,3,343,1,0.12,primary
008969.png,DOC006,3,344,1,0.12,challenge
008970.png,DOC006,3,345,0,-0.12,is
008971.png,DOC006,3,346,0,-0.12,overcoming
008972.png,DOC006,3,347,1,0.12,the
008973.png,DOC006,3,348,1,0.12,physical
008974.png,DOC006,3,349,0,-0.12,channel
008975.png,DOC006,3,350,0,-0.12,introduced
008976.png,DOC006,3,351,0,-0.12,by
008977.png,DOC006,3,352,0,-0.12,printers
008978.png,DOC006,3,353,0,-0.12,and
008979.png,DOC006,3,354,0,-0.12,smartphone
008980.png,DOC006,3,355,1,0.12,cameras.
008981.png,DOC006,3,356,1,0.12,This
008982.png,DOC006,3,357,1,0.12,requires
008983.png,DOC006,3,358,0,-0.12,highly
008984.png,DOC006,3,359,0,-0.12,error
008985.png,DOC006,3,360,1,0.12,correction
008986.png,DOC006,3,361,0,-0.12,"mechanisms,"
008987.png,DOC006,3,362,0,-0.12,such
008988.png,DOC006,3,363,0,-0.12,as
008989.png,DOC006,3,364,1,0.12,Reed-Solomon
008990.png,DOC006,3,365,0,-0.12,"coding,"
008991.png,DOC006,3,366,1,0.12,combined
008992.png,DOC006,3,367,1,0.12,deep
008993.png,DOC006,3,368,1,0.12,learning-based
008994.png,DOC006,3,369,0,-0.12,document
008995.png,DOC006,3,370,0,-0.12,dewarping
008996.png,DOC006,3,371,0,-0.12,and
008997.png,DOC006,3,372,0,-0.12,residual
008998.png,DOC006,3,373,1,0.12,feature
008999.png,DOC006,3,374,1,0.12,extraction
009000.png,DOC007,0,0,0,-0.12,CONFIDENTIAL
009001.png,DOC007,0,1,0,-0.12,ENGINEERING
009002.png,DOC007,0,2,0,-0.12,EXAM
009003.png,DOC007,0,3,1,0.12,-
009004.png,DOC007,0,4,1,0.12,PAGE
009005.png,DOC007,0,5,0,-0.12,QUESTION
009006.png,DOC007,0,6,0,-0.12,The
009007.png,DOC007,0,7,1,0.12,rapid
009008.png,DOC007,0,8,0,-0.12,advancement
009009.png,DOC007,0,9,1,0.12,of
009010.png,DOC007,0,10,1,0.12,artificial
009011.png,DOC007,0,11,0,-0.12,intelligence
009012.png,DOC007,0,12,0,-0.12,and
009013.png,DOC007,0,13,1,0.12,machine
009014.png,DOC007,0,14,0,-0.12,has
009015.png,DOC007,0,15,0,-0.12,fundamentally
009016.png,DOC007,0,16,0,-0.12,altered
009017.png,DOC007,0,17,1,0.12,the
009018.png,DOC007,0,18,0,-0.12,landscape
009019.png,DOC007,0,19,1,0.12,of
009020.png,DOC007,0,20,0,-0.12,modern
009021.png,DOC007,0,21,0,-0.12,computing.
009022.png,DOC007,0,22,0,-0.12,When
009023.png,DOC007,0,23,1,0.12,scalable
009024.png,DOC007,0,24,1,0.12,distributed
009025.png,DOC007,0,25,0,-0.12,"systems,"
009026.png,DOC007,0,26,0,-0.12,engineers
009027.png,DOC007,0,27,0,-0.12,must
009028.png,DOC007,0,28,1,0.12,carefully
009029.png,DOC007,0,29,0,-0.12,consider
009030.png,DOC007,0,30,0,-0.12,the
009031.png,DOC007,0,31,0,-0.12,between
009032.png,DOC007,0,32,1,0.12,"latency,"
009033.png,DOC007,0,33,0,-0.12,"throughput,"
009034.png,DOC007,0,34,0,-0.12,and
009035.png,DOC007,0,35,1,0.12,fault
009036.png,DOC007,0,36,0,-0.12,tolerance.
009037.png,DOC007,0,37,1,0.12,In
009038.png,DOC007,0,38,0,-0.12,the
009039.png,DOC007,0,39,0,-0.12,context
009040.png,DOC007,0,40,0,-0.12,of
009041.png,DOC007,0,41,0,-0.12,"steganography,"
009042.png,DOC007,0,42,0,-0.12,the
009043.png,DOC007,0,43,1,0.12,primary
009044.png,DOC007,0,44,0,-0.12,challenge
009045.png,DOC007,0,45,0,-0.12,is
009046.png,DOC007,0,46,1,0.12,overcoming
009047.png,DOC007,0,47,1,0.12,the
009048.png,DOC007,0,48,0,-0.12,physical
009049.png,DOC007,0,49,1,0.12,channel
009050.png,DOC007,0,50,1,0.12,introduced
009051.png,DOC007,0,51,0,-0.12,by
009052.png,DOC007,0,52,0,-0.12,printers
009053.png,DOC007,0,53,1,0.12,and
009054.png,DOC007,0,54,0,-0.12,smartphone
009055.png,DOC007,0,55,1,0.12,cameras.
009056.png,DOC007,0,56,0,-0.12,This
009057.png,DOC007,0,57,0,-0.12,requires
009058.png,DOC007,0,58,0,-0.12,highly
009059.png,DOC007,0,59,0,-0.12,error
009060.png,DOC007,0,60,0,-0.12,correction
009061.png,DOC007,0,61,0,-0.12,"mechanisms,"
009062.png,DOC007,0,62,1,0.12,such
009063.png,DOC007,0,63,1,0.12,as
009064.png,DOC007,0,64,0,-0.12,Reed-Solomon
009065.png,DOC007,0,65,0,-0.12,"coding,"
009066.png,DOC007,0,66,0,-0.12,combined
009067.png,DOC007,0,67,0,-0.12,deep
009068.png,DOC007,0,68,1,0.12,learning-based
009069.png,DOC007,0,69,0,-0.12,document
009070.png,DOC007,0,70,1,0.12,dewarping
009071.png,DOC007,0,71,0,-0.12,and
009072.png,DOC007,0,72,0,-0.12,residual
009073.png,DOC007,0,73,1,0.12,feature
009074.png,DOC007,0,74,1,0.12,extraction
009075.png,DOC007,0,75,0,-0.12,reliably
009076.png,DOC007,0,76,1,0.12,recover
009077.png,DOC007,0,77,1,0.12,the
009078.png,DOC007,0,78,1,0.12,embedded
009079.png,DOC007,0,79,0,-0.12,cryptographic
009080.png,DOC007,0,80,0,-0.12,QUESTION
009081.png,DOC007,0,81,0,-0.12,The
009082.png,DOC007,0,82,0,-0.12,rapid
009083.png,DOC007,0,83,0,-0.12,advancement
009084.png,DOC007,0,84,0,-0.12,of
009085.png,DOC007,0,85,0,-0.12,artificial
009086.png,DOC007,0,86,0,-0.12,intelligence
009087.png,DOC007,0,87,0,-0.12,and
009088.png,DOC007,0,88,1,0.12,machine
009089.png,DOC007,0,89,0,-0.12,has
009090.png,DOC007,0,90,0,-0.12,fundamentally
009091.png,DOC007,0,91,0,-0.12,altered
009092.png,DOC007,0,92,0,-0.12,the
009093.png,DOC007,0,93,1,0.12,landscape
009094.png,DOC007,0,94,1,0.12,of
009095.png,DOC007,0,95,1,0.12,modern
009096.png,DOC007,0,96,0,-0.12,computing.
009097.png,DOC007,0,97,0,-0.12,When
009098.png,DOC007,0,98,1,0.12,scalable
009099.png,DOC007,0,99,0,-0.12,distributed
009100.png,DOC007,0,100,1,0.12,"systems,"
009101.png,DOC007,0,101,0,-0.12,engineers
009102.png,DOC007,0,102,0,-0.12,must
009103.png,DOC007,0,103,0,-0.12,carefully
009104.png,DOC007,0,104,1,0.12,consider
009105.png,DOC007,0,105,1,0.12,the
009106.png,DOC007,0,106,1,0.12,between
009107.png,DOC007,0,107,0,-0.12,"latency,"
009108.png,DOC007,0,108,0,-0.12,"throughput,"
009109.png,DOC007,0,109,1,0.12,and
009110.png,DOC007,0,110,0,-0.12,fault
009111.png,DOC007,0,111,0,-0.12,tolerance.
009112.png,DOC007,0,112,0,-0.12,In
009113.png,DOC007,0,113,0,-0.12,the
009114.png,DOC007,0,114,0,-0.12,context
009115.png,DOC007,0,115,1,0.12,of
009116.png,DOC007,0,116,0,-0.12,"steganography,"
009117.png,DOC007,0,117,1,0.12,the
009118.png,DOC007,0,118,1,0.12,primary
009119.png,DOC007,0,119,0,-0.12,challenge
009120.png,DOC007,0,120,0,-0.12,is
009121.png,DOC007,0,121,1,0.12,overcoming
009122.png,DOC007,0,122,0,-0.12,the
009123.png,DOC007,0,123,0,-0.12,physical
009124.png,DOC007,0,124,0,-0.12,channel
009125.png,DOC007,0,125,0,-0.12,introduced
009126.png,DOC007,0,126,0,-0.12,by
009127.png,DOC007,0,127,1,0.12,printers
009128.png,DOC007,0,128,0,-0.12,and
009129.png,DOC007,0,129,0,-0.12,smartphone
009130.png,DOC007,0,130,0,-0.12,cameras.
009131.png,DOC007,0,131,0,-0.12,This
009132.png,DOC007,0,132,1,0.12,requires
009133.png,DOC007,0,133,0,-0.12,highly
009134.png,DOC007,0,134,1,0.12,error
009135.png,DOC007,0,135,0,-0.12,correction
009136.png,DOC007,0,136,0,-0.12,"mechanisms,"
009137.png,DOC007,0,137,0,-0.12,such
009138.png,DOC007,0,138,1,0.12,as
009139.png,DOC007,0,139,1,0.12,Reed-Solomon
009140.png,DOC007,0,140,1,0.12,"coding,"
009141.png,DOC007,0,141,0,-0.12,combined
009142.png,DOC007,0,142,0,-0.12,deep
009143.png,DOC007,0,143,0,-0.12,learning-based
009144.png,DOC007,0,144,0,-0.12,document
009145.png,DOC007,0,145,1,0.12,dewarping
009146.png,DOC007,0,146,0,-0.12,and
009147.png,DOC007,0,147,0,-0.12,residual
009148.png,DOC007,0,148,0,-0.12,feature
009149.png,DOC007,0,149,1,0.12,extraction
009150.png,DOC007,0,150,0,-0.12,reliably
009151.png,DOC007,0,151,0,-0.12,recover
009152.png,DOC007,0,152,0,-0.12,the
009153.png,DOC007,0,153,0,-0.12,embedded
009154.png,DOC007,0,154,0,-0.12,cryptographic
009155.png,DOC007,0,155,0,-0.12,QUESTION
009156.png,DOC007,0,156,0,-0.12,The
009157.png,DOC007,0,157,0,-0.12,rapid
009158.png,DOC007,0,158,0,-0.12,advancement
009159.png,DOC007,0,159,1,0.12,of
009160.png,DOC007,0,160,1,0.12,artificial
009161.png,DOC007,0,161,1,0.12,intelligence
009162.png,DOC007,0,162,0,-0.12,and
009163.png,DOC007,0,163,0,-0.12,machine
009164.png,DOC007,0,164,0,-0.12,has
009165.png,DOC007,0,165,0,-0.12,fundamentally
009166.png,DOC007,0,166,0,-0.12,altered
009167.png,DOC007,0,167,0,-0.12,the
009168.png,DOC007,0,168,1,0.12,landscape
009169.png,DOC007,0,169,0,-0.12,of
009170.png,DOC007,0,170,1,0.12,modern
009171.png,DOC007,0,171,1,0.12,computing.
009172.png,DOC007,0,172,0,-0.12,When
009173.png,DOC007,0,173,0,-0.12,scalable
009174.png,DOC007,0,174,1,0.12,distributed
009175.png,DOC007,0,175,0,-0.12,"systems,"
009176.png,DOC007,0,176,0,-0.12,engineers
009177.png,DOC007,0,177,0,-0.12,must
009178.png,DOC007,0,178,1,0.12,carefully
009179.png,DOC007,0,179,0,-0.12,consider
009180.png,DOC007,0,180,0,-0.12,the
009181.png,DOC007,0,181,1,0.12,between
009182.png,DOC007,0,182,0,-0.12,"latency,"
009183.png,DOC007,0,183,1,0.12,"throughput,"
009184.png,DOC007,0,184,0,-0.12,and
009185.png,DOC007,0,185,0,-0.12,fault
009186.png,DOC007,0,186,0,-0.12,tolerance.
009187.png,DOC007,0,187,0,-0.12,In
009188.png,DOC007,0,188,0,-0.12,the
009189.png,DOC007,0,189,0,-0.12,context
009190.png,DOC007,0,190,1,0.12,of
009191.png,DOC007,0,191,0,-0.12,"steganography,"
009192.png,DOC007,0,192,0,-0.12,the
009193.png,DOC007,0,193,1,0.12,primary
009194.png,DOC007,0,194,0,-0.12,challenge
009195.png,DOC007,0,195,1,0.12,is
009196.png,DOC007,0,196,0,-0.12,overcoming
009197.png,DOC007,0,197,1,0.12,the
009198.png,DOC007,0,198,0,-0.12,physical
009199.png,DOC007,0,199,0,-0.12,channel
009200.png,DOC007,0,200,1,0.12,introduced
009201.png,DOC007,0,201,0,-0.12,by
009202.png,DOC007,0,202,1,0.12,printers
009203.png,DOC007,0,203,0,-0.12,and
009204.png,DOC007,0,204,0,-0.12,smartphone
009205.png,DOC007,0,205,0,-0.12,cameras.
009206.png,DOC007,0,206,0,-0.12,This
009207.png,DOC007,0,207,0,-0.12,requires
009208.png,DOC007,0,208,0,-0.12,highly
009209.png,DOC007,0,209,1,0.12,error
009210.png,DOC007,0,210,0,-0.12,correction
009211.png,DOC007,0,211,0,-0.12,"mechanisms,"
009212.png,DOC007,0,212,0,-0.12,such
009213.png,DOC007,0,213,0,-0.12,as
009214.png,DOC007,0,214,0,-0.12,Reed-Solomon
009215.png,DOC007,0,215,1,0.12,"coding,"
009216.png,DOC007,0,216,0,-0.12,combined
009217.png,DOC007,0,217,1,0.12,deep
009218.png,DOC007,0,218,1,0.12,learning-based
009219.png,DOC007,0,219,0,-0.12,document
009220.png,DOC007,0,220,1,0.12,dewarping
009221.png,DOC007,0,221,0,-0.12,and
009222.png,DOC007,0,222,0,-0.12,residual
009223.png,DOC007,0,223,0,-0.12,feature
009224.png,DOC007,0,224,0,-0.12,extraction
009225.png,DOC007,0,225,1,0.12,reliably
009226.png,DOC007,0,226,0,-0.12,recover
009227.png,DOC007,0,227,0,-0.12,the
009228.png,DOC007,0,228,0,-0.12,embedded
009229.png,DOC007,0,229,0,-0.12,cryptographic
009230.png,DOC007,0,230,0,-0.12,QUESTION
009231.png,DOC007,0,231,0,-0.12,The
009232.png,DOC007,0,232,0,-0.12,rapid
009233.png,DOC007,0,233,1,0.12,advancement
009234.png,DOC007,0,234,0,-0.12,of
009235.png,DOC007,0,235,0,-0.12,artificial
009236.png,DOC007,0,236,0,-0.12,intelligence
009237.png,DOC007,0,237,1,0.12,and
009238.png,DOC007,0,238,0,-0.12,machine
009239.png,DOC007,0,239,0,-0.12,has
009240.png,DOC007,0,240,0,-0.12,fundamentally
009241.png,DOC007,0,241,1,0.12,altered
009242.png,DOC007,0,242,1,0.12,the
009243.png,DOC007,0,243,0,-0.12,landscape
009244.png,DOC007,0,244,0,-0.12,of
009245.png,DOC007,0,245,0,-0.12,modern
009246.png,DOC007,0,246,1,0.12,computing.
009247.png,DOC007,0,247,1,0.12,When
009248.png,DOC007,0,248,1,0.12,scalable
009249.png,DOC007,0,249,1,0.12,distributed
009250.png,DOC007,0,250,0,-0.12,"systems,"
009251.png,DOC007,0,251,0,-0.12,engineers
009252.png,DOC007,0,252,0,-0.12,must
009253.png,DOC007,0,253,0,-0.12,carefully
009254.png,DOC007,0,254,0,-0.12,consider
009255.png,DOC007,0,255,0,-0.12,the
009256.png,DOC007,0,256,0,-0.12,between
009257.png,DOC007,0,257,1,0.12,"latency,"
009258.png,DOC007,0,258,0,-0.12,"throughput,"
009259.png,DOC007,0,259,0,-0.12,and
009260.png,DOC007,0,260,0,-0.12,fault
009261.png,DOC007,0,261,0,-0.12,tolerance.
009262.png,DOC007,0,262,0,-0.12,In
009263.png,DOC007,0,263,1,0.12,the
009264.png,DOC007,0,264,0,-0.12,context
009265.png,DOC007,0,265,1,0.12,of
009266.png,DOC007,0,266,0,-0.12,"steganography,"
009267.png,DOC007,0,267,0,-0.12,the
009268.png,DOC007,0,268,0,-0.12,primary
009269.png,DOC007,0,269,1,0.12,challenge
009270.png,DOC007,0,270,0,-0.12,is
009271.png,DOC007,0,271,1,0.12,overcoming
009272.png,DOC007,0,272,1,0.12,the
009273.png,DOC007,0,273,0,-0.12,physical
009274.png,DOC007,0,274,0,-0.12,channel
009275.png,DOC007,0,275,0,-0.12,introduced
009276.png,DOC007,0,276,1,0.12,by
009277.png,DOC007,0,277,1,0.12,printers
009278.png,DOC007,0,278,0,-0.12,and
009279.png,DOC007,0,279,1,0.12,smartphone
009280.png,DOC007,0,280,0,-0.12,cameras.
009281.png,DOC007,0,281,0,-0.12,This
009282.png,DOC007,0,282,0,-0.12,requires
009283.png,DOC007,0,283,1,0.12,highly
009284.png,DOC007,0,284,1,0.12,error
009285.png,DOC007,0,285,0,-0.12,correction
009286.png,DOC007,0,286,1,0.12,"mechanisms,"
009287.png,DOC007,0,287,1,0.12,such
009288.png,DOC007,0,288,0,-0.12,as
009289.png,DOC007,0,289,0,-0.12,Reed-Solomon
009290.png,DOC007,0,290,0,-0.12,"coding,"
009291.png,DOC007,0,291,0,-0.12,combined
009292.png,DOC007,0,292,0,-0.12,deep
009293.png,DOC007,0,293,1,0.12,learning-based
009294.png,DOC007,0,294,0,-0.12,document
009295.png,DOC007,0,295,0,-0.12,dewarping
009296.png,DOC007,0,296,0,-0.12,and
009297.png,DOC007,0,297,0,-0.12,residual
009298.png,DOC007,0,298,0,-0.12,feature
009299.png,DOC007,0,299,1,0.12,extraction
009300.png,DOC007,0,300,0,-0.12,reliably
009301.png,DOC007,0,301,0,-0.12,recover
009302.png,DOC007,0,302,0,-0.12,the
009303.png,DOC007,0,303,0,-0.12,embedded
009304.png,DOC007,0,304,0,-0.12,cryptographic
009305.png,DOC007,0,305,0,-0.12,QUESTION
009306.png,DOC007,0,306,0,-0.12,The
009307.png,DOC007,0,307,0,-0.12,rapid
009308.png,DOC007,0,308,1,0.12,advancement
009309.png,DOC007,0,309,1,0.12,of
009310.png,DOC007,0,310,1,0.12,artificial
009311.png,DOC007,0,311,0,-0.12,intelligence
009312.png,DOC007,0,312,0,-0.12,and
009313.png,DOC007,0,313,0,-0.12,machine
009314.png,DOC007,0,314,1,0.12,has
009315.png,DOC007,0,315,0,-0.12,fundamentally
009316.png,DOC007,0,316,0,-0.12,altered
009317.png,DOC007,0,317,1,0.12,the
009318.png,DOC007,0,318,0,-0.12,landscape
009319.png,DOC007,0,319,0,-0.12,of
009320.png,DOC007,0,320,0,-0.12,modern
009321.png,DOC007,0,321,0,-0.12,computing.
009322.png,DOC007,0,322,0,-0.12,When
009323.png,DOC007,0,323,0,-0.12,scalable
009324.png,DOC007,0,324,0,-0.12,distributed
009325.png,DOC007,0,325,1,0.12,"systems,"
009326.png,DOC007,0,326,1,0.12,engineers
009327.png,DOC007,0,327,1,0.12,must
009328.png,DOC007,0,328,1,0.12,carefully
009329.png,DOC007,0,329,0,-0.12,consider
009330.png,DOC007,0,330,0,-0.12,the
009331.png,DOC007,0,331,1,0.12,between
009332.png,DOC007,0,332,1,0.12,"latency,"
009333.png,DOC007,0,333,0,-0.12,"throughput,"
009334.png,DOC007,0,334,0,-0.12,and
009335.png,DOC007,0,335,0,-0.12,fault
009336.png,DOC007,0,336,1,0.12,tolerance.
009337.png,DOC007,0,337,0,-0.12,In
009338.png,DOC007,0,338,0,-0.12,the
009339.png,DOC007,0,339,0,-0.12,context
009340.png,DOC007,0,340,0,-0.12,of
009341.png,DOC007,0,341,0,-0.12,"steganography,"
009342.png,DOC007,0,342,0,-0.12,the
009343.png,DOC007,0,343,0,-0.12,primary
009344.png,DOC007,0,344,0,-0.12,challenge
009345.png,DOC007,0,345,1,0.12,is
009346.png,DOC007,0,346,1,0.12,overcoming
009347.png,DOC007,0,347,0,-0.12,the
009348.png,DOC007,0,348,0,-0.12,physical
009349.png,DOC007,0,349,0,-0.12,channel
009350.png,DOC007,0,350,0,-0.12,introduced
009351.png,DOC007,0,351,0,-0.12,by
009352.png,DOC007,0,352,0,-0.12,printers
009353.png,DOC007,0,353,0,-0.12,and
009354.png,DOC007,0,354,0,-0.12,smartphone
009355.png,DOC007,0,355,0,-0.12,cameras.
009356.png,DOC007,0,356,0,-0.12,This
009357.png,DOC007,0,357,0,-0.12,requires
009358.png,DOC007,0,358,1,0.12,highly
009359.png,DOC007,0,359,0,-0.12,error
009360.png,DOC007,0,360,0,-0.12,correction
009361.png,DOC007,0,361,0,-0.12,"mechanisms,"
009362.png,DOC007,0,362,1,0.12,such
009363.png,DOC007,0,363,0,-0.12,as
009364.png,DOC007,0,364,0,-0.12,Reed-Solomon
009365.png,DOC007,0,365,1,0.12,"coding,"
009366.png,DOC007,0,366,1,0.12,combined
009367.png,DOC007,0,367,1,0.12,deep
009368.png,DOC007,0,368,0,-0.12,learning-based
009369.png,DOC007,0,369,0,-0.12,document
009370.png,DOC007,0,370,0,-0.12,dewarping
009371.png,DOC007,0,371,1,0.12,and
009372.png,DOC007,0,372,0,-0.12,residual
009373.png,DOC007,0,373,0,-0.12,feature
009374.png,DOC007,0,374,0,-0.12,extraction
009375.png,DOC007,1,0,0,-0.12,CONFIDENTIAL
009376.png,DOC007,1,1,1,0.12,ENGINEERING
009377.png,DOC007,1,2,0,-0.12,EXAM
009378.png,DOC007,1,3,0,-0.12,-
009379.png,DOC007,1,4,1,0.12,PAGE
009380.png,DOC007,1,5,0,-0.12,QUESTION
009381.png,DOC007,1,6,0,-0.12,The
009382.png,DOC007,1,7,0,-0.12,rapid
009383.png,DOC007,1,8,1,0.12,advancement
009384.png,DOC007,1,9,1,0.12,of
009385.png,DOC007,1,10,0,-0.12,artificial
009386.png,DOC007,1,11,0,-0.12,intelligence
009387.png,DOC007,1,12,1,0.12,and
009388.png,DOC007,1,13,0,-0.12,machine
009389.png,DOC007,1,14,1,0.12,has
009390.png,DOC007,1,15,0,-0.12,fundamentally
009391.png,DOC007,1,16,0,-0.12,altered
009392.png,DOC007,1,17,0,-0.12,the
009393.png,DOC007,1,18,0,-0.12,landscape
009394.png,DOC007,1,19,0,-0.12,of
009395.png,DOC007,1,20,0,-0.12,modern
009396.png,DOC007,1,21,0,-0.12,computing.
009397.png,DOC007,1,22,0,-0.12,When
009398.png,DOC007,1,23,0,-0.12,scalable
009399.png,DOC007,1,24,1,0.12,distributed
009400.png,DOC007,1,25,0,-0.12,"systems,"
009401.png,DOC007,1,26,1,0.12,engineers
009402.png,DOC007,1,27,0,-0.12,must
009403.png,DOC007,1,28,0,-0.12,carefully
009404.png,DOC007,1,29,0,-0.12,consider
009405.png,DOC007,1,30,0,-0.12,the
009406.png,DOC007,1,31,1,0.12,between
009407.png,DOC007,1,32,0,-0.12,"latency,"
009408.png,DOC007,1,33,1,0.12,"throughput,"
009409.png,DOC007,1,34,1,0.12,and
009410.png,DOC007,1,35,0,-0.12,fault
009411.png,DOC007,1,36,0,-0.12,tolerance.
009412.png,DOC007,1,37,0,-0.12,In
009413.png,DOC007,1,38,0,-0.12,the
009414.png,DOC007,1,39,1,0.12,context
009415.png,DOC007,1,40,0,-0.12,of
009416.png,DOC007,1,41,0,-0.12,"steganography,"
009417.png,DOC007,1,42,1,0.12,the
009418.png,DOC007,1,43,1,0.12,primary
009419.png,DOC007,1,44,1,0.12,challenge
009420.png,DOC007,1,45,0,-0.12,is
009421.png,DOC007,1,46,1,0.12,overcoming
009422.png,DOC007,1,47,0,-0.12,the
009423.png,DOC007,1,48,0,-0.12,physical
009424.png,DOC007,1,49,0,-0.12,channel
009425.png,DOC007,1,50,1,0.12,introduced
009426.png,DOC007,1,51,1,0.12,by
009427.png,DOC007,1,52,1,0.12,printers
009428.png,DOC007,1,53,1,0.12,and
009429.png,DOC007,1,54,0,-0.12,smartphone
009430.png,DOC007,1,55,0,-0.12,cameras.
009431.png,DOC007,1,56,0,-0.12,This
009432.png,DOC007,1,57,1,0.12,requires
009433.png,DOC007,1,58,0,-0.12,highly
009434.png,DOC007,1,59,0,-0.12,error
009435.png,DOC007,1,60,0,-0.12,correction
009436.png,DOC007,1,61,1,0.12,"mechanisms,"
009437.png,DOC007,1,62,0,-0.12,such
009438.png,DOC007,1,63,1,0.12,as
009439.png,DOC007,1,64,1,0.12,Reed-Solomon
009440.png,DOC007,1,65,1,0.12,"coding,"
009441.png,DOC007,1,66,0,-0.12,combined
009442.png,DOC007,1,67,0,-0.12,deep
009443.png,DOC007,1,68,0,-0.12,learning-based
009444.png,DOC007,1,69,0,-0.12,document
009445.png,DOC007,1,70,1,0.12,dewarping
009446.png,DOC007,1,71,0,-0.12,and
009447.png,DOC007,1,72,0,-0.12,residual
009448.png,DOC007,1,73,1,0.12,feature
009449.png,DOC007,1,74,0,-0.12,extraction
009450.png,DOC007,1,75,0,-0.12,reliably
009451.png,DOC007,1,76,1,0.12,recover
009452.png,DOC007,1,77,1,0.12,the
009453.png,DOC007,1,78,0,-0.12,embedded
009454.png,DOC007,1,79,0,-0.12,cryptographic
009455.png,DOC007,1,80,0,-0.12,QUESTION
009456.png,DOC007,1,81,1,0.12,The
009457.png,DOC007,1,82,0,-0.12,rapid
009458.png,DOC007,1,83,0,-0.12,advancement
009459.png,DOC007,1,84,0,-0.12,of
009460.png,DOC007,1,85,0,-0.12,artificial
009461.png,DOC007,1,86,0,-0.12,intelligence
009462.png,DOC007,1,87,0,-0.12,and
009463.png,DOC007,1,88,1,0.12,machine
009464.png,DOC007,1,89,0,-0.12,has
009465.png,DOC007,1,90,0,-0.12,fundamentally
009466.png,DOC007,1,91,0,-0.12,altered
009467.png,DOC007,1,92,0,-0.12,the
009468.png,DOC007,1,93,0,-0.12,landscape
009469.png,DOC007,1,94,0,-0.12,of
009470.png,DOC007,1,95,1,0.12,modern
009471.png,DOC007,1,96,1,0.12,computing.
009472.png,DOC007,1,97,1,0.12,When
009473.png,DOC007,1,98,1,0.12,scalable
009474.png,DOC007,1,99,0,-0.12,distributed
009475.png,DOC007,1,100,0,-0.12,"systems,"
009476.png,DOC007,1,101,0,-0.12,engineers
009477.png,DOC007,1,102,0,-0.12,must
009478.png,DOC007,1,103,0,-0.12,carefully
009479.png,DOC007,1,104,0,-0.12,consider
009480.png,DOC007,1,105,0,-0.12,the
009481.png,DOC007,1,106,1,0.12,between
009482.png,DOC007,1,107,0,-0.12,"latency,"
009483.png,DOC007,1,108,0,-0.12,"throughput,"
009484.png,DOC007,1,109,0,-0.12,and
009485.png,DOC007,1,110,1,0.12,fault
009486.png,DOC007,1,111,0,-0.12,tolerance.
009487.png,DOC007,1,112,0,-0.12,In
009488.png,DOC007,1,113,0,-0.12,the
009489.png,DOC007,1,114,0,-0.12,context
009490.png,DOC007,1,115,1,0.12,of
009491.png,DOC007,1,116,1,0.12,"steganography,"
009492.png,DOC007,1,117,0,-0.12,the
009493.png,DOC007,1,118,0,-0.12,primary
009494.png,DOC007,1,119,0,-0.12,challenge
009495.png,DOC007,1,120,0,-0.12,is
009496.png,DOC007,1,121,0,-0.12,overcoming
009497.png,DOC007,1,122,0,-0.12,the
009498.png,DOC007,1,123,0,-0.12,physical
009499.png,DOC007,1,124,0,-0.12,channel
009500.png,DOC007,1,125,1,0.12,introduced
009501.png,DOC007,1,126,1,0.12,by
009502.png,DOC007,1,127,0,-0.12,printers
009503.png,DOC007,1,128,0,-0.12,and
009504.png,DOC007,1,129,0,-0.12,smartphone
009505.png,DOC007,1,130,0,-0.12,cameras.
009506.png,DOC007,1,131,0,-0.12,This
009507.png,DOC007,1,132,0,-0.12,requires
009508.png,DOC007,1,133,0,-0.12,highly
009509.png,DOC007,1,134,0,-0.12,error
009510.png,DOC007,1,135,0,-0.12,correction
009511.png,DOC007,1,136,1,0.12,"mechanisms,"
009512.png,DOC007,1,137,0,-0.12,such
009513.png,DOC007,1,138,1,0.12,as
009514.png,DOC007,1,139,0,-0.12,Reed-Solomon
009515.png,DOC007,1,140,0,-0.12,"coding,"
009516.png,DOC007,1,141,0,-0.12,combined
009517.png,DOC007,1,142,0,-0.12,deep
009518.png,DOC007,1,143,0,-0.12,learning-based
009519.png,DOC007,1,144,0,-0.12,document
009520.png,DOC007,1,145,0,-0.12,dewarping
009521.png,DOC007,1,146,0,-0.12,and
009522.png,DOC007,1,147,1,0.12,residual
009523.png,DOC007,1,148,0,-0.12,feature
009524.png,DOC007,1,149,0,-0.12,extraction
009525.png,DOC007,1,150,1,0.12,reliably
009526.png,DOC007,1,151,0,-0.12,recover
009527.png,DOC007,1,152,0,-0.12,the
009528.png,DOC007,1,153,0,-0.12,embedded
009529.png,DOC007,1,154,0,-0.12,cryptographic
009530.png,DOC007,1,155,0,-0.12,QUESTION
009531.png,DOC007,1,156,0,-0.12,The
009532.png,DOC007,1,157,1,0.12,rapid
009533.png,DOC007,1,158,0,-0.12,advancement
009534.png,DOC007,1,159,0,-0.12,of
009535.png,DOC007,1,160,0,-0.12,artificial
009536.png,DOC007,1,161,1,0.12,intelligence
009537.png,DOC007,1,162,0,-0.12,and
009538.png,DOC007,1,163,0,-0.12,machine
009539.png,DOC007,1,164,1,0.12,has
009540.png,DOC007,1,165,0,-0.12,fundamentally
009541.png,DOC007,1,166,0,-0.12,altered
009542.png,DOC007,1,167,0,-0.12,the
009543.png,DOC007,1,168,0,-0.12,landscape
009544.png,DOC007,1,169,1,0.12,of
009545.png,DOC007,1,170,1,0.12,modern
009546.png,DOC007,1,171,0,-0.12,computing.
009547.png,DOC007,1,172,0,-0.12,When
009548.png,DOC007,1,173,0,-0.12,scalable
009549.png,DOC007,1,174,0,-0.12,distributed
009550.png,DOC007,1,175,0,-0.12,"systems,"
009551.png,DOC007,1,176,0,-0.12,engineers
009552.png,DOC007,1,177,0,-0.12,must
009553.png,DOC007,1,178,0,-0.12,carefully
009554.png,DOC007,1,179,0,-0.12,consider
009555.png,DOC007,1,180,1,0.12,the
009556.png,DOC007,1,181,1,0.12,between
009557.png,DOC007,1,182,0,-0.12,"latency,"
009558.png,DOC007,1,183,0,-0.12,"throughput,"
009559.png,DOC007,1,184,0,-0.12,and
009560.png,DOC007,1,185,0,-0.12,fault
009561.png,DOC007,1,186,0,-0.12,tolerance.
009562.png,DOC007,1,187,0,-0.12,In
009563.png,DOC007,1,188,0,-0.12,the
009564.png,DOC007,1,189,1,0.12,context
009565.png,DOC007,1,190,0,-0.12,of
009566.png,DOC007,1,191,1,0.12,"steganography,"
009567.png,DOC007,1,192,0,-0.12,the
009568.png,DOC007,1,193,0,-0.12,primary
009569.png,DOC007,1,194,0,-0.12,challenge
009570.png,DOC007,1,195,0,-0.12,is
009571.png,DOC007,1,196,0,-0.12,overcoming
009572.png,DOC007,1,197,0,-0.12,the
009573.png,DOC007,1,198,0,-0.12,physical
009574.png,DOC007,1,199,0,-0.12,channel
009575.png,DOC007,1,200,1,0.12,introduced
009576.png,DOC007,1,201,0,-0.12,by
009577.png,DOC007,1,202,0,-0.12,printers
009578.png,DOC007,1,203,1,0.12,and
009579.png,DOC007,1,204,1,0.12,smartphone
009580.png,DOC007,1,205,0,-0.12,cameras.
009581.png,DOC007,1,206,0,-0.12,This
009582.png,DOC007,1,207,0,-0.12,requires
009583.png,DOC007,1,208,0,-0.12,highly
009584.png,DOC007,1,209,0,-0.12,error
009585.png,DOC007,1,210,0,-0.12,correction
009586.png,DOC007,1,211,1,0.12,"mechanisms,"
009587.png,DOC007,1,212,0,-0.12,such
009588.png,DOC007,1,213,0,-0.12,as
009589.png,DOC007,1,214,1,0.12,Reed-Solomon
009590.png,DOC007,1,215,0,-0.12,"coding,"
009591.png,DOC007,1,216,0,-0.12,combined
009592.png,DOC007,1,217,0,-0.12,deep
009593.png,DOC007,1,218,0,-0.12,learning-based
009594.png,DOC007,1,219,0,-0.12,document
009595.png,DOC007,1,220,0,-0.12,dewarping
009596.png,DOC007,1,221,0,-0.12,and
009597.png,DOC007,1,222,0,-0.12,residual
009598.png,DOC007,1,223,1,0.12,feature
009599.png,DOC007,1,224,0,-0.12,extraction
009600.png,DOC007,1,225,0,-0.12,reliably
009601.png,DOC007,1,226,0,-0.12,recover
009602.png,DOC007,1,227,0,-0.12,the
009603.png,DOC007,1,228,0,-0.12,embedded
009604.png,DOC007,1,229,0,-0.12,cryptographic
009605.png,DOC007,1,230,0,-0.12,QUESTION
009606.png,DOC007,1,231,1,0.12,The
009607.png,DOC007,1,232,0,-0.12,rapid
009608.png,DOC007,1,233,1,0.12,advancement
009609.png,DOC007,1,234,0,-0.12,of
009610.png,DOC007,1,235,0,-0.12,artificial
009611.png,DOC007,1,236,0,-0.12,intelligence
009612.png,DOC007,1,237,0,-0.12,and
009613.png,DOC007,1,238,1,0.12,machine
009614.png,DOC007,1,239,0,-0.12,has
009615.png,DOC007,1,240,1,0.12,fundamentally
009616.png,DOC007,1,241,0,-0.12,altered
009617.png,DOC007,1,242,1,0.12,the
009618.png,DOC007,1,243,0,-0.12,landscape
009619.png,DOC007,1,244,0,-0.12,of
009620.png,DOC007,1,245,1,0.12,modern
009621.png,DOC007,1,246,1,0.12,computing.
009622.png,DOC007,1,247,1,0.12,When
009623.png,DOC007,1,248,1,0.12,scalable
009624.png,DOC007,1,249,1,0.12,distributed
009625.png,DOC007,1,250,1,0.12,"systems,"
009626.png,DOC007,1,251,0,-0.12,engineers
009627.png,DOC007,1,252,0,-0.12,must
009628.png,DOC007,1,253,1,0.12,carefully
009629.png,DOC007,1,254,1,0.12,consider
009630.png,DOC007,1,255,1,0.12,the
009631.png,DOC007,1,256,1,0.12,between
009632.png,DOC007,1,257,1,0.12,"latency,"
009633.png,DOC007,1,258,1,0.12,"throughput,"
009634.png,DOC007,1,259,1,0.12,and
009635.png,DOC007,1,260,1,0.12,fault
009636.png,DOC007,1,261,0,-0.12,tolerance.
009637.png,DOC007,1,262,1,0.12,In
009638.png,DOC007,1,263,0,-0.12,the
009639.png,DOC007,1,264,1,0.12,context
009640.png,DOC007,1,265,0,-0.12,of
009641.png,DOC007,1,266,0,-0.12,"steganography,"
009642.png,DOC007,1,267,0,-0.12,the
009643.png,DOC007,1,268,0,-0.12,primary
009644.png,DOC007,1,269,0,-0.12,challenge
009645.png,DOC007,1,270,0,-0.12,is
009646.png,DOC007,1,271,1,0.12,overcoming
009647.png,DOC007,1,272,1,0.12,the
009648.png,DOC007,1,273,1,0.12,physical
009649.png,DOC007,1,274,0,-0.12,channel
009650.png,DOC007,1,275,0,-0.12,introduced
009651.png,DOC007,1,276,0,-0.12,by
009652.png,DOC007,1,277,0,-0.12,printers
009653.png,DOC007,1,278,0,-0.12,and
009654.png,DOC007,1,279,1,0.12,smartphone
009655.png,DOC007,1,280,0,-0.12,cameras.
009656.png,DOC007,1,281,1,0.12,This
009657.png,DOC007,1,282,0,-0.12,requires
009658.png,DOC007,1,283,1,0.12,highly
009659.png,DOC007,1,284,0,-0.12,error
009660.png,DOC007,1,285,0,-0.12,correction
009661.png,DOC007,1,286,0,-0.12,"mechanisms,"
009662.png,DOC007,1,287,0,-0.12,such
009663.png,DOC007,1,288,0,-0.12,as
009664.png,DOC007,1,289,0,-0.12,Reed-Solomon
009665.png,DOC007,1,290,0,-0.12,"coding,"
009666.png,DOC007,1,291,1,0.12,combined
009667.png,DOC007,1,292,0,-0.12,deep
009668.png,DOC007,1,293,1,0.12,learning-based
009669.png,DOC007,1,294,0,-0.12,document
009670.png,DOC007,1,295,0,-0.12,dewarping
009671.png,DOC007,1,296,1,0.12,and
009672.png,DOC007,1,297,0,-0.12,residual
009673.png,DOC007,1,298,1,0.12,feature
009674.png,DOC007,1,299,0,-0.12,extraction
009675.png,DOC007,1,300,0,-0.12,reliably
009676.png,DOC007,1,301,1,0.12,recover
009677.png,DOC007,1,302,0,-0.12,the
009678.png,DOC007,1,303,0,-0.12,embedded
009679.png,DOC007,1,304,0,-0.12,cryptographic
009680.png,DOC007,1,305,0,-0.12,QUESTION
009681.png,DOC007,1,306,0,-0.12,The
009682.png,DOC007,1,307,0,-0.12,rapid
009683.png,DOC007,1,308,1,0.12,advancement
009684.png,DOC007,1,309,0,-0.12,of
009685.png,DOC007,1,310,1,0.12,artificial
009686.png,DOC007,1,311,0,-0.12,intelligence
009687.png,DOC007,1,312,1,0.12,and
009688.png,DOC007,1,313,1,0.12,machine
009689.png,DOC007,1,314,0,-0.12,has
009690.png,DOC007,1,315,1,0.12,fundamentally
009691.png,DOC007,1,316,1,0.12,altered
009692.png,DOC007,1,317,0,-0.12,the
009693.png,DOC007,1,318,1,0.12,landscape
009694.png,DOC007,1,319,0,-0.12,of
009695.png,DOC007,1,320,0,-0.12,modern
009696.png,DOC007,1,321,0,-0.12,computing.
009697.png,DOC007,1,322,1,0.12,When
009698.png,DOC007,1,323,0,-0.12,scalable
009699.png,DOC007,1,324,0,-0.12,distributed
009700.png,DOC007,1,325,0,-0.12,"systems,"
009701.png,DOC007,1,326,0,-0.12,engineers
009702.png,DOC007,1,327,0,-0.12,must
009703.png,DOC007,1,328,0,-0.12,carefully
009704.png,DOC007,1,329,1,0.12,consider
009705.png,DOC007,1,330,0,-0.12,the
009706.png,DOC007,1,331,1,0.12,between
009707.png,DOC007,1,332,0,-0.12,"latency,"
009708.png,DOC007,1,333,0,-0.12,"throughput,"
009709.png,DOC007,1,334,0,-0.12,and
009710.png,DOC007,1,335,0,-0.12,fault
009711.png,DOC007,1,336,1,0.12,tolerance.
009712.png,DOC007,1,337,1,0.12,In
009713.png,DOC007,1,338,1,0.12,the
009714.png,DOC007,1,339,0,-0.12,context
009715.png,DOC007,1,340,0,-0.12,of
009716.png,DOC007,1,341,0,-0.12,"steganography,"
009717.png,DOC007,1,342,0,-0.12,the
009718.png,DOC007,1,343,0,-0.12,primary
009719.png,DOC007,1,344,1,0.12,challenge
009720.png,DOC007,1,345,0,-0.12,is
009721.png,DOC007,1,346,0,-0.12,overcoming
009722.png,DOC007,1,347,0,-0.12,the
009723.png,DOC007,1,348,1,0.12,physical
009724.png,DOC007,1,349,0,-0.12,channel
009725.png,DOC007,1,350,0,-0.12,introduced
009726.png,DOC007,1,351,1,0.12,by
009727.png,DOC007,1,352,0,-0.12,printers
009728.png,DOC007,1,353,1,0.12,and
009729.png,DOC007,1,354,0,-0.12,smartphone
009730.png,DOC007,1,355,0,-0.12,cameras.
009731.png,DOC007,1,356,0,-0.12,This
009732.png,DOC007,1,357,1,0.12,requires
009733.png,DOC007,1,358,0,-0.12,highly
009734.png,DOC007,1,359,1,0.12,error
009735.png,DOC007,1,360,0,-0.12,correction
009736.png,DOC007,1,361,1,0.12,"mechanisms,"
009737.png,DOC007,1,362,0,-0.12,such
009738.png,DOC007,1,363,1,0.12,as
009739.png,DOC007,1,364,0,-0.12,Reed-Solomon
009740.png,DOC007,1,365,0,-0.12,"coding,"
009741.png,DOC007,1,366,1,0.12,combined
009742.png,DOC007,1,367,1,0.12,deep
009743.png,DOC007,1,368,0,-0.12,learning-based
009744.png,DOC007,1,369,0,-0.12,document
009745.png,DOC007,1,370,1,0.12,dewarping
009746.png,DOC007,1,371,1,0.12,and
009747.png,DOC007,1,372,0,-0.12,residual
009748.png,DOC007,1,373,0,-0.12,feature
009749.png,DOC007,1,374,0,-0.12,extraction
009750.png,DOC007,2,0,1,0.12,CONFIDENTIAL
009751.png,DOC007,2,1,0,-0.12,ENGINEERING
009752.png,DOC007,2,2,1,0.12,EXAM
009753.png,DOC007,2,3,1,0.12,-
009754.png,DOC007,2,4,0,-0.12,PAGE
009755.png,DOC007,2,5,0,-0.12,QUESTION
009756.png,DOC007,2,6,0,-0.12,The
009757.png,DOC007,2,7,0,-0.12,rapid
009758.png,DOC007,2,8,0,-0.12,advancement
009759.png,DOC007,2,9,1,0.12,of
009760.png,DOC007,2,10,0,-0.12,artificial
009761.png,DOC007,2,11,0,-0.12,intelligence
009762.png,DOC007,2,12,0,-0.12,and
009763.png,DOC007,2,13,1,0.12,machine
009764.png,DOC007,2,14,0,-0.12,has
009765.png,DOC007,2,15,0,-0.12,fundamentally
009766.png,DOC007,2,16,0,-0.12,altered
009767.png,DOC007,2,17,0,-0.12,the
009768.png,DOC007,2,18,0,-0.12,landscape
009769.png,DOC007,2,19,0,-0.12,of
009770.png,DOC007,2,20,1,0.12,modern
009771.png,DOC007,2,21,0,-0.12,computing.
009772.png,DOC007,2,22,1,0.12,When
009773.png,DOC007,2,23,0,-0.12,scalable
009774.png,DOC007,2,24,1,0.12,distributed
009775.png,DOC007,2,25,0,-0.12,"systems,"
009776.png,DOC007,2,26,0,-0.12,engineers
009777.png,DOC007,2,27,0,-0.12,must
009778.png,DOC007,2,28,1,0.12,carefully
009779.png,DOC007,2,29,1,0.12,consider
009780.png,DOC007,2,30,0,-0.12,the
009781.png,DOC007,2,31,1,0.12,between
009782.png,DOC007,2,32,0,-0.12,"latency,"
009783.png,DOC007,2,33,0,-0.12,"throughput,"
009784.png,DOC007,2,34,0,-0.12,and
009785.png,DOC007,2,35,0,-0.12,fault
009786.png,DOC007,2,36,1,0.12,tolerance.
009787.png,DOC007,2,37,0,-0.12,In
009788.png,DOC007,2,38,0,-0.12,the
009789.png,DOC007,2,39,1,0.12,context
009790.png,DOC007,2,40,1,0.12,of
009791.png,DOC007,2,41,0,-0.12,"steganography,"
009792.png,DOC007,2,42,0,-0.12,the
009793.png,DOC007,2,43,0,-0.12,primary
009794.png,DOC007,2,44,1,0.12,challenge
009795.png,DOC007,2,45,0,-0.12,is
009796.png,DOC007,2,46,0,-0.12,overcoming
009797.png,DOC007,2,47,0,-0.12,the
009798.png,DOC007,2,48,1,0.12,physical
009799.png,DOC007,2,49,0,-0.12,channel
009800.png,DOC007,2,50,1,0.12,introduced
009801.png,DOC007,2,51,0,-0.12,by
009802.png,DOC007,2,52,0,-0.12,printers
009803.png,DOC007,2,53,0,-0.12,and
009804.png,DOC007,2,54,0,-0.12,smartphone
009805.png,DOC007,2,55,1,0.12,cameras.
009806.png,DOC007,2,56,0,-0.12,This
009807.png,DOC007,2,57,0,-0.12,requires
009808.png,DOC007,2,58,0,-0.12,highly
009809.png,DOC007,2,59,0,-0.12,error
009810.png,DOC007,2,60,1,0.12,correction
009811.png,DOC007,2,61,0,-0.12,"mechanisms,"
009812.png,DOC007,2,62,1,0.12,such
009813.png,DOC007,2,63,1,0.12,as
009814.png,DOC007,2,64,1,0.12,Reed-Solomon
009815.png,DOC007,2,65,1,0.12,"coding,"
009816.png,DOC007,2,66,0,-0.12,combined
009817.png,DOC007,2,67,1,0.12,deep
009818.png,DOC007,2,68,0,-0.12,learning-based
009819.png,DOC007,2,69,0,-0.12,document
009820.png,DOC007,2,70,0,-0.12,dewarping
009821.png,DOC007,2,71,0,-0.12,and
009822.png,DOC007,2,72,0,-0.12,residual
009823.png,DOC007,2,73,0,-0.12,feature
009824.png,DOC007,2,74,0,-0.12,extraction
009825.png,DOC007,2,75,0,-0.12,reliably
009826.png,DOC007,2,76,0,-0.12,recover
009827.png,DOC007,2,77,0,-0.12,the
009828.png,DOC007,2,78,0,-0.12,embedded
009829.png,DOC007,2,79,0,-0.12,cryptographic
009830.png,DOC007,2,80,1,0.12,QUESTION
009831.png,DOC007,2,81,0,-0.12,The
009832.png,DOC007,2,82,0,-0.12,rapid
009833.png,DOC007,2,83,1,0.12,advancement
009834.png,DOC007,2,84,1,0.12,of
009835.png,DOC007,2,85,0,-0.12,artificial
009836.png,DOC007,2,86,0,-0.12,intelligence
009837.png,DOC007,2,87,1,0.12,and
009838.png,DOC007,2,88,1,0.12,machine
009839.png,DOC007,2,89,1,0.12,has
009840.png,DOC007,2,90,1,0.12,fundamentally
009841.png,DOC007,2,91,1,0.12,altered
009842.png,DOC007,2,92,1,0.12,the
009843.png,DOC007,2,93,0,-0.12,landscape
009844.png,DOC007,2,94,1,0.12,of
009845.png,DOC007,2,95,0,-0.12,modern
009846.png,DOC007,2,96,0,-0.12,computing.
009847.png,DOC007,2,97,1,0.12,When
009848.png,DOC007,2,98,0,-0.12,scalable
009849.png,DOC007,2,99,0,-0.12,distributed
009850.png,DOC007,2,100,0,-0.12,"systems,"
009851.png,DOC007,2,101,0,-0.12,engineers
009852.png,DOC007,2,102,1,0.12,must
009853.png,DOC007,2,103,0,-0.12,carefully
009854.png,DOC007,2,104,0,-0.12,consider
009855.png,DOC007,2,105,0,-0.12,the
009856.png,DOC007,2,106,0,-0.12,between
009857.png,DOC007,2,107,1,0.12,"latency,"
009858.png,DOC007,2,108,0,-0.12,"throughput,"
009859.png,DOC007,2,109,1,0.12,and
009860.png,DOC007,2,110,0,-0.12,fault
009861.png,DOC007,2,111,1,0.12,tolerance.
009862.png,DOC007,2,112,1,0.12,In
009863.png,DOC007,2,113,1,0.12,the
009864.png,DOC007,2,114,0,-0.12,context
009865.png,DOC007,2,115,0,-0.12,of
009866.png,DOC007,2,116,0,-0.12,"steganography,"
009867.png,DOC007,2,117,0,-0.12,the
009868.png,DOC007,2,118,0,-0.12,primary
009869.png,DOC007,2,119,0,-0.12,challenge
009870.png,DOC007,2,120,1,0.12,is
009871.png,DOC007,2,121,1,0.12,overcoming
009872.png,DOC007,2,122,0,-0.12,the
009873.png,DOC007,2,123,0,-0.12,physical
009874.png,DOC007,2,124,0,-0.12,channel
009875.png,DOC007,2,125,0,-0.12,introduced
009876.png,DOC007,2,126,0,-0.12,by
009877.png,DOC007,2,127,0,-0.12,printers
009878.png,DOC007,2,128,0,-0.12,and
009879.png,DOC007,2,129,1,0.12,smartphone
009880.png,DOC007,2,130,0,-0.12,cameras.
009881.png,DOC007,2,131,0,-0.12,This
009882.png,DOC007,2,132,0,-0.12,requires
009883.png,DOC007,2,133,0,-0.12,highly
009884.png,DOC007,2,134,1,0.12,error
009885.png,DOC007,2,135,1,0.12,correction
009886.png,DOC007,2,136,0,-0.12,"mechanisms,"
009887.png,DOC007,2,137,1,0.12,such
009888.png,DOC007,2,138,0,-0.12,as
009889.png,DOC007,2,139,1,0.12,Reed-Solomon
009890.png,DOC007,2,140,0,-0.12,"coding,"
009891.png,DOC007,2,141,1,0.12,combined
009892.png,DOC007,2,142,1,0.12,deep
009893.png,DOC007,2,143,0,-0.12,learning-based
009894.png,DOC007,2,144,0,-0.12,document
009895.png,DOC007,2,145,0,-0.12,dewarping
009896.png,DOC007,2,146,1,0.12,and
009897.png,DOC007,2,147,0,-0.12,residual
009898.png,DOC007,2,148,0,-0.12,feature
009899.png,DOC007,2,149,0,-0.12,extraction
009900.png,DOC007,2,150,1,0.12,reliably
009901.png,DOC007,2,151,1,0.12,recover
009902.png,DOC007,2,152,0,-0.12,the
009903.png,DOC007,2,153,1,0.12,embedded
009904.png,DOC007,2,154,1,0.12,cryptographic
009905.png,DOC007,2,155,1,0.12,QUESTION
009906.png,DOC007,2,156,0,-0.12,The
009907.png,DOC007,2,157,0,-0.12,rapid
009908.png,DOC007,2,158,0,-0.12,advancement
009909.png,DOC007,2,159,1,0.12,of
009910.png,DOC007,2,160,0,-0.12,artificial
009911.png,DOC007,2,161,1,0.12,intelligence
009912.png,DOC007,2,162,0,-0.12,and
009913.png,DOC007,2,163,0,-0.12,machine
009914.png,DOC007,2,164,1,0.12,has
009915.png,DOC007,2,165,0,-0.12,fundamentally
009916.png,DOC007,2,166,0,-0.12,altered
009917.png,DOC007,2,167,1,0.12,the
009918.png,DOC007,2,168,0,-0.12,landscape
009919.png,DOC007,2,169,0,-0.12,of
009920.png,DOC007,2,170,0,-0.12,modern
009921.png,DOC007,2,171,0,-0.12,computing.
009922.png,DOC007,2,172,0,-0.12,When
009923.png,DOC007,2,173,0,-0.12,scalable
009924.png,DOC007,2,174,0,-0.12,distributed
009925.png,DOC007,2,175,0,-0.12,"systems,"
009926.png,DOC007,2,176,0,-0.12,engineers
009927.png,DOC007,2,177,1,0.12,must
009928.png,DOC007,2,178,1,0.12,carefully
009929.png,DOC007,2,179,0,-0.12,consider
009930.png,DOC007,2,180,0,-0.12,the
009931.png,DOC007,2,181,1,0.12,between
009932.png,DOC007,2,182,0,-0.12,"latency,"
009933.png,DOC007,2,183,1,0.12,"throughput,"
009934.png,DOC007,2,184,0,-0.12,and
009935.png,DOC007,2,185,0,-0.12,fault
009936.png,DOC007,2,186,0,-0.12,tolerance.
009937.png,DOC007,2,187,0,-0.12,In
009938.png,DOC007,2,188,0,-0.12,the
009939.png,DOC007,2,189,0,-0.12,context
009940.png,DOC007,2,190,0,-0.12,of
009941.png,DOC007,2,191,1,0.12,"steganography,"
009942.png,DOC007,2,192,0,-0.12,the
009943.png,DOC007,2,193,0,-0.12,primary
009944.png,DOC007,2,194,1,0.12,challenge
009945.png,DOC007,2,195,0,-0.12,is
009946.png,DOC007,2,196,0,-0.12,overcoming
009947.png,DOC007,2,197,0,-0.12,the
009948.png,DOC007,2,198,0,-0.12,physical
009949.png,DOC007,2,199,1,0.12,channel
009950.png,DOC007,2,200,0,-0.12,introduced
009951.png,DOC007,2,201,0,-0.12,by
009952.png,DOC007,2,202,1,0.12,printers
009953.png,DOC007,2,203,0,-0.12,and
009954.png,DOC007,2,204,0,-0.12,smartphone
009955.png,DOC007,2,205,0,-0.12,cameras.
009956.png,DOC007,2,206,0,-0.12,This
009957.png,DOC007,2,207,0,-0.12,requires
009958.png,DOC007,2,208,1,0.12,highly
009959.png,DOC007,2,209,1,0.12,error
009960.png,DOC007,2,210,0,-0.12,correction
009961.png,DOC007,2,211,1,0.12,"mechanisms,"
009962.png,DOC007,2,212,0,-0.12,such
009963.png,DOC007,2,213,0,-0.12,as
009964.png,DOC007,2,214,0,-0.12,Reed-Solomon
009965.png,DOC007,2,215,0,-0.12,"coding,"
009966.png,DOC007,2,216,0,-0.12,combined
009967.png,DOC007,2,217,0,-0.12,deep
009968.png,DOC007,2,218,1,0.12,learning-based
009969.png,DOC007,2,219,0,-0.12,document
009970.png,DOC007,2,220,0,-0.12,dewarping
009971.png,DOC007,2,221,0,-0.12,and
009972.png,DOC007,2,222,1,0.12,residual
009973.png,DOC007,2,223,0,-0.12,feature
009974.png,DOC007,2,224,0,-0.12,extraction
009975.png,DOC007,2,225,1,0.12,reliably
009976.png,DOC007,2,226,0,-0.12,recover
009977.png,DOC007,2,227,1,0.12,the
009978.png,DOC007,2,228,0,-0.12,embedded
009979.png,DOC007,2,229,0,-0.12,cryptographic
009980.png,DOC007,2,230,0,-0.12,QUESTION
009981.png,DOC007,2,231,0,-0.12,The
009982.png,DOC007,2,232,0,-0.12,rapid
009983.png,DOC007,2,233,0,-0.12,advancement
009984.png,DOC007,2,234,1,0.12,of
009985.png,DOC007,2,235,0,-0.12,artificial
009986.png,DOC007,2,236,0,-0.12,intelligence
009987.png,DOC007,2,237,1,0.12,and
009988.png,DOC007,2,238,0,-0.12,machine
009989.png,DOC007,2,239,0,-0.12,has
009990.png,DOC007,2,240,1,0.12,fundamentally
009991.png,DOC007,2,241,0,-0.12,altered
009992.png,DOC007,2,242,0,-0.12,the
009993.png,DOC007,2,243,0,-0.12,landscape
009994.png,DOC007,2,244,0,-0.12,of
009995.png,DOC007,2,245,1,0.12,modern
009996.png,DOC007,2,246,0,-0.12,computing.
009997.png,DOC007,2,247,0,-0.12,When
009998.png,DOC007,2,248,0,-0.12,scalable
009999.png,DOC007,2,249,0,-0.12,distributed
010000.png,DOC007,2,250,0,-0.12,"systems,"
010001.png,DOC007,2,251,0,-0.12,engineers
010002.png,DOC007,2,252,1,0.12,must
010003.png,DOC007,2,253,0,-0.12,carefully
010004.png,DOC007,2,254,1,0.12,consider
010005.png,DOC007,2,255,0,-0.12,the
010006.png,DOC007,2,256,0,-0.12,between
010007.png,DOC007,2,257,0,-0.12,"latency,"
010008.png,DOC007,2,258,0,-0.12,"throughput,"
010009.png,DOC007,2,259,0,-0.12,and
010010.png,DOC007,2,260,0,-0.12,fault
010011.png,DOC007,2,261,1,0.12,tolerance.
010012.png,DOC007,2,262,1,0.12,In
010013.png,DOC007,2,263,0,-0.12,the
010014.png,DOC007,2,264,0,-0.12,context
010015.png,DOC007,2,265,0,-0.12,of
010016.png,DOC007,2,266,0,-0.12,"steganography,"
010017.png,DOC007,2,267,0,-0.12,the
010018.png,DOC007,2,268,1,0.12,primary
010019.png,DOC007,2,269,1,0.12,challenge
010020.png,DOC007,2,270,0,-0.12,is
010021.png,DOC007,2,271,0,-0.12,overcoming
010022.png,DOC007,2,272,1,0.12,the
010023.png,DOC007,2,273,0,-0.12,physical
010024.png,DOC007,2,274,1,0.12,channel
010025.png,DOC007,2,275,1,0.12,introduced
010026.png,DOC007,2,276,0,-0.12,by
010027.png,DOC007,2,277,1,0.12,printers
010028.png,DOC007,2,278,0,-0.12,and
010029.png,DOC007,2,279,0,-0.12,smartphone
010030.png,DOC007,2,280,1,0.12,cameras.
010031.png,DOC007,2,281,0,-0.12,This
010032.png,DOC007,2,282,1,0.12,requires
010033.png,DOC007,2,283,0,-0.12,highly
010034.png,DOC007,2,284,1,0.12,error
010035.png,DOC007,2,285,1,0.12,correction
010036.png,DOC007,2,286,0,-0.12,"mechanisms,"
010037.png,DOC007,2,287,1,0.12,such
010038.png,DOC007,2,288,0,-0.12,as
010039.png,DOC007,2,289,1,0.12,Reed-Solomon
010040.png,DOC007,2,290,0,-0.12,"coding,"
010041.png,DOC007,2,291,0,-0.12,combined
010042.png,DOC007,2,292,0,-0.12,deep
010043.png,DOC007,2,293,0,-0.12,learning-based
010044.png,DOC007,2,294,0,-0.12,document
010045.png,DOC007,2,295,0,-0.12,dewarping
010046.png,DOC007,2,296,0,-0.12,and
010047.png,DOC007,2,297,0,-0.12,residual
010048.png,DOC007,2,298,0,-0.12,feature
010049.png,DOC007,2,299,0,-0.12,extraction
010050.png,DOC007,2,300,0,-0.12,reliably
010051.png,DOC007,2,301,0,-0.12,recover
010052.png,DOC007,2,302,1,0.12,the
010053.png,DOC007,2,303,0,-0.12,embedded
010054.png,DOC007,2,304,1,0.12,cryptographic
010055.png,DOC007,2,305,1,0.12,QUESTION
010056.png,DOC007,2,306,0,-0.12,The
010057.png,DOC007,2,307,0,-0.12,rapid
010058.png,DOC007,2,308,1,0.12,advancement
010059.png,DOC007,2,309,0,-0.12,of
010060.png,DOC007,2,310,0,-0.12,artificial
010061.png,DOC007,2,311,0,-0.12,intelligence
010062.png,DOC007,2,312,1,0.12,and
010063.png,DOC007,2,313,0,-0.12,machine
010064.png,DOC007,2,314,0,-0.12,has
010065.png,DOC007,2,315,1,0.12,fundamentally
010066.png,DOC007,2,316,0,-0.12,altered
010067.png,DOC007,2,317,0,-0.12,the
010068.png,DOC007,2,318,1,0.12,landscape
010069.png,DOC007,2,319,0,-0.12,of
010070.png,DOC007,2,320,0,-0.12,modern
010071.png,DOC007,2,321,0,-0.12,computing.
010072.png,DOC007,2,322,0,-0.12,When
010073.png,DOC007,2,323,1,0.12,scalable
010074.png,DOC007,2,324,0,-0.12,distributed
010075.png,DOC007,2,325,0,-0.12,"systems,"
010076.png,DOC007,2,326,0,-0.12,engineers
010077.png,DOC007,2,327,1,0.12,must
010078.png,DOC007,2,328,0,-0.12,carefully
010079.png,DOC007,2,329,1,0.12,consider
010080.png,DOC007,2,330,0,-0.12,the
010081.png,DOC007,2,331,1,0.12,between
010082.png,DOC007,2,332,0,-0.12,"latency,"
010083.png,DOC007,2,333,0,-0.12,"throughput,"
010084.png,DOC007,2,334,0,-0.12,and
010085.png,DOC007,2,335,0,-0.12,fault
010086.png,DOC007,2,336,0,-0.12,tolerance.
010087.png,DOC007,2,337,0,-0.12,In
010088.png,DOC007,2,338,0,-0.12,the
010089.png,DOC007,2,339,0,-0.12,context
010090.png,DOC007,2,340,1,0.12,of
010091.png,DOC007,2,341,1,0.12,"steganography,"
010092.png,DOC007,2,342,1,0.12,the
010093.png,DOC007,2,343,0,-0.12,primary
010094.png,DOC007,2,344,0,-0.12,challenge
010095.png,DOC007,2,345,0,-0.12,is
010096.png,DOC007,2,346,0,-0.12,overcoming
010097.png,DOC007,2,347,0,-0.12,the
010098.png,DOC007,2,348,0,-0.12,physical
010099.png,DOC007,2,349,0,-0.12,channel
010100.png,DOC007,2,350,1,0.12,introduced
010101.png,DOC007,2,351,0,-0.12,by
010102.png,DOC007,2,352,0,-0.12,printers
010103.png,DOC007,2,353,1,0.12,and
010104.png,DOC007,2,354,0,-0.12,smartphone
010105.png,DOC007,2,355,0,-0.12,cameras.
010106.png,DOC007,2,356,1,0.12,This
010107.png,DOC007,2,357,1,0.12,requires
010108.png,DOC007,2,358,1,0.12,highly
010109.png,DOC007,2,359,0,-0.12,error
010110.png,DOC007,2,360,1,0.12,correction
010111.png,DOC007,2,361,0,-0.12,"mechanisms,"
010112.png,DOC007,2,362,0,-0.12,such
010113.png,DOC007,2,363,0,-0.12,as
010114.png,DOC007,2,364,0,-0.12,Reed-Solomon
010115.png,DOC007,2,365,0,-0.12,"coding,"
010116.png,DOC007,2,366,0,-0.12,combined
010117.png,DOC007,2,367,1,0.12,deep
010118.png,DOC007,2,368,0,-0.12,learning-based
010119.png,DOC007,2,369,0,-0.12,document
010120.png,DOC007,2,370,0,-0.12,dewarping
010121.png,DOC007,2,371,0,-0.12,and
010122.png,DOC007,2,372,0,-0.12,residual
010123.png,DOC007,2,373,1,0.12,feature
010124.png,DOC007,2,374,0,-0.12,extraction
010125.png,DOC007,3,0,0,-0.12,CONFIDENTIAL
010126.png,DOC007,3,1,0,-0.12,ENGINEERING
010127.png,DOC007,3,2,1,0.12,EXAM
010128.png,DOC007,3,3,0,-0.12,-
010129.png,DOC007,3,4,0,-0.12,PAGE
010130.png,DOC007,3,5,0,-0.12,QUESTION
010131.png,DOC007,3,6,0,-0.12,The
010132.png,DOC007,3,7,0,-0.12,rapid
010133.png,DOC007,3,8,0,-0.12,advancement
010134.png,DOC007,3,9,0,-0.12,of
010135.png,DOC007,3,10,0,-0.12,artificial
010136.png,DOC007,3,11,0,-0.12,intelligence
010137.png,DOC007,3,12,0,-0.12,and
010138.png,DOC007,3,13,0,-0.12,machine
010139.png,DOC007,3,14,1,0.12,has
010140.png,DOC007,3,15,1,0.12,fundamentally
010141.png,DOC007,3,16,1,0.12,altered
010142.png,DOC007,3,17,0,-0.12,the
010143.png,DOC007,3,18,0,-0.12,landscape
010144.png,DOC007,3,19,0,-0.12,of
010145.png,DOC007,3,20,1,0.12,modern
010146.png,DOC007,3,21,1,0.12,computing.
010147.png,DOC007,3,22,0,-0.12,When
010148.png,DOC007,3,23,0,-0.12,scalable
010149.png,DOC007,3,24,1,0.12,distributed
010150.png,DOC007,3,25,0,-0.12,"systems,"
010151.png,DOC007,3,26,1,0.12,engineers
010152.png,DOC007,3,27,1,0.12,must
010153.png,DOC007,3,28,0,-0.12,carefully
010154.png,DOC007,3,29,0,-0.12,consider
010155.png,DOC007,3,30,0,-0.12,the
010156.png,DOC007,3,31,0,-0.12,between
010157.png,DOC007,3,32,1,0.12,"latency,"
010158.png,DOC007,3,33,0,-0.12,"throughput,"
010159.png,DOC007,3,34,1,0.12,and
010160.png,DOC007,3,35,0,-0.12,fault
010161.png,DOC007,3,36,0,-0.12,tolerance.
010162.png,DOC007,3,37,0,-0.12,In
010163.png,DOC007,3,38,0,-0.12,the
010164.png,DOC007,3,39,0,-0.12,context
010165.png,DOC007,3,40,0,-0.12,of
010166.png,DOC007,3,41,0,-0.12,"steganography,"
010167.png,DOC007,3,42,0,-0.12,the
010168.png,DOC007,3,43,0,-0.12,primary
010169.png,DOC007,3,44,1,0.12,challenge
010170.png,DOC007,3,45,0,-0.12,is
010171.png,DOC007,3,46,0,-0.12,overcoming
010172.png,DOC007,3,47,0,-0.12,the
010173.png,DOC007,3,48,1,0.12,physical
010174.png,DOC007,3,49,0,-0.12,channel
010175.png,DOC007,3,50,0,-0.12,introduced
010176.png,DOC007,3,51,1,0.12,by
010177.png,DOC007,3,52,1,0.12,printers
010178.png,DOC007,3,53,1,0.12,and
010179.png,DOC007,3,54,0,-0.12,smartphone
010180.png,DOC007,3,55,0,-0.12,cameras.
010181.png,DOC007,3,56,0,-0.12,This
010182.png,DOC007,3,57,1,0.12,requires
010183.png,DOC007,3,58,0,-0.12,highly
010184.png,DOC007,3,59,0,-0.12,error
010185.png,DOC007,3,60,0,-0.12,correction
010186.png,DOC007,3,61,1,0.12,"mechanisms,"
010187.png,DOC007,3,62,0,-0.12,such
010188.png,DOC007,3,63,0,-0.12,as
010189.png,DOC007,3,64,0,-0.12,Reed-Solomon
010190.png,DOC007,3,65,0,-0.12,"coding,"
010191.png,DOC007,3,66,0,-0.12,combined
010192.png,DOC007,3,67,0,-0.12,deep
010193.png,DOC007,3,68,0,-0.12,learning-based
010194.png,DOC007,3,69,0,-0.12,document
010195.png,DOC007,3,70,1,0.12,dewarping
010196.png,DOC007,3,71,0,-0.12,and
010197.png,DOC007,3,72,1,0.12,residual
010198.png,DOC007,3,73,0,-0.12,feature
010199.png,DOC007,3,74,0,-0.12,extraction
010200.png,DOC007,3,75,0,-0.12,reliably
010201.png,DOC007,3,76,0,-0.12,recover
010202.png,DOC007,3,77,0,-0.12,the
010203.png,DOC007,3,78,0,-0.12,embedded
010204.png,DOC007,3,79,0,-0.12,cryptographic
010205.png,DOC007,3,80,0,-0.12,QUESTION
010206.png,DOC007,3,81,1,0.12,The
010207.png,DOC007,3,82,0,-0.12,rapid
010208.png,DOC007,3,83,0,-0.12,advancement
010209.png,DOC007,3,84,0,-0.12,of
010210.png,DOC007,3,85,1,0.12,artificial
010211.png,DOC007,3,86,0,-0.12,intelligence
010212.png,DOC007,3,87,0,-0.12,and
010213.png,DOC007,3,88,1,0.12,machine
010214.png,DOC007,3,89,0,-0.12,has
010215.png,DOC007,3,90,0,-0.12,fundamentally
010216.png,DOC007,3,91,0,-0.12,altered
010217.png,DOC007,3,92,0,-0.12,the
010218.png,DOC007,3,93,1,0.12,landscape
010219.png,DOC007,3,94,0,-0.12,of
010220.png,DOC007,3,95,1,0.12,modern
010221.png,DOC007,3,96,0,-0.12,computing.
010222.png,DOC007,3,97,0,-0.12,When
010223.png,DOC007,3,98,1,0.12,scalable
010224.png,DOC007,3,99,0,-0.12,distributed
010225.png,DOC007,3,100,0,-0.12,"systems,"
010226.png,DOC007,3,101,0,-0.12,engineers
010227.png,DOC007,3,102,0,-0.12,must
010228.png,DOC007,3,103,1,0.12,carefully
010229.png,DOC007,3,104,1,0.12,consider
010230.png,DOC007,3,105,0,-0.12,the
010231.png,DOC007,3,106,0,-0.12,between
010232.png,DOC007,3,107,0,-0.12,"latency,"
010233.png,DOC007,3,108,1,0.12,"throughput,"
010234.png,DOC007,3,109,0,-0.12,and
010235.png,DOC007,3,110,0,-0.12,fault
010236.png,DOC007,3,111,1,0.12,tolerance.
010237.png,DOC007,3,112,0,-0.12,In
010238.png,DOC007,3,113,0,-0.12,the
010239.png,DOC007,3,114,1,0.12,context
010240.png,DOC007,3,115,0,-0.12,of
010241.png,DOC007,3,116,0,-0.12,"steganography,"
010242.png,DOC007,3,117,1,0.12,the
010243.png,DOC007,3,118,1,0.12,primary
010244.png,DOC007,3,119,0,-0.12,challenge
010245.png,DOC007,3,120,0,-0.12,is
010246.png,DOC007,3,121,1,0.12,overcoming
010247.png,DOC007,3,122,0,-0.12,the
010248.png,DOC007,3,123,1,0.12,physical
010249.png,DOC007,3,124,0,-0.12,channel
010250.png,DOC007,3,125,1,0.12,introduced
010251.png,DOC007,3,126,1,0.12,by
010252.png,DOC007,3,127,0,-0.12,printers
010253.png,DOC007,3,128,0,-0.12,and
010254.png,DOC007,3,129,0,-0.12,smartphone
010255.png,DOC007,3,130,0,-0.12,cameras.
010256.png,DOC007,3,131,0,-0.12,This
010257.png,DOC007,3,132,0,-0.12,requires
010258.png,DOC007,3,133,1,0.12,highly
010259.png,DOC007,3,134,1,0.12,error
010260.png,DOC007,3,135,0,-0.12,correction
010261.png,DOC007,3,136,0,-0.12,"mechanisms,"
010262.png,DOC007,3,137,0,-0.12,such
010263.png,DOC007,3,138,0,-0.12,as
010264.png,DOC007,3,139,0,-0.12,Reed-Solomon
010265.png,DOC007,3,140,0,-0.12,"coding,"
010266.png,DOC007,3,141,0,-0.12,combined
010267.png,DOC007,3,142,0,-0.12,deep
010268.png,DOC007,3,143,1,0.12,learning-based
010269.png,DOC007,3,144,0,-0.12,document
010270.png,DOC007,3,145,1,0.12,dewarping
010271.png,DOC007,3,146,0,-0.12,and
010272.png,DOC007,3,147,0,-0.12,residual
010273.png,DOC007,3,148,1,0.12,feature
010274.png,DOC007,3,149,0,-0.12,extraction
010275.png,DOC007,3,150,1,0.12,reliably
010276.png,DOC007,3,151,1,0.12,recover
010277.png,DOC007,3,152,1,0.12,the
010278.png,DOC007,3,153,0,-0.12,embedded
010279.png,DOC007,3,154,1,0.12,cryptographic
010280.png,DOC007,3,155,0,-0.12,QUESTION
010281.png,DOC007,3,156,0,-0.12,The
010282.png,DOC007,3,157,0,-0.12,rapid
010283.png,DOC007,3,158,0,-0.12,advancement
010284.png,DOC007,3,159,0,-0.12,of
010285.png,DOC007,3,160,0,-0.12,artificial
010286.png,DOC007,3,161,0,-0.12,intelligence
010287.png,DOC007,3,162,0,-0.12,and
010288.png,DOC007,3,163,1,0.12,machine
010289.png,DOC007,3,164,0,-0.12,has
010290.png,DOC007,3,165,0,-0.12,fundamentally
010291.png,DOC007,3,166,0,-0.12,altered
010292.png,DOC007,3,167,1,0.12,the
010293.png,DOC007,3,168,0,-0.12,landscape
010294.png,DOC007,3,169,1,0.12,of
010295.png,DOC007,3,170,0,-0.12,modern
010296.png,DOC007,3,171,0,-0.12,computing.
010297.png,DOC007,3,172,0,-0.12,When
010298.png,DOC007,3,173,0,-0.12,scalable
010299.png,DOC007,3,174,1,0.12,distributed
010300.png,DOC007,3,175,0,-0.12,"systems,"
010301.png,DOC007,3,176,0,-0.12,engineers
010302.png,DOC007,3,177,1,0.12,must
010303.png,DOC007,3,178,1,0.12,carefully
010304.png,DOC007,3,179,1,0.12,consider
010305.png,DOC007,3,180,0,-0.12,the
010306.png,DOC007,3,181,0,-0.12,between
010307.png,DOC007,3,182,0,-0.12,"latency,"
010308.png,DOC007,3,183,0,-0.12,"throughput,"
010309.png,DOC007,3,184,0,-0.12,and
010310.png,DOC007,3,185,1,0.12,fault
010311.png,DOC007,3,186,0,-0.12,tolerance.
010312.png,DOC007,3,187,0,-0.12,In
010313.png,DOC007,3,188,1,0.12,the
010314.png,DOC007,3,189,0,-0.12,context
010315.png,DOC007,3,190,0,-0.12,of
010316.png,DOC007,3,191,0,-0.12,"steganography,"
010317.png,DOC007,3,192,0,-0.12,the
010318.png,DOC007,3,193,0,-0.12,primary
010319.png,DOC007,3,194,1,0.12,challenge
010320.png,DOC007,3,195,1,0.12,is
010321.png,DOC007,3,196,1,0.12,overcoming
010322.png,DOC007,3,197,1,0.12,the
010323.png,DOC007,3,198,0,-0.12,physical
010324.png,DOC007,3,199,0,-0.12,channel
010325.png,DOC007,3,200,0,-0.12,introduced
010326.png,DOC007,3,201,0,-0.12,by
010327.png,DOC007,3,202,1,0.12,printers
010328.png,DOC007,3,203,0,-0.12,and
010329.png,DOC007,3,204,0,-0.12,smartphone
010330.png,DOC007,3,205,0,-0.12,cameras.
010331.png,DOC007,3,206,1,0.12,This
010332.png,DOC007,3,207,1,0.12,requires
010333.png,DOC007,3,208,0,-0.12,highly
010334.png,DOC007,3,209,1,0.12,error
010335.png,DOC007,3,210,0,-0.12,correction
010336.png,DOC007,3,211,0,-0.12,"mechanisms,"
010337.png,DOC007,3,212,0,-0.12,such
010338.png,DOC007,3,213,0,-0.12,as
010339.png,DOC007,3,214,0,-0.12,Reed-Solomon
010340.png,DOC007,3,215,0,-0.12,"coding,"
010341.png,DOC007,3,216,0,-0.12,combined
010342.png,DOC007,3,217,0,-0.12,deep
010343.png,DOC007,3,218,0,-0.12,learning-based
010344.png,DOC007,3,219,0,-0.12,document
010345.png,DOC007,3,220,0,-0.12,dewarping
010346.png,DOC007,3,221,0,-0.12,and
010347.png,DOC007,3,222,1,0.12,residual
010348.png,DOC007,3,223,1,0.12,feature
010349.png,DOC007,3,224,0,-0.12,extraction
010350.png,DOC007,3,225,0,-0.12,reliably
010351.png,DOC007,3,226,0,-0.12,recover
010352.png,DOC007,3,227,0,-0.12,the
010353.png,DOC007,3,228,0,-0.12,embedded
010354.png,DOC007,3,229,0,-0.12,cryptographic
010355.png,DOC007,3,230,1,0.12,QUESTION
010356.png,DOC007,3,231,0,-0.12,The
010357.png,DOC007,3,232,0,-0.12,rapid
010358.png,DOC007,3,233,0,-0.12,advancement
010359.png,DOC007,3,234,0,-0.12,of
010360.png,DOC007,3,235,0,-0.12,artificial
010361.png,DOC007,3,236,0,-0.12,intelligence
010362.png,DOC007,3,237,0,-0.12,and
010363.png,DOC007,3,238,0,-0.12,machine
010364.png,DOC007,3,239,0,-0.12,has
010365.png,DOC007,3,240,1,0.12,fundamentally
010366.png,DOC007,3,241,0,-0.12,altered
010367.png,DOC007,3,242,0,-0.12,the
010368.png,DOC007,3,243,0,-0.12,landscape
010369.png,DOC007,3,244,0,-0.12,of
010370.png,DOC007,3,245,0,-0.12,modern
010371.png,DOC007,3,246,0,-0.12,computing.
010372.png,DOC007,3,247,0,-0.12,When
010373.png,DOC007,3,248,1,0.12,scalable
010374.png,DOC007,3,249,1,0.12,distributed
010375.png,DOC007,3,250,0,-0.12,"systems,"
010376.png,DOC007,3,251,1,0.12,engineers
010377.png,DOC007,3,252,1,0.12,must
010378.png,DOC007,3,253,0,-0.12,carefully
010379.png,DOC007,3,254,0,-0.12,consider
010380.png,DOC007,3,255,0,-0.12,the
010381.png,DOC007,3,256,0,-0.12,between
010382.png,DOC007,3,257,0,-0.12,"latency,"
010383.png,DOC007,3,258,0,-0.12,"throughput,"
010384.png,DOC007,3,259,0,-0.12,and
010385.png,DOC007,3,260,0,-0.12,fault
010386.png,DOC007,3,261,1,0.12,tolerance.
010387.png,DOC007,3,262,0,-0.12,In
010388.png,DOC007,3,263,1,0.12,the
010389.png,DOC007,3,264,0,-0.12,context
010390.png,DOC007,3,265,0,-0.12,of
010391.png,DOC007,3,266,1,0.12,"steganography,"
010392.png,DOC007,3,267,0,-0.12,the
010393.png,DOC007,3,268,0,-0.12,primary
010394.png,DOC007,3,269,0,-0.12,challenge
010395.png,DOC007,3,270,1,0.12,is
010396.png,DOC007,3,271,1,0.12,overcoming
010397.png,DOC007,3,272,0,-0.12,the
010398.png,DOC007,3,273,1,0.12,physical
010399.png,DOC007,3,274,0,-0.12,channel
010400.png,DOC007,3,275,0,-0.12,introduced
010401.png,DOC007,3,276,0,-0.12,by
010402.png,DOC007,3,277,0,-0.12,printers
010403.png,DOC007,3,278,0,-0.12,and
010404.png,DOC007,3,279,0,-0.12,smartphone
010405.png,DOC007,3,280,0,-0.12,cameras.
010406.png,DOC007,3,281,1,0.12,This
010407.png,DOC007,3,282,0,-0.12,requires
010408.png,DOC007,3,283,1,0.12,highly
010409.png,DOC007,3,284,0,-0.12,error
010410.png,DOC007,3,285,0,-0.12,correction
010411.png,DOC007,3,286,0,-0.12,"mechanisms,"
010412.png,DOC007,3,287,1,0.12,such
010413.png,DOC007,3,288,1,0.12,as
010414.png,DOC007,3,289,1,0.12,Reed-Solomon
010415.png,DOC007,3,290,0,-0.12,"coding,"
010416.png,DOC007,3,291,1,0.12,combined
010417.png,DOC007,3,292,1,0.12,deep
010418.png,DOC007,3,293,0,-0.12,learning-based
010419.png,DOC007,3,294,0,-0.12,document
010420.png,DOC007,3,295,1,0.12,dewarping
010421.png,DOC007,3,296,0,-0.12,and
010422.png,DOC007,3,297,1,0.12,residual
010423.png,DOC007,3,298,0,-0.12,feature
010424.png,DOC007,3,299,0,-0.12,extraction
010425.png,DOC007,3,300,1,0.12,reliably
010426.png,DOC007,3,301,1,0.12,recover
010427.png,DOC007,3,302,1,0.12,the
010428.png,DOC007,3,303,1,0.12,embedded
010429.png,DOC007,3,304,0,-0.12,cryptographic
010430.png,DOC007,3,305,0,-0.12,QUESTION
010431.png,DOC007,3,306,0,-0.12,The
010432.png,DOC007,3,307,0,-0.12,rapid
010433.png,DOC007,3,308,0,-0.12,advancement
010434.png,DOC007,3,309,0,-0.12,of
010435.png,DOC007,3,310,0,-0.12,artificial
010436.png,DOC007,3,311,1,0.12,intelligence
010437.png,DOC007,3,312,0,-0.12,and
010438.png,DOC007,3,313,0,-0.12,machine
010439.png,DOC007,3,314,0,-0.12,has
010440.png,DOC007,3,315,1,0.12,fundamentally
010441.png,DOC007,3,316,1,0.12,altered
010442.png,DOC007,3,317,0,-0.12,the
010443.png,DOC007,3,318,0,-0.12,landscape
010444.png,DOC007,3,319,0,-0.12,of
010445.png,DOC007,3,320,0,-0.12,modern
010446.png,DOC007,3,321,1,0.12,computing.
010447.png,DOC007,3,322,1,0.12,When
010448.png,DOC007,3,323,0,-0.12,scalable
010449.png,DOC007,3,324,0,-0.12,distributed
010450.png,DOC007,3,325,1,0.12,"systems,"
010451.png,DOC007,3,326,0,-0.12,engineers
010452.png,DOC007,3,327,0,-0.12,must
010453.png,DOC007,3,328,0,-0.12,carefully
010454.png,DOC007,3,329,1,0.12,consider
010455.png,DOC007,3,330,1,0.12,the
010456.png,DOC007,3,331,0,-0.12,between
010457.png,DOC007,3,332,1,0.12,"latency,"
010458.png,DOC007,3,333,1,0.12,"throughput,"
010459.png,DOC007,3,334,1,0.12,and
010460.png,DOC007,3,335,0,-0.12,fault
010461.png,DOC007,3,336,1,0.12,tolerance.
010462.png,DOC007,3,337,1,0.12,In
010463.png,DOC007,3,338,1,0.12,the
010464.png,DOC007,3,339,0,-0.12,context
010465.png,DOC007,3,340,0,-0.12,of
010466.png,DOC007,3,341,1,0.12,"steganography,"
010467.png,DOC007,3,342,1,0.12,the
010468.png,DOC007,3,343,0,-0.12,primary
010469.png,DOC007,3,344,0,-0.12,challenge
010470.png,DOC007,3,345,1,0.12,is
010471.png,DOC007,3,346,0,-0.12,overcoming
010472.png,DOC007,3,347,1,0.12,the
010473.png,DOC007,3,348,0,-0.12,physical
010474.png,DOC007,3,349,1,0.12,channel
010475.png,DOC007,3,350,0,-0.12,introduced
010476.png,DOC007,3,351,0,-0.12,by
010477.png,DOC007,3,352,0,-0.12,printers
010478.png,DOC007,3,353,1,0.12,and
010479.png,DOC007,3,354,0,-0.12,smartphone
010480.png,DOC007,3,355,0,-0.12,cameras.
010481.png,DOC007,3,356,1,0.12,This
010482.png,DOC007,3,357,0,-0.12,requires
010483.png,DOC007,3,358,0,-0.12,highly
010484.png,DOC007,3,359,0,-0.12,error
010485.png,DOC007,3,360,1,0.12,correction
010486.png,DOC007,3,361,1,0.12,"mechanisms,"
010487.png,DOC007,3,362,0,-0.12,such
010488.png,DOC007,3,363,1,0.12,as
010489.png,DOC007,3,364,1,0.12,Reed-Solomon
010490.png,DOC007,3,365,0,-0.12,"coding,"
010491.png,DOC007,3,366,0,-0.12,combined
010492.png,DOC007,3,367,0,-0.12,deep
010493.png,DOC007,3,368,0,-0.12,learning-based
010494.png,DOC007,3,369,1,0.12,document
010495.png,DOC007,3,370,1,0.12,dewarping
010496.png,DOC007,3,371,0,-0.12,and
010497.png,DOC007,3,372,0,-0.12,residual
010498.png,DOC007,3,373,0,-0.12,feature
010499.png,DOC007,3,374,0,-0.12,extraction
010500.png,DOC008,0,0,0,-0.12,CONFIDENTIAL
010501.png,DOC008,0,1,0,-0.12,ENGINEERING
010502.png,DOC008,0,2,1,0.12,EXAM
010503.png,DOC008,0,3,0,-0.12,-
010504.png,DOC008,0,4,1,0.12,PAGE
010505.png,DOC008,0,5,0,-0.12,QUESTION
010506.png,DOC008,0,6,0,-0.12,The
010507.png,DOC008,0,7,1,0.12,rapid
010508.png,DOC008,0,8,0,-0.12,advancement
010509.png,DOC008,0,9,0,-0.12,of
010510.png,DOC008,0,10,0,-0.12,artificial
010511.png,DOC008,0,11,1,0.12,intelligence
010512.png,DOC008,0,12,1,0.12,and
010513.png,DOC008,0,13,0,-0.12,machine
010514.png,DOC008,0,14,0,-0.12,has
010515.png,DOC008,0,15,1,0.12,fundamentally
010516.png,DOC008,0,16,1,0.12,altered
010517.png,DOC008,0,17,0,-0.12,the
010518.png,DOC008,0,18,1,0.12,landscape
010519.png,DOC008,0,19,0,-0.12,of
010520.png,DOC008,0,20,0,-0.12,modern
010521.png,DOC008,0,21,1,0.12,computing.
010522.png,DOC008,0,22,0,-0.12,When
010523.png,DOC008,0,23,1,0.12,scalable
010524.png,DOC008,0,24,0,-0.12,distributed
010525.png,DOC008,0,25,0,-0.12,"systems,"
010526.png,DOC008,0,26,0,-0.12,engineers
010527.png,DOC008,0,27,1,0.12,must
010528.png,DOC008,0,28,0,-0.12,carefully
010529.png,DOC008,0,29,0,-0.12,consider
010530.png,DOC008,0,30,1,0.12,the
010531.png,DOC008,0,31,0,-0.12,between
010532.png,DOC008,0,32,0,-0.12,"latency,"
010533.png,DOC008,0,33,0,-0.12,"throughput,"
010534.png,DOC008,0,34,0,-0.12,and
010535.png,DOC008,0,35,0,-0.12,fault
010536.png,DOC008,0,36,1,0.12,tolerance.
010537.png,DOC008,0,37,1,0.12,In
010538.png,DOC008,0,38,0,-0.12,the
010539.png,DOC008,0,39,0,-0.12,context
010540.png,DOC008,0,40,1,0.12,of
010541.png,DOC008,0,41,1,0.12,"steganography,"
010542.png,DOC008,0,42,1,0.12,the
010543.png,DOC008,0,43,1,0.12,primary
010544.png,DOC008,0,44,0,-0.12,challenge
010545.png,DOC008,0,45,1,0.12,is
010546.png,DOC008,0,46,0,-0.12,overcoming
010547.png,DOC008,0,47,0,-0.12,the
010548.png,DOC008,0,48,0,-0.12,physical
010549.png,DOC008,0,49,0,-0.12,channel
010550.png,DOC008,0,50,0,-0.12,introduced
010551.png,DOC008,0,51,0,-0.12,by
010552.png,DOC008,0,52,0,-0.12,printers
010553.png,DOC008,0,53,0,-0.12,and
010554.png,DOC008,0,54,0,-0.12,smartphone
010555.png,DOC008,0,55,0,-0.12,cameras.
010556.png,DOC008,0,56,1,0.12,This
010557.png,DOC008,0,57,0,-0.12,requires
010558.png,DOC008,0,58,0,-0.12,highly
010559.png,DOC008,0,59,0,-0.12,error
010560.png,DOC008,0,60,0,-0.12,correction
010561.png,DOC008,0,61,1,0.12,"mechanisms,"
010562.png,DOC008,0,62,0,-0.12,such
010563.png,DOC008,0,63,0,-0.12,as
010564.png,DOC008,0,64,1,0.12,Reed-Solomon
010565.png,DOC008,0,65,1,0.12,"coding,"
010566.png,DOC008,0,66,1,0.12,combined
010567.png,DOC008,0,67,0,-0.12,deep
010568.png,DOC008,0,68,0,-0.12,learning-based
010569.png,DOC008,0,69,0,-0.12,document
010570.png,DOC008,0,70,0,-0.12,dewarping
010571.png,DOC008,0,71,1,0.12,and
010572.png,DOC008,0,72,0,-0.12,residual
010573.png,DOC008,0,73,0,-0.12,feature
010574.png,DOC008,0,74,0,-0.12,extraction
010575.png,DOC008,0,75,0,-0.12,reliably
010576.png,DOC008,0,76,1,0.12,recover
010577.png,DOC008,0,77,0,-0.12,the
010578.png,DOC008,0,78,0,-0.12,embedded
010579.png,DOC008,0,79,0,-0.12,cryptographic
010580.png,DOC008,0,80,1,0.12,QUESTION
010581.png,DOC008,0,81,1,0.12,The
010582.png,DOC008,0,82,1,0.12,rapid
010583.png,DOC008,0,83,0,-0.12,advancement
010584.png,DOC008,0,84,0,-0.12,of
010585.png,DOC008,0,85,0,-0.12,artificial
010586.png,DOC008,0,86,0,-0.12,intelligence
010587.png,DOC008,0,87,1,0.12,and
010588.png,DOC008,0,88,1,0.12,machine
010589.png,DOC008,0,89,1,0.12,has
010590.png,DOC008,0,90,0,-0.12,fundamentally
010591.png,DOC008,0,91,0,-0.12,altered
010592.png,DOC008,0,92,1,0.12,the
010593.png,DOC008,0,93,0,-0.12,landscape
010594.png,DOC008,0,94,0,-0.12,of
010595.png,DOC008,0,95,0,-0.12,modern
010596.png,DOC008,0,96,0,-0.12,computing.
010597.png,DOC008,0,97,0,-0.12,When
010598.png,DOC008,0,98,1,0.12,scalable
010599.png,DOC008,0,99,0,-0.12,distributed
010600.png,DOC008,0,100,1,0.12,"systems,"
010601.png,DOC008,0,101,0,-0.12,engineers
010602.png,DOC008,0,102,0,-0.12,must
010603.png,DOC008,0,103,0,-0.12,carefully
010604.png,DOC008,0,104,1,0.12,consider
010605.png,DOC008,0,105,0,-0.12,the
010606.png,DOC008,0,106,0,-0.12,between
010607.png,DOC008,0,107,0,-0.12,"latency,"
010608.png,DOC008,0,108,0,-0.12,"throughput,"
010609.png,DOC008,0,109,0,-0.12,and
010610.png,DOC008,0,110,1,0.12,fault
010611.png,DOC008,0,111,0,-0.12,tolerance.
010612.png,DOC008,0,112,0,-0.12,In
010613.png,DOC008,0,113,0,-0.12,the
010614.png,DOC008,0,114,0,-0.12,context
010615.png,DOC008,0,115,1,0.12,of
010616.png,DOC008,0,116,1,0.12,"steganography,"
010617.png,DOC008,0,117,1,0.12,the
010618.png,DOC008,0,118,0,-0.12,primary
010619.png,DOC008,0,119,0,-0.12,challenge
010620.png,DOC008,0,120,0,-0.12,is
010621.png,DOC008,0,121,1,0.12,overcoming
010622.png,DOC008,0,122,1,0.12,the
010623.png,DOC008,0,123,0,-0.12,physical
010624.png,DOC008,0,124,1,0.12,channel
010625.png,DOC008,0,125,0,-0.12,introduced
010626.png,DOC008,0,126,0,-0.12,by
010627.png,DOC008,0,127,0,-0.12,printers
010628.png,DOC008,0,128,1,0.12,and
010629.png,DOC008,0,129,1,0.12,smartphone
010630.png,DOC008,0,130,0,-0.12,cameras.
010631.png,DOC008,0,131,1,0.12,This
010632.png,DOC008,0,132,0,-0.12,requires
010633.png,DOC008,0,133,0,-0.12,highly
010634.png,DOC008,0,134,1,0.12,error
010635.png,DOC008,0,135,0,-0.12,correction
010636.png,DOC008,0,136,0,-0.12,"mechanisms,"
010637.png,DOC008,0,137,0,-0.12,such
010638.png,DOC008,0,138,1,0.12,as
010639.png,DOC008,0,139,1,0.12,Reed-Solomon
010640.png,DOC008,0,140,0,-0.12,"coding,"
010641.png,DOC008,0,141,0,-0.12,combined
010642.png,DOC008,0,142,0,-0.12,deep
010643.png,DOC008,0,143,0,-0.12,learning-based
010644.png,DOC008,0,144,0,-0.12,document
010645.png,DOC008,0,145,1,0.12,dewarping
010646.png,DOC008,0,146,0,-0.12,and
010647.png,DOC008,0,147,0,-0.12,residual
010648.png,DOC008,0,148,0,-0.12,feature
010649.png,DOC008,0,149,1,0.12,extraction
010650.png,DOC008,0,150,0,-0.12,reliably
010651.png,DOC008,0,151,0,-0.12,recover
010652.png,DOC008,0,152,0,-0.12,the
010653.png,DOC008,0,153,0,-0.12,embedded
010654.png,DOC008,0,154,0,-0.12,cryptographic
010655.png,DOC008,0,155,0,-0.12,QUESTION
010656.png,DOC008,0,156,1,0.12,The
010657.png,DOC008,0,157,0,-0.12,rapid
010658.png,DOC008,0,158,0,-0.12,advancement
010659.png,DOC008,0,159,1,0.12,of
010660.png,DOC008,0,160,0,-0.12,artificial
010661.png,DOC008,0,161,0,-0.12,intelligence
010662.png,DOC008,0,162,1,0.12,and
010663.png,DOC008,0,163,0,-0.12,machine
010664.png,DOC008,0,164,1,0.12,has
010665.png,DOC008,0,165,0,-0.12,fundamentally
010666.png,DOC008,0,166,0,-0.12,altered
010667.png,DOC008,0,167,1,0.12,the
010668.png,DOC008,0,168,0,-0.12,landscape
010669.png,DOC008,0,169,0,-0.12,of
010670.png,DOC008,0,170,0,-0.12,modern
010671.png,DOC008,0,171,0,-0.12,computing.
010672.png,DOC008,0,172,0,-0.12,When
010673.png,DOC008,0,173,0,-0.12,scalable
010674.png,DOC008,0,174,1,0.12,distributed
010675.png,DOC008,0,175,1,0.12,"systems,"
010676.png,DOC008,0,176,1,0.12,engineers
010677.png,DOC008,0,177,0,-0.12,must
010678.png,DOC008,0,178,0,-0.12,carefully
010679.png,DOC008,0,179,1,0.12,consider
010680.png,DOC008,0,180,0,-0.12,the
010681.png,DOC008,0,181,0,-0.12,between
010682.png,DOC008,0,182,0,-0.12,"latency,"
010683.png,DOC008,0,183,1,0.12,"throughput,"
010684.png,DOC008,0,184,0,-0.12,and
010685.png,DOC008,0,185,1,0.12,fault
010686.png,DOC008,0,186,1,0.12,tolerance.
010687.png,DOC008,0,187,0,-0.12,In
010688.png,DOC008,0,188,0,-0.12,the
010689.png,DOC008,0,189,1,0.12,context
010690.png,DOC008,0,190,0,-0.12,of
010691.png,DOC008,0,191,0,-0.12,"steganography,"
010692.png,DOC008,0,192,0,-0.12,the
010693.png,DOC008,0,193,1,0.12,primary
010694.png,DOC008,0,194,1,0.12,challenge
010695.png,DOC008,0,195,0,-0.12,is
010696.png,DOC008,0,196,1,0.12,overcoming
010697.png,DOC008,0,197,0,-0.12,the
010698.png,DOC008,0,198,1,0.12,physical
010699.png,DOC008,0,199,0,-0.12,channel
010700.png,DOC008,0,200,1,0.12,introduced
010701.png,DOC008,0,201,1,0.12,by
010702.png,DOC008,0,202,0,-0.12,printers
010703.png,DOC008,0,203,0,-0.12,and
010704.png,DOC008,0,204,0,-0.12,smartphone
010705.png,DOC008,0,205,0,-0.12,cameras.
010706.png,DOC008,0,206,1,0.12,This
010707.png,DOC008,0,207,1,0.12,requires
010708.png,DOC008,0,208,0,-0.12,highly
010709.png,DOC008,0,209,0,-0.12,error
010710.png,DOC008,0,210,0,-0.12,correction
010711.png,DOC008,0,211,0,-0.12,"mechanisms,"
010712.png,DOC008,0,212,1,0.12,such
010713.png,DOC008,0,213,1,0.12,as
010714.png,DOC008,0,214,1,0.12,Reed-Solomon
010715.png,DOC008,0,215,0,-0.12,"coding,"
010716.png,DOC008,0,216,0,-0.12,combined
010717.png,DOC008,0,217,0,-0.12,deep
010718.png,DOC008,0,218,0,-0.12,learning-based
010719.png,DOC008,0,219,0,-0.12,document
010720.png,DOC008,0,220,0,-0.12,dewarping
010721.png,DOC008,0,221,0,-0.12,and
010722.png,DOC008,0,222,0,-0.12,residual
010723.png,DOC008,0,223,1,0.12,feature
010724.png,DOC008,0,224,0,-0.12,extraction
010725.png,DOC008,0,225,1,0.12,reliably
010726.png,DOC008,0,226,1,0.12,recover
010727.png,DOC008,0,227,0,-0.12,the
010728.png,DOC008,0,228,0,-0.12,embedded
010729.png,DOC008,0,229,0,-0.12,cryptographic
010730.png,DOC008,0,230,0,-0.12,QUESTION
010731.png,DOC008,0,231,0,-0.12,The
010732.png,DOC008,0,232,0,-0.12,rapid
010733.png,DOC008,0,233,1,0.12,advancement
010734.png,DOC008,0,234,0,-0.12,of
010735.png,DOC008,0,235,1,0.12,artificial
010736.png,DOC008,0,236,0,-0.12,intelligence
010737.png,DOC008,0,237,0,-0.12,and
010738.png,DOC008,0,238,0,-0.12,machine
010739.png,DOC008,0,239,1,0.12,has
010740.png,DOC008,0,240,0,-0.12,fundamentally
010741.png,DOC008,0,241,0,-0.12,altered
010742.png,DOC008,0,242,0,-0.12,the
010743.png,DOC008,0,243,0,-0.12,landscape
010744.png,DOC008,0,244,0,-0.12,of
010745.png,DOC008,0,245,1,0.12,modern
010746.png,DOC008,0,246,0,-0.12,computing.
010747.png,DOC008,0,247,0,-0.12,When
010748.png,DOC008,0,248,0,-0.12,scalable
010749.png,DOC008,0,249,1,0.12,distributed
010750.png,DOC008,0,250,1,0.12,"systems,"
010751.png,DOC008,0,251,0,-0.12,engineers
010752.png,DOC008,0,252,0,-0.12,must
010753.png,DOC008,0,253,1,0.12,carefully
010754.png,DOC008,0,254,0,-0.12,consider
010755.png,DOC008,0,255,0,-0.12,the
010756.png,DOC008,0,256,1,0.12,between
010757.png,DOC008,0,257,0,-0.12,"latency,"
010758.png,DOC008,0,258,0,-0.12,"throughput,"
010759.png,DOC008,0,259,0,-0.12,and
010760.png,DOC008,0,260,0,-0.12,fault
010761.png,DOC008,0,261,1,0.12,tolerance.
010762.png,DOC008,0,262,0,-0.12,In
010763.png,DOC008,0,263,0,-0.12,the
010764.png,DOC008,0,264,0,-0.12,context
010765.png,DOC008,0,265,1,0.12,of
010766.png,DOC008,0,266,1,0.12,"steganography,"
010767.png,DOC008,0,267,0,-0.12,the
010768.png,DOC008,0,268,1,0.12,primary
010769.png,DOC008,0,269,1,0.12,challenge
010770.png,DOC008,0,270,1,0.12,is
010771.png,DOC008,0,271,0,-0.12,overcoming
010772.png,DOC008,0,272,0,-0.12,the
010773.png,DOC008,0,273,0,-0.12,physical
010774.png,DOC008,0,274,0,-0.12,channel
010775.png,DOC008,0,275,1,0.12,introduced
010776.png,DOC008,0,276,0,-0.12,by
010777.png,DOC008,0,277,0,-0.12,printers
010778.png,DOC008,0,278,1,0.12,and
010779.png,DOC008,0,279,0,-0.12,smartphone
010780.png,DOC008,0,280,0,-0.12,cameras.
010781.png,DOC008,0,281,1,0.12,This
010782.png,DOC008,0,282,0,-0.12,requires
010783.png,DOC008,0,283,1,0.12,highly
010784.png,DOC008,0,284,0,-0.12,error
010785.png,DOC008,0,285,0,-0.12,correction
010786.png,DOC008,0,286,0,-0.12,"mechanisms,"
010787.png,DOC008,0,287,0,-0.12,such
010788.png,DOC008,0,288,0,-0.12,as
010789.png,DOC008,0,289,0,-0.12,Reed-Solomon
010790.png,DOC008,0,290,1,0.12,"coding,"
010791.png,DOC008,0,291,1,0.12,combined
010792.png,DOC008,0,292,0,-0.12,deep
010793.png,DOC008,0,293,0,-0.12,learning-based
010794.png,DOC008,0,294,0,-0.12,document
010795.png,DOC008,0,295,1,0.12,dewarping
010796.png,DOC008,0,296,1,0.12,and
010797.png,DOC008,0,297,1,0.12,residual
010798.png,DOC008,0,298,0,-0.12,feature
010799.png,DOC008,0,299,1,0.12,extraction
010800.png,DOC008,0,300,1,0.12,reliably
010801.png,DOC008,0,301,0,-0.12,recover
010802.png,DOC008,0,302,0,-0.12,the
010803.png,DOC008,0,303,0,-0.12,embedded
010804.png,DOC008,0,304,1,0.12,cryptographic
010805.png,DOC008,0,305,0,-0.12,QUESTION
010806.png,DOC008,0,306,0,-0.12,The
010807.png,DOC008,0,307,0,-0.12,rapid
010808.png,DOC008,0,308,0,-0.12,advancement
010809.png,DOC008,0,309,0,-0.12,of
010810.png,DOC008,0,310,0,-0.12,artificial
010811.png,DOC008,0,311,0,-0.12,intelligence
010812.png,DOC008,0,312,0,-0.12,and
010813.png,DOC008,0,313,0,-0.12,machine
010814.png,DOC008,0,314,0,-0.12,has
010815.png,DOC008,0,315,1,0.12,fundamentally
010816.png,DOC008,0,316,0,-0.12,altered
010817.png,DOC008,0,317,0,-0.12,the
010818.png,DOC008,0,318,0,-0.12,landscape
010819.png,DOC008,0,319,0,-0.12,of
010820.png,DOC008,0,320,0,-0.12,modern
010821.png,DOC008,0,321,1,0.12,computing.
010822.png,DOC008,0,322,0,-0.12,When
010823.png,DOC008,0,323,1,0.12,scalable
010824.png,DOC008,0,324,0,-0.12,distributed
010825.png,DOC008,0,325,0,-0.12,"systems,"
010826.png,DOC008,0,326,0,-0.12,engineers
010827.png,DOC008,0,327,0,-0.12,must
010828.png,DOC008,0,328,0,-0.12,carefully
010829.png,DOC008,0,329,1,0.12,consider
010830.png,DOC008,0,330,0,-0.12,the
010831.png,DOC008,0,331,0,-0.12,between
010832.png,DOC008,0,332,0,-0.12,"latency,"
010833.png,DOC008,0,333,0,-0.12,"throughput,"
010834.png,DOC008,0,334,0,-0.12,and
010835.png,DOC008,0,335,0,-0.12,fault
010836.png,DOC008,0,336,0,-0.12,tolerance.
010837.png,DOC008,0,337,0,-0.12,In
010838.png,DOC008,0,338,0,-0.12,the
010839.png,DOC008,0,339,0,-0.12,context
010840.png,DOC008,0,340,1,0.12,of
010841.png,DOC008,0,341,0,-0.12,"steganography,"
010842.png,DOC008,0,342,1,0.12,the
010843.png,DOC008,0,343,0,-0.12,primary
010844.png,DOC008,0,344,0,-0.12,challenge
010845.png,DOC008,0,345,0,-0.12,is
010846.png,DOC008,0,346,1,0.12,overcoming
010847.png,DOC008,0,347,1,0.12,the
010848.png,DOC008,0,348,0,-0.12,physical
010849.png,DOC008,0,349,0,-0.12,channel
010850.png,DOC008,0,350,0,-0.12,introduced
010851.png,DOC008,0,351,0,-0.12,by
010852.png,DOC008,0,352,0,-0.12,printers
010853.png,DOC008,0,353,0,-0.12,and
010854.png,DOC008,0,354,0,-0.12,smartphone
010855.png,DOC008,0,355,0,-0.12,cameras.
010856.png,DOC008,0,356,1,0.12,This
010857.png,DOC008,0,357,0,-0.12,requires
010858.png,DOC008,0,358,0,-0.12,highly
010859.png,DOC008,0,359,0,-0.12,error
010860.png,DOC008,0,360,0,-0.12,correction
010861.png,DOC008,0,361,0,-0.12,"mechanisms,"
010862.png,DOC008,0,362,0,-0.12,such
010863.png,DOC008,0,363,0,-0.12,as
010864.png,DOC008,0,364,0,-0.12,Reed-Solomon
010865.png,DOC008,0,365,0,-0.12,"coding,"
010866.png,DOC008,0,366,0,-0.12,combined
010867.png,DOC008,0,367,1,0.12,deep
010868.png,DOC008,0,368,0,-0.12,learning-based
010869.png,DOC008,0,369,1,0.12,document
010870.png,DOC008,0,370,0,-0.12,dewarping
010871.png,DOC008,0,371,1,0.12,and
010872.png,DOC008,0,372,0,-0.12,residual
010873.png,DOC008,0,373,0,-0.12,feature
010874.png,DOC008,0,374,0,-0.12,extraction
010875.png,DOC008,1,0,0,-0.12,CONFIDENTIAL
010876.png,DOC008,1,1,1,0.12,ENGINEERING
010877.png,DOC008,1,2,0,-0.12,EXAM
010878.png,DOC008,1,3,0,-0.12,-
010879.png,DOC008,1,4,0,-0.12,PAGE
010880.png,DOC008,1,5,1,0.12,QUESTION
010881.png,DOC008,1,6,1,0.12,The
010882.png,DOC008,1,7,0,-0.12,rapid
010883.png,DOC008,1,8,0,-0.12,advancement
010884.png,DOC008,1,9,0,-0.12,of
010885.png,DOC008,1,10,1,0.12,artificial
010886.png,DOC008,1,11,0,-0.12,intelligence
010887.png,DOC008,1,12,0,-0.12,and
010888.png,DOC008,1,13,1,0.12,machine
010889.png,DOC008,1,14,0,-0.12,has
010890.png,DOC008,1,15,0,-0.12,fundamentally
010891.png,DOC008,1,16,0,-0.12,altered
010892.png,DOC008,1,17,0,-0.12,the
010893.png,DOC008,1,18,0,-0.12,landscape
010894.png,DOC008,1,19,1,0.12,of
010895.png,DOC008,1,20,0,-0.12,modern
010896.png,DOC008,1,21,0,-0.12,computing.
010897.png,DOC008,1,22,1,0.12,When
010898.png,DOC008,1,23,1,0.12,scalable
010899.png,DOC008,1,24,1,0.12,distributed
010900.png,DOC008,1,25,0,-0.12,"systems,"
010901.png,DOC008,1,26,0,-0.12,engineers
010902.png,DOC008,1,27,1,0.12,must
010903.png,DOC008,1,28,0,-0.12,carefully
010904.png,DOC008,1,29,0,-0.12,consider
010905.png,DOC008,1,30,1,0.12,the
010906.png,DOC008,1,31,0,-0.12,between
010907.png,DOC008,1,32,1,0.12,"latency,"
010908.png,DOC008,1,33,0,-0.12,"throughput,"
010909.png,DOC008,1,34,1,0.12,and
010910.png,DOC008,1,35,0,-0.12,fault
010911.png,DOC008,1,36,1,0.12,tolerance.
010912.png,DOC008,1,37,1,0.12,In
010913.png,DOC008,1,38,1,0.12,the
010914.png,DOC008,1,39,0,-0.12,context
010915.png,DOC008,1,40,0,-0.12,of
010916.png,DOC008,1,41,0,-0.12,"steganography,"
010917.png,DOC008,1,42,0,-0.12,the
010918.png,DOC008,1,43,1,0.12,primary
010919.png,DOC008,1,44,0,-0.12,challenge
010920.png,DOC008,1,45,0,-0.12,is
010921.png,DOC008,1,46,1,0.12,overcoming
010922.png,DOC008,1,47,0,-0.12,the
010923.png,DOC008,1,48,0,-0.12,physical
010924.png,DOC008,1,49,0,-0.12,channel
010925.png,DOC008,1,50,0,-0.12,introduced
010926.png,DOC008,1,51,0,-0.12,by
010927.png,DOC008,1,52,1,0.12,printers
010928.png,DOC008,1,53,1,0.12,and
010929.png,DOC008,1,54,0,-0.12,smartphone
010930.png,DOC008,1,55,0,-0.12,cameras.
010931.png,DOC008,1,56,0,-0.12,This
010932.png,DOC008,1,57,0,-0.12,requires
010933.png,DOC008,1,58,0,-0.12,highly
010934.png,DOC008,1,59,0,-0.12,error
010935.png,DOC008,1,60,0,-0.12,correction
010936.png,DOC008,1,61,0,-0.12,"mechanisms,"
010937.png,DOC008,1,62,1,0.12,such
010938.png,DOC008,1,63,0,-0.12,as
010939.png,DOC008,1,64,0,-0.12,Reed-Solomon
010940.png,DOC008,1,65,0,-0.12,"coding,"
010941.png,DOC008,1,66,0,-0.12,combined
010942.png,DOC008,1,67,1,0.12,deep
010943.png,DOC008,1,68,1,0.12,learning-based
010944.png,DOC008,1,69,0,-0.12,document
010945.png,DOC008,1,70,1,0.12,dewarping
010946.png,DOC008,1,71,0,-0.12,and
010947.png,DOC008,1,72,0,-0.12,residual
010948.png,DOC008,1,73,0,-0.12,feature
010949.png,DOC008,1,74,0,-0.12,extraction
010950.png,DOC008,1,75,0,-0.12,reliably
010951.png,DOC008,1,76,0,-0.12,recover
010952.png,DOC008,1,77,0,-0.12,the
010953.png,DOC008,1,78,0,-0.12,embedded
010954.png,DOC008,1,79,1,0.12,cryptographic
010955.png,DOC008,1,80,0,-0.12,QUESTION
010956.png,DOC008,1,81,1,0.12,The
010957.png,DOC008,1,82,0,-0.12,rapid
010958.png,DOC008,1,83,0,-0.12,advancement
010959.png,DOC008,1,84,0,-0.12,of
010960.png,DOC008,1,85,1,0.12,artificial
010961.png,DOC008,1,86,1,0.12,intelligence
010962.png,DOC008,1,87,0,-0.12,and
010963.png,DOC008,1,88,0,-0.12,machine
010964.png,DOC008,1,89,0,-0.12,has
010965.png,DOC008,1,90,0,-0.12,fundamentally
010966.png,DOC008,1,91,0,-0.12,altered
010967.png,DOC008,1,92,0,-0.12,the
010968.png,DOC008,1,93,0,-0.12,landscape
010969.png,DOC008,1,94,0,-0.12,of
010970.png,DOC008,1,95,1,0.12,modern
010971.png,DOC008,1,96,0,-0.12,computing.
010972.png,DOC008,1,97,0,-0.12,When
010973.png,DOC008,1,98,1,0.12,scalable
010974.png,DOC008,1,99,0,-0.12,distributed
010975.png,DOC008,1,100,0,-0.12,"systems,"
010976.png,DOC008,1,101,0,-0.12,engineers
010977.png,DOC008,1,102,1,0.12,must
010978.png,DOC008,1,103,0,-0.12,carefully
010979.png,DOC008,1,104,0,-0.12,consider
010980.png,DOC008,1,105,0,-0.12,the
010981.png,DOC008,1,106,0,-0.12,between
010982.png,DOC008,1,107,0,-0.12,"latency,"
010983.png,DOC008,1,108,0,-0.12,"throughput,"
010984.png,DOC008,1,109,1,0.12,and
010985.png,DOC008,1,110,0,-0.12,fault
010986.png,DOC008,1,111,0,-0.12,tolerance.
010987.png,DOC008,1,112,1,0.12,In
010988.png,DOC008,1,113,0,-0.12,the
010989.png,DOC008,1,114,0,-0.12,context
010990.png,DOC008,1,115,0,-0.12,of
010991.png,DOC008,1,116,0,-0.12,"steganography,"
010992.png,DOC008,1,117,1,0.12,the
010993.png,DOC008,1,118,1,0.12,primary
010994.png,DOC008,1,119,0,-0.12,challenge
010995.png,DOC008,1,120,0,-0.12,is
010996.png,DOC008,1,121,1,0.12,overcoming
010997.png,DOC008,1,122,0,-0.12,the
010998.png,DOC008,1,123,1,0.12,physical
010999.png,DOC008,1,124,0,-0.12,channel
011000.png,DOC008,1,125,0,-0.12,introduced
011001.png,DOC008,1,126,0,-0.12,by
011002.png,DOC008,1,127,1,0.12,printers
011003.png,DOC008,1,128,1,0.12,and
011004.png,DOC008,1,129,0,-0.12,smartphone
011005.png,DOC008,1,130,1,0.12,cameras.
011006.png,DOC008,1,131,0,-0.12,This
011007.png,DOC008,1,132,1,0.12,requires
011008.png,DOC008,1,133,0,-0.12,highly
011009.png,DOC008,1,134,0,-0.12,error
011010.png,DOC008,1,135,0,-0.12,correction
011011.png,DOC008,1,136,0,-0.12,"mechanisms,"
011012.png,DOC008,1,137,0,-0.12,such
011013.png,DOC008,1,138,0,-0.12,as
011014.png,DOC008,1,139,0,-0.12,Reed-Solomon
011015.png,DOC008,1,140,0,-0.12,"coding,"
011016.png,DOC008,1,141,1,0.12,combined
011017.png,DOC008,1,142,0,-0.12,deep
011018.png,DOC008,1,143,0,-0.12,learning-based
011019.png,DOC008,1,144,0,-0.12,document
011020.png,DOC008,1,145,0,-0.12,dewarping
011021.png,DOC008,1,146,0,-0.12,and
011022.png,DOC008,1,147,0,-0.12,residual
011023.png,DOC008,1,148,0,-0.12,feature
011024.png,DOC008,1,149,1,0.12,extraction
011025.png,DOC008,1,150,0,-0.12,reliably
011026.png,DOC008,1,151,1,0.12,recover
011027.png,DOC008,1,152,1,0.12,the
011028.png,DOC008,1,153,1,0.12,embedded
011029.png,DOC008,1,154,1,0.12,cryptographic
011030.png,DOC008,1,155,0,-0.12,QUESTION
011031.png,DOC008,1,156,0,-0.12,The
011032.png,DOC008,1,157,0,-0.12,rapid
011033.png,DOC008,1,158,1,0.12,advancement
011034.png,DOC008,1,159,0,-0.12,of
011035.png,DOC008,1,160,0,-0.12,artificial
011036.png,DOC008,1,161,1,0.12,intelligence
011037.png,DOC008,1,162,0,-0.12,and
011038.png,DOC008,1,163,0,-0.12,machine
011039.png,DOC008,1,164,0,-0.12,has
011040.png,DOC008,1,165,0,-0.12,fundamentally
011041.png,DOC008,1,166,0,-0.12,altered
011042.png,DOC008,1,167,0,-0.12,the
011043.png,DOC008,1,168,0,-0.12,landscape
011044.png,DOC008,1,169,0,-0.12,of
011045.png,DOC008,1,170,1,0.12,modern
011046.png,DOC008,1,171,0,-0.12,computing.
011047.png,DOC008,1,172,0,-0.12,When
011048.png,DOC008,1,173,0,-0.12,scalable
011049.png,DOC008,1,174,0,-0.12,distributed
011050.png,DOC008,1,175,0,-0.12,"systems,"
011051.png,DOC008,1,176,0,-0.12,engineers
011052.png,DOC008,1,177,0,-0.12,must
011053.png,DOC008,1,178,0,-0.12,carefully
011054.png,DOC008,1,179,1,0.12,consider
011055.png,DOC008,1,180,0,-0.12,the
011056.png,DOC008,1,181,0,-0.12,between
011057.png,DOC008,1,182,0,-0.12,"latency,"
011058.png,DOC008,1,183,0,-0.12,"throughput,"
011059.png,DOC008,1,184,1,0.12,and
011060.png,DOC008,1,185,0,-0.12,fault
011061.png,DOC008,1,186,1,0.12,tolerance.
011062.png,DOC008,1,187,1,0.12,In
011063.png,DOC008,1,188,1,0.12,the
011064.png,DOC008,1,189,0,-0.12,context
011065.png,DOC008,1,190,1,0.12,of
011066.png,DOC008,1,191,0,-0.12,"steganography,"
011067.png,DOC008,1,192,0,-0.12,the
011068.png,DOC008,1,193,0,-0.12,primary
011069.png,DOC008,1,194,1,0.12,challenge
011070.png,DOC008,1,195,1,0.12,is
011071.png,DOC008,1,196,0,-0.12,overcoming
011072.png,DOC008,1,197,0,-0.12,the
011073.png,DOC008,1,198,0,-0.12,physical
011074.png,DOC008,1,199,0,-0.12,channel
011075.png,DOC008,1,200,0,-0.12,introduced
011076.png,DOC008,1,201,0,-0.12,by
011077.png,DOC008,1,202,1,0.12,printers
011078.png,DOC008,1,203,0,-0.12,and
011079.png,DOC008,1,204,1,0.12,smartphone
011080.png,DOC008,1,205,0,-0.12,cameras.
011081.png,DOC008,1,206,1,0.12,This
011082.png,DOC008,1,207,1,0.12,requires
011083.png,DOC008,1,208,0,-0.12,highly
011084.png,DOC008,1,209,0,-0.12,error
011085.png,DOC008,1,210,0,-0.12,correction
011086.png,DOC008,1,211,1,0.12,"mechanisms,"
011087.png,DOC008,1,212,0,-0.12,such
011088.png,DOC008,1,213,0,-0.12,as
011089.png,DOC008,1,214,1,0.12,Reed-Solomon
011090.png,DOC008,1,215,1,0.12,"coding,"
011091.png,DOC008,1,216,1,0.12,combined
011092.png,DOC008,1,217,0,-0.12,deep
011093.png,DOC008,1,218,0,-0.12,learning-based
011094.png,DOC008,1,219,0,-0.12,document
011095.png,DOC008,1,220,1,0.12,dewarping
011096.png,DOC008,1,221,0,-0.12,and
011097.png,DOC008,1,222,1,0.12,residual
011098.png,DOC008,1,223,0,-0.12,feature
011099.png,DOC008,1,224,1,0.12,extraction
011100.png,DOC008,1,225,1,0.12,reliably
011101.png,DOC008,1,226,0,-0.12,recover
011102.png,DOC008,1,227,0,-0.12,the
011103.png,DOC008,1,228,1,0.12,embedded
011104.png,DOC008,1,229,0,-0.12,cryptographic
011105.png,DOC008,1,230,0,-0.12,QUESTION
011106.png,DOC008,1,231,1,0.12,The
011107.png,DOC008,1,232,1,0.12,rapid
011108.png,DOC008,1,233,1,0.12,advancement
011109.png,DOC008,1,234,1,0.12,of
011110.png,DOC008,1,235,1,0.12,artificial
011111.png,DOC008,1,236,0,-0.12,intelligence
011112.png,DOC008,1,237,0,-0.12,and
011113.png,DOC008,1,238,0,-0.12,machine
011114.png,DOC008,1,239,0,-0.12,has
011115.png,DOC008,1,240,0,-0.12,fundamentally
011116.png,DOC008,1,241,1,0.12,altered
011117.png,DOC008,1,242,1,0.12,the
011118.png,DOC008,1,243,1,0.12,landscape
011119.png,DOC008,1,244,0,-0.12,of
011120.png,DOC008,1,245,0,-0.12,modern
011121.png,DOC008,1,246,1,0.12,computing.
011122.png,DOC008,1,247,1,0.12,When
011123.png,DOC008,1,248,0,-0.12,scalable
011124.png,DOC008,1,249,0,-0.12,distributed
011125.png,DOC008,1,250,0,-0.12,"systems,"
011126.png,DOC008,1,251,1,0.12,engineers
011127.png,DOC008,1,252,0,-0.12,must
011128.png,DOC008,1,253,0,-0.12,carefully
011129.png,DOC008,1,254,0,-0.12,consider
011130.png,DOC008,1,255,0,-0.12,the
011131.png,DOC008,1,256,0,-0.12,between
011132.png,DOC008,1,257,0,-0.12,"latency,"
011133.png,DOC008,1,258,0,-0.12,"throughput,"
011134.png,DOC008,1,259,0,-0.12,and
011135.png,DOC008,1,260,1,0.12,fault
011136.png,DOC008,1,261,1,0.12,tolerance.
011137.png,DOC008,1,262,1,0.12,In
011138.png,DOC008,1,263,0,-0.12,the
011139.png,DOC008,1,264,0,-0.12,context
011140.png,DOC008,1,265,0,-0.12,of
011141.png,DOC008,1,266,0,-0.12,"steganography,"
011142.png,DOC008,1,267,1,0.12,the
011143.png,DOC008,1,268,0,-0.12,primary
011144.png,DOC008,1,269,1,0.12,challenge
011145.png,DOC008,1,270,1,0.12,is
011146.png,DOC008,1,271,0,-0.12,overcoming
011147.png,DOC008,1,272,0,-0.12,the
011148.png,DOC008,1,273,0,-0.12,physical
011149.png,DOC008,1,274,0,-0.12,channel
011150.png,DOC008,1,275,1,0.12,introduced
011151.png,DOC008,1,276,1,0.12,by
011152.png,DOC008,1,277,1,0.12,printers
011153.png,DOC008,1,278,1,0.12,and
011154.png,DOC008,1,279,0,-0.12,smartphone
011155.png,DOC008,1,280,0,-0.12,cameras.
011156.png,DOC008,1,281,0,-0.12,This
011157.png,DOC008,1,282,1,0.12,requires
011158.png,DOC008,1,283,0,-0.12,highly
011159.png,DOC008,1,284,0,-0.12,error
011160.png,DOC008,1,285,0,-0.12,correction
011161.png,DOC008,1,286,0,-0.12,"mechanisms,"
011162.png,DOC008,1,287,0,-0.12,such
011163.png,DOC008,1,288,0,-0.12,as
011164.png,DOC008,1,289,1,0.12,Reed-Solomon
011165.png,DOC008,1,290,0,-0.12,"coding,"
011166.png,DOC008,1,291,1,0.12,combined
011167.png,DOC008,1,292,1,0.12,deep
011168.png,DOC008,1,293,1,0.12,learning-based
011169.png,DOC008,1,294,0,-0.12,document
011170.png,DOC008,1,295,0,-0.12,dewarping
011171.png,DOC008,1,296,0,-0.12,and
011172.png,DOC008,1,297,1,0.12,residual
011173.png,DOC008,1,298,0,-0.12,feature
011174.png,DOC008,1,299,0,-0.12,extraction
011175.png,DOC008,1,300,0,-0.12,reliably
011176.png,DOC008,1,301,1,0.12,recover
011177.png,DOC008,1,302,0,-0.12,the
011178.png,DOC008,1,303,0,-0.12,embedded
011179.png,DOC008,1,304,0,-0.12,cryptographic
011180.png,DOC008,1,305,1,0.12,QUESTION
011181.png,DOC008,1,306,1,0.12,The
011182.png,DOC008,1,307,0,-0.12,rapid
011183.png,DOC008,1,308,0,-0.12,advancement
011184.png,DOC008,1,309,0,-0.12,of
011185.png,DOC008,1,310,0,-0.12,artificial
011186.png,DOC008,1,311,1,0.12,intelligence
011187.png,DOC008,1,312,0,-0.12,and
011188.png,DOC008,1,313,0,-0.12,machine
011189.png,DOC008,1,314,0,-0.12,has
011190.png,DOC008,1,315,0,-0.12,fundamentally
011191.png,DOC008,1,316,0,-0.12,altered
011192.png,DOC008,1,317,0,-0.12,the
011193.png,DOC008,1,318,0,-0.12,landscape
011194.png,DOC008,1,319,1,0.12,of
011195.png,DOC008,1,320,0,-0.12,modern
011196.png,DOC008,1,321,1,0.12,computing.
011197.png,DOC008,1,322,0,-0.12,When
011198.png,DOC008,1,323,0,-0.12,scalable
011199.png,DOC008,1,324,0,-0.12,distributed
011200.png,DOC008,1,325,0,-0.12,"systems,"
011201.png,DOC008,1,326,0,-0.12,engineers
011202.png,DOC008,1,327,0,-0.12,must
011203.png,DOC008,1,328,1,0.12,carefully
011204.png,DOC008,1,329,0,-0.12,consider
011205.png,DOC008,1,330,0,-0.12,the
011206.png,DOC008,1,331,0,-0.12,between
011207.png,DOC008,1,332,1,0.12,"latency,"
011208.png,DOC008,1,333,0,-0.12,"throughput,"
011209.png,DOC008,1,334,0,-0.12,and
011210.png,DOC008,1,335,0,-0.12,fault
011211.png,DOC008,1,336,0,-0.12,tolerance.
011212.png,DOC008,1,337,0,-0.12,In
011213.png,DOC008,1,338,0,-0.12,the
011214.png,DOC008,1,339,1,0.12,context
011215.png,DOC008,1,340,0,-0.12,of
011216.png,DOC008,1,341,0,-0.12,"steganography,"
011217.png,DOC008,1,342,1,0.12,the
011218.png,DOC008,1,343,0,-0.12,primary
011219.png,DOC008,1,344,0,-0.12,challenge
011220.png,DOC008,1,345,0,-0.12,is
011221.png,DOC008,1,346,0,-0.12,overcoming
011222.png,DOC008,1,347,0,-0.12,the
011223.png,DOC008,1,348,0,-0.12,physical
011224.png,DOC008,1,349,0,-0.12,channel
011225.png,DOC008,1,350,1,0.12,introduced
011226.png,DOC008,1,351,0,-0.12,by
011227.png,DOC008,1,352,1,0.12,printers
011228.png,DOC008,1,353,0,-0.12,and
011229.png,DOC008,1,354,0,-0.12,smartphone
011230.png,DOC008,1,355,0,-0.12,cameras.
011231.png,DOC008,1,356,0,-0.12,This
011232.png,DOC008,1,357,1,0.12,requires
011233.png,DOC008,1,358,0,-0.12,highly
011234.png,DOC008,1,359,0,-0.12,error
011235.png,DOC008,1,360,0,-0.12,correction
011236.png,DOC008,1,361,0,-0.12,"mechanisms,"
011237.png,DOC008,1,362,1,0.12,such
011238.png,DOC008,1,363,0,-0.12,as
011239.png,DOC008,1,364,1,0.12,Reed-Solomon
011240.png,DOC008,1,365,1,0.12,"coding,"
011241.png,DOC008,1,366,0,-0.12,combined
011242.png,DOC008,1,367,0,-0.12,deep
011243.png,DOC008,1,368,0,-0.12,learning-based
011244.png,DOC008,1,369,1,0.12,document
011245.png,DOC008,1,370,0,-0.12,dewarping
011246.png,DOC008,1,371,0,-0.12,and
011247.png,DOC008,1,372,1,0.12,residual
011248.png,DOC008,1,373,0,-0.12,feature
011249.png,DOC008,1,374,0,-0.12,extraction
011250.png,DOC008,2,0,0,-0.12,CONFIDENTIAL
011251.png,DOC008,2,1,0,-0.12,ENGINEERING
011252.png,DOC008,2,2,0,-0.12,EXAM
011253.png,DOC008,2,3,0,-0.12,-
011254.png,DOC008,2,4,0,-0.12,PAGE
011255.png,DOC008,2,5,0,-0.12,QUESTION
011256.png,DOC008,2,6,0,-0.12,The
011257.png,DOC008,2,7,0,-0.12,rapid
011258.png,DOC008,2,8,0,-0.12,advancement
011259.png,DOC008,2,9,0,-0.12,of
011260.png,DOC008,2,10,0,-0.12,artificial
011261.png,DOC008,2,11,0,-0.12,intelligence
011262.png,DOC008,2,12,0,-0.12,and
011263.png,DOC008,2,13,0,-0.12,machine
011264.png,DOC008,2,14,1,0.12,has
011265.png,DOC008,2,15,1,0.12,fundamentally
011266.png,DOC008,2,16,0,-0.12,altered
011267.png,DOC008,2,17,1,0.12,the
011268.png,DOC008,2,18,0,-0.12,landscape
011269.png,DOC008,2,19,1,0.12,of
011270.png,DOC008,2,20,0,-0.12,modern
011271.png,DOC008,2,21,0,-0.12,computing.
011272.png,DOC008,2,22,1,0.12,When
011273.png,DOC008,2,23,1,0.12,scalable
011274.png,DOC008,2,24,1,0.12,distributed
011275.png,DOC008,2,25,1,0.12,"systems,"
011276.png,DOC008,2,26,0,-0.12,engineers
011277.png,DOC008,2,27,0,-0.12,must
011278.png,DOC008,2,28,0,-0.12,carefully
011279.png,DOC008,2,29,1,0.12,consider
011280.png,DOC008,2,30,0,-0.12,the
011281.png,DOC008,2,31,0,-0.12,between
011282.png,DOC008,2,32,0,-0.12,"latency,"
011283.png,DOC008,2,33,0,-0.12,"throughput,"
011284.png,DOC008,2,34,0,-0.12,and
011285.png,DOC008,2,35,0,-0.12,fault
011286.png,DOC008,2,36,0,-0.12,tolerance.
011287.png,DOC008,2,37,0,-0.12,In
011288.png,DOC008,2,38,0,-0.12,the
011289.png,DOC008,2,39,0,-0.12,context
011290.png,DOC008,2,40,0,-0.12,of
011291.png,DOC008,2,41,1,0.12,"steganography,"
011292.png,DOC008,2,42,0,-0.12,the
011293.png,DOC008,2,43,0,-0.12,primary
011294.png,DOC008,2,44,0,-0.12,challenge
011295.png,DOC008,2,45,0,-0.12,is
011296.png,DOC008,2,46,1,0.12,overcoming
011297.png,DOC008,2,47,1,0.12,the
011298.png,DOC008,2,48,1,0.12,physical
011299.png,DOC008,2,49,1,0.12,channel
011300.png,DOC008,2,50,0,-0.12,introduced
011301.png,DOC008,2,51,0,-0.12,by
011302.png,DOC008,2,52,0,-0.12,printers
011303.png,DOC008,2,53,1,0.12,and
011304.png,DOC008,2,54,1,0.12,smartphone
011305.png,DOC008,2,55,0,-0.12,cameras.
011306.png,DOC008,2,56,0,-0.12,This
011307.png,DOC008,2,57,0,-0.12,requires
011308.png,DOC008,2,58,1,0.12,highly
011309.png,DOC008,2,59,0,-0.12,error
011310.png,DOC008,2,60,1,0.12,correction
011311.png,DOC008,2,61,0,-0.12,"mechanisms,"
011312.png,DOC008,2,62,0,-0.12,such
011313.png,DOC008,2,63,1,0.12,as
011314.png,DOC008,2,64,0,-0.12,Reed-Solomon
011315.png,DOC008,2,65,1,0.12,"coding,"
011316.png,DOC008,2,66,0,-0.12,combined
011317.png,DOC008,2,67,1,0.12,deep
011318.png,DOC008,2,68,0,-0.12,learning-based
011319.png,DOC008,2,69,1,0.12,document
011320.png,DOC008,2,70,1,0.12,dewarping
011321.png,DOC008,2,71,0,-0.12,and
011322.png,DOC008,2,72,0,-0.12,residual
011323.png,DOC008,2,73,0,-0.12,feature
011324.png,DOC008,2,74,0,-0.12,extraction
011325.png,DOC008,2,75,0,-0.12,reliably
011326.png,DOC008,2,76,0,-0.12,recover
011327.png,DOC008,2,77,0,-0.12,the
011328.png,DOC008,2,78,0,-0.12,embedded
011329.png,DOC008,2,79,0,-0.12,cryptographic
011330.png,DOC008,2,80,0,-0.12,QUESTION
011331.png,DOC008,2,81,1,0.12,The
011332.png,DOC008,2,82,0,-0.12,rapid
011333.png,DOC008,2,83,0,-0.12,advancement
011334.png,DOC008,2,84,1,0.12,of
011335.png,DOC008,2,85,0,-0.12,artificial
011336.png,DOC008,2,86,1,0.12,intelligence
011337.png,DOC008,2,87,0,-0.12,and
011338.png,DOC008,2,88,1,0.12,machine
011339.png,DOC008,2,89,1,0.12,has
011340.png,DOC008,2,90,0,-0.12,fundamentally
011341.png,DOC008,2,91,1,0.12,altered
011342.png,DOC008,2,92,1,0.12,the
011343.png,DOC008,2,93,1,0.12,landscape
011344.png,DOC008,2,94,0,-0.12,of
011345.png,DOC008,2,95,0,-0.12,modern
011346.png,DOC008,2,96,1,0.12,computing.
011347.png,DOC008,2,97,1,0.12,When
011348.png,DOC008,2,98,0,-0.12,scalable
011349.png,DOC008,2,99,1,0.12,distributed
011350.png,DOC008,2,100,1,0.12,"systems,"
011351.png,DOC008,2,101,1,0.12,engineers
011352.png,DOC008,2,102,0,-0.12,must
011353.png,DOC008,2,103,0,-0.12,carefully
011354.png,DOC008,2,104,1,0.12,consider
011355.png,DOC008,2,105,0,-0.12,the
011356.png,DOC008,2,106,0,-0.12,between
011357.png,DOC008,2,107,1,0.12,"latency,"
011358.png,DOC008,2,108,0,-0.12,"throughput,"
011359.png,DOC008,2,109,1,0.12,and
011360.png,DOC008,2,110,0,-0.12,fault
011361.png,DOC008,2,111,0,-0.12,tolerance.
011362.png,DOC008,2,112,0,-0.12,In
011363.png,DOC008,2,113,1,0.12,the
011364.png,DOC008,2,114,1,0.12,context
011365.png,DOC008,2,115,0,-0.12,of
011366.png,DOC008,2,116,0,-0.12,"steganography,"
011367.png,DOC008,2,117,0,-0.12,the
011368.png,DOC008,2,118,0,-0.12,primary
011369.png,DOC008,2,119,0,-0.12,challenge
011370.png,DOC008,2,120,0,-0.12,is
011371.png,DOC008,2,121,0,-0.12,overcoming
011372.png,DOC008,2,122,0,-0.12,the
011373.png,DOC008,2,123,0,-0.12,physical
011374.png,DOC008,2,124,0,-0.12,channel
011375.png,DOC008,2,125,0,-0.12,introduced
011376.png,DOC008,2,126,0,-0.12,by
011377.png,DOC008,2,127,0,-0.12,printers
011378.png,DOC008,2,128,1,0.12,and
011379.png,DOC008,2,129,0,-0.12,smartphone
011380.png,DOC008,2,130,0,-0.12,cameras.
011381.png,DOC008,2,131,0,-0.12,This
011382.png,DOC008,2,132,0,-0.12,requires
011383.png,DOC008,2,133,0,-0.12,highly
011384.png,DOC008,2,134,1,0.12,error
011385.png,DOC008,2,135,0,-0.12,correction
011386.png,DOC008,2,136,1,0.12,"mechanisms,"
011387.png,DOC008,2,137,1,0.12,such
011388.png,DOC008,2,138,0,-0.12,as
011389.png,DOC008,2,139,0,-0.12,Reed-Solomon
011390.png,DOC008,2,140,0,-0.12,"coding,"
011391.png,DOC008,2,141,0,-0.12,combined
011392.png,DOC008,2,142,1,0.12,deep
011393.png,DOC008,2,143,0,-0.12,learning-based
011394.png,DOC008,2,144,1,0.12,document
011395.png,DOC008,2,145,0,-0.12,dewarping
011396.png,DOC008,2,146,0,-0.12,and
011397.png,DOC008,2,147,0,-0.12,residual
011398.png,DOC008,2,148,0,-0.12,feature
011399.png,DOC008,2,149,0,-0.12,extraction
011400.png,DOC008,2,150,1,0.12,reliably
011401.png,DOC008,2,151,1,0.12,recover
011402.png,DOC008,2,152,0,-0.12,the
011403.png,DOC008,2,153,0,-0.12,embedded
011404.png,DOC008,2,154,0,-0.12,cryptographic
011405.png,DOC008,2,155,1,0.12,QUESTION
011406.png,DOC008,2,156,0,-0.12,The
011407.png,DOC008,2,157,1,0.12,rapid
011408.png,DOC008,2,158,0,-0.12,advancement
011409.png,DOC008,2,159,0,-0.12,of
011410.png,DOC008,2,160,0,-0.12,artificial
011411.png,DOC008,2,161,1,0.12,intelligence
011412.png,DOC008,2,162,0,-0.12,and
011413.png,DOC008,2,163,0,-0.12,machine
011414.png,DOC008,2,164,0,-0.12,has
011415.png,DOC008,2,165,0,-0.12,fundamentally
011416.png,DOC008,2,166,1,0.12,altered
011417.png,DOC008,2,167,0,-0.12,the
011418.png,DOC008,2,168,1,0.12,landscape
011419.png,DOC008,2,169,0,-0.12,of
011420.png,DOC008,2,170,1,0.12,modern
011421.png,DOC008,2,171,0,-0.12,computing.
011422.png,DOC008,2,172,0,-0.12,When
011423.png,DOC008,2,173,0,-0.12,scalable
011424.png,DOC008,2,174,1,0.12,distributed
011425.png,DOC008,2,175,0,-0.12,"systems,"
011426.png,DOC008,2,176,0,-0.12,engineers
011427.png,DOC008,2,177,1,0.12,must
011428.png,DOC008,2,178,1,0.12,carefully
011429.png,DOC008,2,179,0,-0.12,consider
011430.png,DOC008,2,180,0,-0.12,the
011431.png,DOC008,2,181,1,0.12,between
011432.png,DOC008,2,182,0,-0.12,"latency,"
011433.png,DOC008,2,183,0,-0.12,"throughput,"
011434.png,DOC008,2,184,1,0.12,and
011435.png,DOC008,2,185,0,-0.12,fault
011436.png,DOC008,2,186,0,-0.12,tolerance.
011437.png,DOC008,2,187,0,-0.12,In
011438.png,DOC008,2,188,0,-0.12,the
011439.png,DOC008,2,189,0,-0.12,context
011440.png,DOC008,2,190,0,-0.12,of
011441.png,DOC008,2,191,0,-0.12,"steganography,"
011442.png,DOC008,2,192,0,-0.12,the
011443.png,DOC008,2,193,0,-0.12,primary
011444.png,DOC008,2,194,1,0.12,challenge
011445.png,DOC008,2,195,0,-0.12,is
011446.png,DOC008,2,196,1,0.12,overcoming
011447.png,DOC008,2,197,0,-0.12,the
011448.png,DOC008,2,198,1,0.12,physical
011449.png,DOC008,2,199,0,-0.12,channel
011450.png,DOC008,2,200,0,-0.12,introduced
011451.png,DOC008,2,201,1,0.12,by
011452.png,DOC008,2,202,0,-0.12,printers
011453.png,DOC008,2,203,0,-0.12,and
011454.png,DOC008,2,204,0,-0.12,smartphone
011455.png,DOC008,2,205,0,-0.12,cameras.
011456.png,DOC008,2,206,0,-0.12,This
011457.png,DOC008,2,207,0,-0.12,requires
011458.png,DOC008,2,208,0,-0.12,highly
011459.png,DOC008,2,209,0,-0.12,error
011460.png,DOC008,2,210,1,0.12,correction
011461.png,DOC008,2,211,0,-0.12,"mechanisms,"
011462.png,DOC008,2,212,0,-0.12,such
011463.png,DOC008,2,213,0,-0.12,as
011464.png,DOC008,2,214,0,-0.12,Reed-Solomon
011465.png,DOC008,2,215,1,0.12,"coding,"
011466.png,DOC008,2,216,0,-0.12,combined
011467.png,DOC008,2,217,1,0.12,deep
011468.png,DOC008,2,218,0,-0.12,learning-based
011469.png,DOC008,2,219,1,0.12,document
011470.png,DOC008,2,220,0,-0.12,dewarping
011471.png,DOC008,2,221,1,0.12,and
011472.png,DOC008,2,222,0,-0.12,residual
011473.png,DOC008,2,223,0,-0.12,feature
011474.png,DOC008,2,224,0,-0.12,extraction
011475.png,DOC008,2,225,0,-0.12,reliably
011476.png,DOC008,2,226,0,-0.12,recover
011477.png,DOC008,2,227,1,0.12,the
011478.png,DOC008,2,228,1,0.12,embedded
011479.png,DOC008,2,229,0,-0.12,cryptographic
011480.png,DOC008,2,230,0,-0.12,QUESTION
011481.png,DOC008,2,231,0,-0.12,The
011482.png,DOC008,2,232,0,-0.12,rapid
011483.png,DOC008,2,233,0,-0.12,advancement
011484.png,DOC008,2,234,0,-0.12,of
011485.png,DOC008,2,235,0,-0.12,artificial
011486.png,DOC008,2,236,1,0.12,intelligence
011487.png,DOC008,2,237,1,0.12,and
011488.png,DOC008,2,238,0,-0.12,machine
011489.png,DOC008,2,239,0,-0.12,has
011490.png,DOC008,2,240,0,-0.12,fundamentally
011491.png,DOC008,2,241,0,-0.12,altered
011492.png,DOC008,2,242,0,-0.12,the
011493.png,DOC008,2,243,1,0.12,landscape
011494.png,DOC008,2,244,0,-0.12,of
011495.png,DOC008,2,245,0,-0.12,modern
011496.png,DOC008,2,246,0,-0.12,computing.
011497.png,DOC008,2,247,0,-0.12,When
011498.png,DOC008,2,248,0,-0.12,scalable
011499.png,DOC008,2,249,0,-0.12,distributed
011500.png,DOC008,2,250,1,0.12,"systems,"
011501.png,DOC008,2,251,1,0.12,engineers
011502.png,DOC008,2,252,0,-0.12,must
011503.png,DOC008,2,253,0,-0.12,carefully
011504.png,DOC008,2,254,0,-0.12,consider
011505.png,DOC008,2,255,0,-0.12,the
011506.png,DOC008,2,256,0,-0.12,between
011507.png,DOC008,2,257,0,-0.12,"latency,"
011508.png,DOC008,2,258,1,0.12,"throughput,"
011509.png,DOC008,2,259,1,0.12,and
011510.png,DOC008,2,260,1,0.12,fault
011511.png,DOC008,2,261,0,-0.12,tolerance.
011512.png,DOC008,2,262,0,-0.12,In
011513.png,DOC008,2,263,0,-0.12,the
011514.png,DOC008,2,264,0,-0.12,context
011515.png,DOC008,2,265,1,0.12,of
011516.png,DOC008,2,266,0,-0.12,"steganography,"
011517.png,DOC008,2,267,0,-0.12,the
011518.png,DOC008,2,268,1,0.12,primary
011519.png,DOC008,2,269,1,0.12,challenge
011520.png,DOC008,2,270,1,0.12,is
011521.png,DOC008,2,271,1,0.12,overcoming
011522.png,DOC008,2,272,1,0.12,the
011523.png,DOC008,2,273,0,-0.12,physical
011524.png,DOC008,2,274,0,-0.12,channel
011525.png,DOC008,2,275,0,-0.12,introduced
011526.png,DOC008,2,276,0,-0.12,by
011527.png,DOC008,2,277,1,0.12,printers
011528.png,DOC008,2,278,0,-0.12,and
011529.png,DOC008,2,279,0,-0.12,smartphone
011530.png,DOC008,2,280,1,0.12,cameras.
011531.png,DOC008,2,281,1,0.12,This
011532.png,DOC008,2,282,0,-0.12,requires
011533.png,DOC008,2,283,0,-0.12,highly
011534.png,DOC008,2,284,1,0.12,error
011535.png,DOC008,2,285,0,-0.12,correction
011536.png,DOC008,2,286,0,-0.12,"mechanisms,"
011537.png,DOC008,2,287,0,-0.12,such
011538.png,DOC008,2,288,0,-0.12,as
011539.png,DOC008,2,289,0,-0.12,Reed-Solomon
011540.png,DOC008,2,290,0,-0.12,"coding,"
011541.png,DOC008,2,291,1,0.12,combined
011542.png,DOC008,2,292,1,0.12,deep
011543.png,DOC008,2,293,0,-0.12,learning-based
011544.png,DOC008,2,294,0,-0.12,document
011545.png,DOC008,2,295,0,-0.12,dewarping
011546.png,DOC008,2,296,0,-0.12,and
011547.png,DOC008,2,297,1,0.12,residual
011548.png,DOC008,2,298,0,-0.12,feature
011549.png,DOC008,2,299,1,0.12,extraction
011550.png,DOC008,2,300,0,-0.12,reliably
011551.png,DOC008,2,301,0,-0.12,recover
011552.png,DOC008,2,302,1,0.12,the
011553.png,DOC008,2,303,1,0.12,embedded
011554.png,DOC008,2,304,1,0.12,cryptographic
011555.png,DOC008,2,305,1,0.12,QUESTION
011556.png,DOC008,2,306,0,-0.12,The
011557.png,DOC008,2,307,1,0.12,rapid
011558.png,DOC008,2,308,0,-0.12,advancement
011559.png,DOC008,2,309,0,-0.12,of
011560.png,DOC008,2,310,1,0.12,artificial
011561.png,DOC008,2,311,0,-0.12,intelligence
011562.png,DOC008,2,312,0,-0.12,and
011563.png,DOC008,2,313,0,-0.12,machine
011564.png,DOC008,2,314,0,-0.12,has
011565.png,DOC008,2,315,0,-0.12,fundamentally
011566.png,DOC008,2,316,1,0.12,altered
011567.png,DOC008,2,317,0,-0.12,the
011568.png,DOC008,2,318,0,-0.12,landscape
011569.png,DOC008,2,319,0,-0.12,of
011570.png,DOC008,2,320,0,-0.12,modern
011571.png,DOC008,2,321,0,-0.12,computing.
011572.png,DOC008,2,322,0,-0.12,When
011573.png,DOC008,2,323,1,0.12,scalable
011574.png,DOC008,2,324,0,-0.12,distributed
011575.png,DOC008,2,325,0,-0.12,"systems,"
011576.png,DOC008,2,326,0,-0.12,engineers
011577.png,DOC008,2,327,1,0.12,must
011578.png,DOC008,2,328,1,0.12,carefully
011579.png,DOC008,2,329,0,-0.12,consider
011580.png,DOC008,2,330,1,0.12,the
011581.png,DOC008,2,331,0,-0.12,between
011582.png,DOC008,2,332,0,-0.12,"latency,"
011583.png,DOC008,2,333,1,0.12,"throughput,"
011584.png,DOC008,2,334,0,-0.12,and
011585.png,DOC008,2,335,0,-0.12,fault
011586.png,DOC008,2,336,0,-0.12,tolerance.
011587.png,DOC008,2,337,0,-0.12,In
011588.png,DOC008,2,338,1,0.12,the
011589.png,DOC008,2,339,0,-0.12,context
011590.png,DOC008,2,340,1,0.12,of
011591.png,DOC008,2,341,1,0.12,"steganography,"
011592.png,DOC008,2,342,0,-0.12,the
011593.png,DOC008,2,343,1,0.12,primary
011594.png,DOC008,2,344,0,-0.12,challenge
011595.png,DOC008,2,345,0,-0.12,is
011596.png,DOC008,2,346,0,-0.12,overcoming
011597.png,DOC008,2,347,1,0.12,the
011598.png,DOC008,2,348,0,-0.12,physical
011599.png,DOC008,2,349,0,-0.12,channel
011600.png,DOC008,2,350,1,0.12,introduced
011601.png,DOC008,2,351,0,-0.12,by
011602.png,DOC008,2,352,0,-0.12,printers
011603.png,DOC008,2,353,0,-0.12,and
011604.png,DOC008,2,354,0,-0.12,smartphone
011605.png,DOC008,2,355,1,0.12,cameras.
011606.png,DOC008,2,356,0,-0.12,This
011607.png,DOC008,2,357,1,0.12,requires
011608.png,DOC008,2,358,1,0.12,highly
011609.png,DOC008,2,359,1,0.12,error
011610.png,DOC008,2,360,0,-0.12,correction
011611.png,DOC008,2,361,0,-0.12,"mechanisms,"
011612.png,DOC008,2,362,0,-0.12,such
011613.png,DOC008,2,363,0,-0.12,as
011614.png,DOC008,2,364,0,-0.12,Reed-Solomon
011615.png,DOC008,2,365,1,0.12,"coding,"
011616.png,DOC008,2,366,0,-0.12,combined
011617.png,DOC008,2,367,0,-0.12,deep
011618.png,DOC008,2,368,0,-0.12,learning-based
011619.png,DOC008,2,369,0,-0.12,document
011620.png,DOC008,2,370,0,-0.12,dewarping
011621.png,DOC008,2,371,0,-0.12,and
011622.png,DOC008,2,372,0,-0.12,residual
011623.png,DOC008,2,373,0,-0.12,feature
011624.png,DOC008,2,374,0,-0.12,extraction
011625.png,DOC008,3,0,0,-0.12,CONFIDENTIAL
011626.png,DOC008,3,1,1,0.12,ENGINEERING
011627.png,DOC008,3,2,0,-0.12,EXAM
011628.png,DOC008,3,3,0,-0.12,-
011629.png,DOC008,3,4,0,-0.12,PAGE
011630.png,DOC008,3,5,1,0.12,QUESTION
011631.png,DOC008,3,6,1,0.12,The
011632.png,DOC008,3,7,1,0.12,rapid
011633.png,DOC008,3,8,1,0.12,advancement
011634.png,DOC008,3,9,0,-0.12,of
011635.png,DOC008,3,10,0,-0.12,artificial
011636.png,DOC008,3,11,0,-0.12,intelligence
011637.png,DOC008,3,12,0,-0.12,and
011638.png,DOC008,3,13,0,-0.12,machine
011639.png,DOC008,3,14,0,-0.12,has
011640.png,DOC008,3,15,0,-0.12,fundamentally
011641.png,DOC008,3,16,0,-0.12,altered
011642.png,DOC008,3,17,0,-0.12,the
011643.png,DOC008,3,18,1,0.12,landscape
011644.png,DOC008,3,19,0,-0.12,of
011645.png,DOC008,3,20,0,-0.12,modern
011646.png,DOC008,3,21,0,-0.12,computing.
011647.png,DOC008,3,22,0,-0.12,When
011648.png,DOC008,3,23,0,-0.12,scalable
011649.png,DOC008,3,24,0,-0.12,distributed
011650.png,DOC008,3,25,0,-0.12,"systems,"
011651.png,DOC008,3,26,0,-0.12,engineers
011652.png,DOC008,3,27,0,-0.12,must
011653.png,DOC008,3,28,0,-0.12,carefully
011654.png,DOC008,3,29,0,-0.12,consider
011655.png,DOC008,3,30,0,-0.12,the
011656.png,DOC008,3,31,1,0.12,between
011657.png,DOC008,3,32,0,-0.12,"latency,"
011658.png,DOC008,3,33,1,0.12,"throughput,"
011659.png,DOC008,3,34,1,0.12,and
011660.png,DOC008,3,35,0,-0.12,fault
011661.png,DOC008,3,36,0,-0.12,tolerance.
011662.png,DOC008,3,37,0,-0.12,In
011663.png,DOC008,3,38,1,0.12,the
011664.png,DOC008,3,39,1,0.12,context
011665.png,DOC008,3,40,0,-0.12,of
011666.png,DOC008,3,41,1,0.12,"steganography,"
011667.png,DOC008,3,42,1,0.12,the
011668.png,DOC008,3,43,0,-0.12,primary
011669.png,DOC008,3,44,0,-0.12,challenge
011670.png,DOC008,3,45,0,-0.12,is
011671.png,DOC008,3,46,1,0.12,overcoming
011672.png,DOC008,3,47,0,-0.12,the
011673.png,DOC008,3,48,0,-0.12,physical
011674.png,DOC008,3,49,0,-0.12,channel
011675.png,DOC008,3,50,0,-0.12,introduced
011676.png,DOC008,3,51,0,-0.12,by
011677.png,DOC008,3,52,0,-0.12,printers
011678.png,DOC008,3,53,0,-0.12,and
011679.png,DOC008,3,54,1,0.12,smartphone
011680.png,DOC008,3,55,1,0.12,cameras.
011681.png,DOC008,3,56,1,0.12,This
011682.png,DOC008,3,57,0,-0.12,requires
011683.png,DOC008,3,58,0,-0.12,highly
011684.png,DOC008,3,59,0,-0.12,error
011685.png,DOC008,3,60,0,-0.12,correction
011686.png,DOC008,3,61,0,-0.12,"mechanisms,"
011687.png,DOC008,3,62,0,-0.12,such
011688.png,DOC008,3,63,1,0.12,as
011689.png,DOC008,3,64,0,-0.12,Reed-Solomon
011690.png,DOC008,3,65,0,-0.12,"coding,"
011691.png,DOC008,3,66,1,0.12,combined
011692.png,DOC008,3,67,0,-0.12,deep
011693.png,DOC008,3,68,1,0.12,learning-based
011694.png,DOC008,3,69,0,-0.12,document
011695.png,DOC008,3,70,0,-0.12,dewarping
011696.png,DOC008,3,71,1,0.12,and
011697.png,DOC008,3,72,0,-0.12,residual
011698.png,DOC008,3,73,1,0.12,feature
011699.png,DOC008,3,74,0,-0.12,extraction
011700.png,DOC008,3,75,0,-0.12,reliably
011701.png,DOC008,3,76,0,-0.12,recover
011702.png,DOC008,3,77,1,0.12,the
011703.png,DOC008,3,78,0,-0.12,embedded
011704.png,DOC008,3,79,1,0.12,cryptographic
011705.png,DOC008,3,80,0,-0.12,QUESTION
011706.png,DOC008,3,81,0,-0.12,The
011707.png,DOC008,3,82,1,0.12,rapid
011708.png,DOC008,3,83,0,-0.12,advancement
011709.png,DOC008,3,84,0,-0.12,of
011710.png,DOC008,3,85,0,-0.12,artificial
011711.png,DOC008,3,86,1,0.12,intelligence
011712.png,DOC008,3,87,0,-0.12,and
011713.png,DOC008,3,88,0,-0.12,machine
011714.png,DOC008,3,89,1,0.12,has
011715.png,DOC008,3,90,1,0.12,fundamentally
011716.png,DOC008,3,91,0,-0.12,altered
011717.png,DOC008,3,92,0,-0.12,the
011718.png,DOC008,3,93,0,-0.12,landscape
011719.png,DOC008,3,94,1,0.12,of
011720.png,DOC008,3,95,0,-0.12,modern
011721.png,DOC008,3,96,1,0.12,computing.
011722.png,DOC008,3,97,0,-0.12,When
011723.png,DOC008,3,98,1,0.12,scalable
011724.png,DOC008,3,99,0,-0.12,distributed
011725.png,DOC008,3,100,0,-0.12,"systems,"
011726.png,DOC008,3,101,0,-0.12,engineers
011727.png,DOC008,3,102,0,-0.12,must
011728.png,DOC008,3,103,0,-0.12,carefully
011729.png,DOC008,3,104,1,0.12,consider
011730.png,DOC008,3,105,1,0.12,the
011731.png,DOC008,3,106,1,0.12,between
011732.png,DOC008,3,107,0,-0.12,"latency,"
011733.png,DOC008,3,108,1,0.12,"throughput,"
011734.png,DOC008,3,109,0,-0.12,and
011735.png,DOC008,3,110,1,0.12,fault
011736.png,DOC008,3,111,0,-0.12,tolerance.
011737.png,DOC008,3,112,0,-0.12,In
011738.png,DOC008,3,113,1,0.12,the
011739.png,DOC008,3,114,0,-0.12,context
011740.png,DOC008,3,115,0,-0.12,of
011741.png,DOC008,3,116,0,-0.12,"steganography,"
011742.png,DOC008,3,117,0,-0.12,the
011743.png,DOC008,3,118,0,-0.12,primary
011744.png,DOC008,3,119,0,-0.12,challenge
011745.png,DOC008,3,120,0,-0.12,is
011746.png,DOC008,3,121,0,-0.12,overcoming
011747.png,DOC008,3,122,0,-0.12,the
011748.png,DOC008,3,123,1,0.12,physical
011749.png,DOC008,3,124,0,-0.12,channel
011750.png,DOC008,3,125,0,-0.12,introduced
011751.png,DOC008,3,126,0,-0.12,by
011752.png,DOC008,3,127,1,0.12,printers
011753.png,DOC008,3,128,0,-0.12,and
011754.png,DOC008,3,129,0,-0.12,smartphone
011755.png,DOC008,3,130,1,0.12,cameras.
011756.png,DOC008,3,131,0,-0.12,This
011757.png,DOC008,3,132,0,-0.12,requires
011758.png,DOC008,3,133,0,-0.12,highly
011759.png,DOC008,3,134,0,-0.12,error
011760.png,DOC008,3,135,0,-0.12,correction
011761.png,DOC008,3,136,0,-0.12,"mechanisms,"
011762.png,DOC008,3,137,0,-0.12,such
011763.png,DOC008,3,138,1,0.12,as
011764.png,DOC008,3,139,0,-0.12,Reed-Solomon
011765.png,DOC008,3,140,1,0.12,"coding,"
011766.png,DOC008,3,141,0,-0.12,combined
011767.png,DOC008,3,142,1,0.12,deep
011768.png,DOC008,3,143,0,-0.12,learning-based
011769.png,DOC008,3,144,0,-0.12,document
011770.png,DOC008,3,145,0,-0.12,dewarping
011771.png,DOC008,3,146,0,-0.12,and
011772.png,DOC008,3,147,0,-0.12,residual
011773.png,DOC008,3,148,1,0.12,feature
011774.png,DOC008,3,149,0,-0.12,extraction
011775.png,DOC008,3,150,0,-0.12,reliably
011776.png,DOC008,3,151,1,0.12,recover
011777.png,DOC008,3,152,0,-0.12,the
011778.png,DOC008,3,153,1,0.12,embedded
011779.png,DOC008,3,154,0,-0.12,cryptographic
011780.png,DOC008,3,155,0,-0.12,QUESTION
011781.png,DOC008,3,156,0,-0.12,The
011782.png,DOC008,3,157,1,0.12,rapid
011783.png,DOC008,3,158,0,-0.12,advancement
011784.png,DOC008,3,159,0,-0.12,of
011785.png,DOC008,3,160,1,0.12,artificial
011786.png,DOC008,3,161,0,-0.12,intelligence
011787.png,DOC008,3,162,1,0.12,and
011788.png,DOC008,3,163,0,-0.12,machine
011789.png,DOC008,3,164,0,-0.12,has
011790.png,DOC008,3,165,0,-0.12,fundamentally
011791.png,DOC008,3,166,0,-0.12,altered
011792.png,DOC008,3,167,1,0.12,the
011793.png,DOC008,3,168,1,0.12,landscape
011794.png,DOC008,3,169,0,-0.12,of
011795.png,DOC008,3,170,0,-0.12,modern
011796.png,DOC008,3,171,0,-0.12,computing.
011797.png,DOC008,3,172,0,-0.12,When
011798.png,DOC008,3,173,0,-0.12,scalable
011799.png,DOC008,3,174,0,-0.12,distributed
011800.png,DOC008,3,175,0,-0.12,"systems,"
011801.png,DOC008,3,176,0,-0.12,engineers
011802.png,DOC008,3,177,0,-0.12,must
011803.png,DOC008,3,178,1,0.12,carefully
011804.png,DOC008,3,179,0,-0.12,consider
011805.png,DOC008,3,180,1,0.12,the
011806.png,DOC008,3,181,0,-0.12,between
011807.png,DOC008,3,182,0,-0.12,"latency,"
011808.png,DOC008,3,183,0,-0.12,"throughput,"
011809.png,DOC008,3,184,0,-0.12,and
011810.png,DOC008,3,185,0,-0.12,fault
011811.png,DOC008,3,186,0,-0.12,tolerance.
011812.png,DOC008,3,187,0,-0.12,In
011813.png,DOC008,3,188,0,-0.12,the
011814.png,DOC008,3,189,1,0.12,context
011815.png,DOC008,3,190,0,-0.12,of
011816.png,DOC008,3,191,0,-0.12,"steganography,"
011817.png,DOC008,3,192,0,-0.12,the
011818.png,DOC008,3,193,1,0.12,primary
011819.png,DOC008,3,194,0,-0.12,challenge
011820.png,DOC008,3,195,0,-0.12,is
011821.png,DOC008,3,196,0,-0.12,overcoming
011822.png,DOC008,3,197,0,-0.12,the
011823.png,DOC008,3,198,1,0.12,physical
011824.png,DOC008,3,199,1,0.12,channel
011825.png,DOC008,3,200,1,0.12,introduced
011826.png,DOC008,3,201,1,0.12,by
011827.png,DOC008,3,202,0,-0.12,printers
011828.png,DOC008,3,203,1,0.12,and
011829.png,DOC008,3,204,1,0.12,smartphone
011830.png,DOC008,3,205,1,0.12,cameras.
011831.png,DOC008,3,206,0,-0.12,This
011832.png,DOC008,3,207,1,0.12,requires
011833.png,DOC008,3,208,1,0.12,highly
011834.png,DOC008,3,209,1,0.12,error
011835.png,DOC008,3,210,1,0.12,correction
011836.png,DOC008,3,211,0,-0.12,"mechanisms,"
011837.png,DOC008,3,212,0,-0.12,such
011838.png,DOC008,3,213,1,0.12,as
011839.png,DOC008,3,214,0,-0.12,Reed-Solomon
011840.png,DOC008,3,215,0,-0.12,"coding,"
011841.png,DOC008,3,216,1,0.12,combined
011842.png,DOC008,3,217,0,-0.12,deep
011843.png,DOC008,3,218,0,-0.12,learning-based
011844.png,DOC008,3,219,1,0.12,document
011845.png,DOC008,3,220,0,-0.12,dewarping
011846.png,DOC008,3,221,0,-0.12,and
011847.png,DOC008,3,222,0,-0.12,residual
011848.png,DOC008,3,223,1,0.12,feature
011849.png,DOC008,3,224,0,-0.12,extraction
011850.png,DOC008,3,225,0,-0.12,reliably
011851.png,DOC008,3,226,1,0.12,recover
011852.png,DOC008,3,227,1,0.12,the
011853.png,DOC008,3,228,0,-0.12,embedded
011854.png,DOC008,3,229,0,-0.12,cryptographic
011855.png,DOC008,3,230,0,-0.12,QUESTION
011856.png,DOC008,3,231,1,0.12,The
011857.png,DOC008,3,232,1,0.12,rapid
011858.png,DOC008,3,233,0,-0.12,advancement
011859.png,DOC008,3,234,1,0.12,of
011860.png,DOC008,3,235,0,-0.12,artificial
011861.png,DOC008,3,236,0,-0.12,intelligence
011862.png,DOC008,3,237,0,-0.12,and
011863.png,DOC008,3,238,0,-0.12,machine
011864.png,DOC008,3,239,0,-0.12,has
011865.png,DOC008,3,240,0,-0.12,fundamentally
011866.png,DOC008,3,241,1,0.12,altered
011867.png,DOC008,3,242,1,0.12,the
011868.png,DOC008,3,243,1,0.12,landscape
011869.png,DOC008,3,244,0,-0.12,of
011870.png,DOC008,3,245,1,0.12,modern
011871.png,DOC008,3,246,0,-0.12,computing.
011872.png,DOC008,3,247,0,-0.12,When
011873.png,DOC008,3,248,0,-0.12,scalable
011874.png,DOC008,3,249,1,0.12,distributed
011875.png,DOC008,3,250,0,-0.12,"systems,"
011876.png,DOC008,3,251,0,-0.12,engineers
011877.png,DOC008,3,252,0,-0.12,must
011878.png,DOC008,3,253,1,0.12,carefully
011879.png,DOC008,3,254,0,-0.12,consider
011880.png,DOC008,3,255,0,-0.12,the
011881.png,DOC008,3,256,0,-0.12,between
011882.png,DOC008,3,257,0,-0.12,"latency,"
011883.png,DOC008,3,258,0,-0.12,"throughput,"
011884.png,DOC008,3,259,0,-0.12,and
011885.png,DOC008,3,260,0,-0.12,fault
011886.png,DOC008,3,261,0,-0.12,tolerance.
011887.png,DOC008,3,262,0,-0.12,In
011888.png,DOC008,3,263,1,0.12,the
011889.png,DOC008,3,264,0,-0.12,context
011890.png,DOC008,3,265,0,-0.12,of
011891.png,DOC008,3,266,1,0.12,"steganography,"
011892.png,DOC008,3,267,0,-0.12,the
011893.png,DOC008,3,268,0,-0.12,primary
011894.png,DOC008,3,269,0,-0.12,challenge
011895.png,DOC008,3,270,0,-0.12,is
011896.png,DOC008,3,271,0,-0.12,overcoming
011897.png,DOC008,3,272,0,-0.12,the
011898.png,DOC008,3,273,1,0.12,physical
011899.png,DOC008,3,274,1,0.12,channel
011900.png,DOC008,3,275,1,0.12,introduced
011901.png,DOC008,3,276,1,0.12,by
011902.png,DOC008,3,277,0,-0.12,printers
011903.png,DOC008,3,278,0,-0.12,and
011904.png,DOC008,3,279,0,-0.12,smartphone
011905.png,DOC008,3,280,0,-0.12,cameras.
011906.png,DOC008,3,281,0,-0.12,This
011907.png,DOC008,3,282,1,0.12,requires
011908.png,DOC008,3,283,0,-0.12,highly
011909.png,DOC008,3,284,0,-0.12,error
011910.png,DOC008,3,285,0,-0.12,correction
011911.png,DOC008,3,286,1,0.12,"mechanisms,"
011912.png,DOC008,3,287,1,0.12,such
011913.png,DOC008,3,288,1,0.12,as
011914.png,DOC008,3,289,0,-0.12,Reed-Solomon
011915.png,DOC008,3,290,0,-0.12,"coding,"
011916.png,DOC008,3,291,0,-0.12,combined
011917.png,DOC008,3,292,0,-0.12,deep
011918.png,DOC008,3,293,1,0.12,learning-based
011919.png,DOC008,3,294,0,-0.12,document
011920.png,DOC008,3,295,0,-0.12,dewarping
011921.png,DOC008,3,296,1,0.12,and
011922.png,DOC008,3,297,1,0.12,residual
011923.png,DOC008,3,298,1,0.12,feature
011924.png,DOC008,3,299,0,-0.12,extraction
011925.png,DOC008,3,300,0,-0.12,reliably
011926.png,DOC008,3,301,0,-0.12,recover
011927.png,DOC008,3,302,1,0.12,the
011928.png,DOC008,3,303,0,-0.12,embedded
011929.png,DOC008,3,304,1,0.12,cryptographic
011930.png,DOC008,3,305,0,-0.12,QUESTION
011931.png,DOC008,3,306,0,-0.12,The
011932.png,DOC008,3,307,0,-0.12,rapid
011933.png,DOC008,3,308,1,0.12,advancement
011934.png,DOC008,3,309,0,-0.12,of
011935.png,DOC008,3,310,0,-0.12,artificial
011936.png,DOC008,3,311,0,-0.12,intelligence
011937.png,DOC008,3,312,1,0.12,and
011938.png,DOC008,3,313,0,-0.12,machine
011939.png,DOC008,3,314,0,-0.12,has
011940.png,DOC008,3,315,0,-0.12,fundamentally
011941.png,DOC008,3,316,0,-0.12,altered
011942.png,DOC008,3,317,1,0.12,the
011943.png,DOC008,3,318,0,-0.12,landscape
011944.png,DOC008,3,319,0,-0.12,of
011945.png,DOC008,3,320,0,-0.12,modern
011946.png,DOC008,3,321,1,0.12,computing.
011947.png,DOC008,3,322,0,-0.12,When
011948.png,DOC008,3,323,0,-0.12,scalable
011949.png,DOC008,3,324,0,-0.12,distributed
011950.png,DOC008,3,325,0,-0.12,"systems,"
011951.png,DOC008,3,326,0,-0.12,engineers
011952.png,DOC008,3,327,0,-0.12,must
011953.png,DOC008,3,328,0,-0.12,carefully
011954.png,DOC008,3,329,0,-0.12,consider
011955.png,DOC008,3,330,0,-0.12,the
011956.png,DOC008,3,331,1,0.12,between
011957.png,DOC008,3,332,0,-0.12,"latency,"
011958.png,DOC008,3,333,0,-0.12,"throughput,"
011959.png,DOC008,3,334,1,0.12,and
011960.png,DOC008,3,335,0,-0.12,fault
011961.png,DOC008,3,336,1,0.12,tolerance.
011962.png,DOC008,3,337,0,-0.12,In
011963.png,DOC008,3,338,0,-0.12,the
011964.png,DOC008,3,339,1,0.12,context
011965.png,DOC008,3,340,0,-0.12,of
011966.png,DOC008,3,341,0,-0.12,"steganography,"
011967.png,DOC008,3,342,0,-0.12,the
011968.png,DOC008,3,343,0,-0.12,primary
011969.png,DOC008,3,344,0,-0.12,challenge
011970.png,DOC008,3,345,0,-0.12,is
011971.png,DOC008,3,346,0,-0.12,overcoming
011972.png,DOC008,3,347,1,0.12,the
011973.png,DOC008,3,348,1,0.12,physical
011974.png,DOC008,3,349,0,-0.12,channel
011975.png,DOC008,3,350,0,-0.12,introduced
011976.png,DOC008,3,351,0,-0.12,by
011977.png,DOC008,3,352,0,-0.12,printers
011978.png,DOC008,3,353,0,-0.12,and
011979.png,DOC008,3,354,0,-0.12,smartphone
011980.png,DOC008,3,355,0,-0.12,cameras.
011981.png,DOC008,3,356,1,0.12,This
011982.png,DOC008,3,357,1,0.12,requires
011983.png,DOC008,3,358,0,-0.12,highly
011984.png,DOC008,3,359,0,-0.12,error
011985.png,DOC008,3,360,0,-0.12,correction
011986.png,DOC008,3,361,0,-0.12,"mechanisms,"
011987.png,DOC008,3,362,0,-0.12,such
011988.png,DOC008,3,363,0,-0.12,as
011989.png,DOC008,3,364,1,0.12,Reed-Solomon
011990.png,DOC008,3,365,0,-0.12,"coding,"
011991.png,DOC008,3,366,0,-0.12,combined
011992.png,DOC008,3,367,1,0.12,deep
011993.png,DOC008,3,368,1,0.12,learning-based
011994.png,DOC008,3,369,0,-0.12,document
011995.png,DOC008,3,370,1,0.12,dewarping
011996.png,DOC008,3,371,1,0.12,and
011997.png,DOC008,3,372,1,0.12,residual
011998.png,DOC008,3,373,0,-0.12,feature
011999.png,DOC008,3,374,1,0.12,extraction
012000.png,DOC009,0,0,0,-0.12,CONFIDENTIAL
012001.png,DOC009,0,1,0,-0.12,ENGINEERING
012002.png,DOC009,0,2,1,0.12,EXAM
012003.png,DOC009,0,3,0,-0.12,-
012004.png,DOC009,0,4,0,-0.12,PAGE
012005.png,DOC009,0,5,1,0.12,QUESTION
012006.png,DOC009,0,6,0,-0.12,The
012007.png,DOC009,0,7,1,0.12,rapid
012008.png,DOC009,0,8,1,0.12,advancement
012009.png,DOC009,0,9,0,-0.12,of
012010.png,DOC009,0,10,0,-0.12,artificial
012011.png,DOC009,0,11,1,0.12,intelligence
012012.png,DOC009,0,12,1,0.12,and
012013.png,DOC009,0,13,0,-0.12,machine
012014.png,DOC009,0,14,1,0.12,has
012015.png,DOC009,0,15,0,-0.12,fundamentally
012016.png,DOC009,0,16,1,0.12,altered
012017.png,DOC009,0,17,0,-0.12,the
012018.png,DOC009,0,18,1,0.12,landscape
012019.png,DOC009,0,19,0,-0.12,of
012020.png,DOC009,0,20,1,0.12,modern
012021.png,DOC009,0,21,0,-0.12,computing.
012022.png,DOC009,0,22,0,-0.12,When
012023.png,DOC009,0,23,0,-0.12,scalable
012024.png,DOC009,0,24,1,0.12,distributed
012025.png,DOC009,0,25,0,-0.12,"systems,"
012026.png,DOC009,0,26,0,-0.12,engineers
012027.png,DOC009,0,27,0,-0.12,must
012028.png,DOC009,0,28,0,-0.12,carefully
012029.png,DOC009,0,29,0,-0.12,consider
012030.png,DOC009,0,30,0,-0.12,the
012031.png,DOC009,0,31,1,0.12,between
012032.png,DOC009,0,32,0,-0.12,"latency,"
012033.png,DOC009,0,33,0,-0.12,"throughput,"
012034.png,DOC009,0,34,0,-0.12,and
012035.png,DOC009,0,35,0,-0.12,fault
012036.png,DOC009,0,36,0,-0.12,tolerance.
012037.png,DOC009,0,37,0,-0.12,In
012038.png,DOC009,0,38,1,0.12,the
012039.png,DOC009,0,39,0,-0.12,context
012040.png,DOC009,0,40,1,0.12,of
012041.png,DOC009,0,41,0,-0.12,"steganography,"
012042.png,DOC009,0,42,1,0.12,the
012043.png,DOC009,0,43,0,-0.12,primary
012044.png,DOC009,0,44,1,0.12,challenge
012045.png,DOC009,0,45,1,0.12,is
012046.png,DOC009,0,46,1,0.12,overcoming
012047.png,DOC009,0,47,0,-0.12,the
012048.png,DOC009,0,48,0,-0.12,physical
012049.png,DOC009,0,49,0,-0.12,channel
012050.png,DOC009,0,50,1,0.12,introduced
012051.png,DOC009,0,51,0,-0.12,by
012052.png,DOC009,0,52,0,-0.12,printers
012053.png,DOC009,0,53,0,-0.12,and
012054.png,DOC009,0,54,0,-0.12,smartphone
012055.png,DOC009,0,55,0,-0.12,cameras.
012056.png,DOC009,0,56,0,-0.12,This
012057.png,DOC009,0,57,0,-0.12,requires
012058.png,DOC009,0,58,1,0.12,highly
012059.png,DOC009,0,59,0,-0.12,error
012060.png,DOC009,0,60,0,-0.12,correction
012061.png,DOC009,0,61,0,-0.12,"mechanisms,"
012062.png,DOC009,0,62,0,-0.12,such
012063.png,DOC009,0,63,1,0.12,as
012064.png,DOC009,0,64,0,-0.12,Reed-Solomon
012065.png,DOC009,0,65,0,-0.12,"coding,"
012066.png,DOC009,0,66,1,0.12,combined
012067.png,DOC009,0,67,0,-0.12,deep
012068.png,DOC009,0,68,0,-0.12,learning-based
012069.png,DOC009,0,69,0,-0.12,document
012070.png,DOC009,0,70,1,0.12,dewarping
012071.png,DOC009,0,71,0,-0.12,and
012072.png,DOC009,0,72,0,-0.12,residual
012073.png,DOC009,0,73,0,-0.12,feature
012074.png,DOC009,0,74,1,0.12,extraction
012075.png,DOC009,0,75,0,-0.12,reliably
012076.png,DOC009,0,76,0,-0.12,recover
012077.png,DOC009,0,77,0,-0.12,the
012078.png,DOC009,0,78,0,-0.12,embedded
012079.png,DOC009,0,79,0,-0.12,cryptographic
012080.png,DOC009,0,80,0,-0.12,QUESTION
012081.png,DOC009,0,81,1,0.12,The
012082.png,DOC009,0,82,1,0.12,rapid
012083.png,DOC009,0,83,0,-0.12,advancement
012084.png,DOC009,0,84,0,-0.12,of
012085.png,DOC009,0,85,1,0.12,artificial
012086.png,DOC009,0,86,1,0.12,intelligence
012087.png,DOC009,0,87,0,-0.12,and
012088.png,DOC009,0,88,1,0.12,machine
012089.png,DOC009,0,89,0,-0.12,has
012090.png,DOC009,0,90,1,0.12,fundamentally
012091.png,DOC009,0,91,1,0.12,altered
012092.png,DOC009,0,92,1,0.12,the
012093.png,DOC009,0,93,0,-0.12,landscape
012094.png,DOC009,0,94,0,-0.12,of
012095.png,DOC009,0,95,1,0.12,modern
012096.png,DOC009,0,96,0,-0.12,computing.
012097.png,DOC009,0,97,0,-0.12,When
012098.png,DOC009,0,98,0,-0.12,scalable
012099.png,DOC009,0,99,0,-0.12,distributed
012100.png,DOC009,0,100,0,-0.12,"systems,"
012101.png,DOC009,0,101,1,0.12,engineers
012102.png,DOC009,0,102,0,-0.12,must
012103.png,DOC009,0,103,0,-0.12,carefully
012104.png,DOC009,0,104,1,0.12,consider
012105.png,DOC009,0,105,1,0.12,the
012106.png,DOC009,0,106,0,-0.12,between
012107.png,DOC009,0,107,1,0.12,"latency,"
012108.png,DOC009,0,108,1,0.12,"throughput,"
012109.png,DOC009,0,109,0,-0.12,and
012110.png,DOC009,0,110,1,0.12,fault
012111.png,DOC009,0,111,1,0.12,tolerance.
012112.png,DOC009,0,112,0,-0.12,In
012113.png,DOC009,0,113,0,-0.12,the
012114.png,DOC009,0,114,0,-0.12,context
012115.png,DOC009,0,115,0,-0.12,of
012116.png,DOC009,0,116,1,0.12,"steganography,"
012117.png,DOC009,0,117,0,-0.12,the
012118.png,DOC009,0,118,0,-0.12,primary
012119.png,DOC009,0,119,0,-0.12,challenge
012120.png,DOC009,0,120,1,0.12,is
012121.png,DOC009,0,121,0,-0.12,overcoming
012122.png,DOC009,0,122,0,-0.12,the
012123.png,DOC009,0,123,0,-0.12,physical
012124.png,DOC009,0,124,0,-0.12,channel
012125.png,DOC009,0,125,0,-0.12,introduced
012126.png,DOC009,0,126,0,-0.12,by
012127.png,DOC009,0,127,1,0.12,printers
012128.png,DOC009,0,128,1,0.12,and
012129.png,DOC009,0,129,0,-0.12,smartphone
012130.png,DOC009,0,130,0,-0.12,cameras.
012131.png,DOC009,0,131,1,0.12,This
012132.png,DOC009,0,132,1,0.12,requires
012133.png,DOC009,0,133,1,0.12,highly
012134.png,DOC009,0,134,0,-0.12,error
012135.png,DOC009,0,135,0,-0.12,correction
012136.png,DOC009,0,136,0,-0.12,"mechanisms,"
012137.png,DOC009,0,137,0,-0.12,such
012138.png,DOC009,0,138,0,-0.12,as
012139.png,DOC009,0,139,0,-0.12,Reed-Solomon
012140.png,DOC009,0,140,1,0.12,"coding,"
012141.png,DOC009,0,141,0,-0.12,combined
012142.png,DOC009,0,142,1,0.12,deep
012143.png,DOC009,0,143,1,0.12,learning-based
012144.png,DOC009,0,144,0,-0.12,document
012145.png,DOC009,0,145,1,0.12,dewarping
012146.png,DOC009,0,146,1,0.12,and
012147.png,DOC009,0,147,0,-0.12,residual
012148.png,DOC009,0,148,1,0.12,feature
012149.png,DOC009,0,149,0,-0.12,extraction
012150.png,DOC009,0,150,0,-0.12,reliably
012151.png,DOC009,0,151,0,-0.12,recover
012152.png,DOC009,0,152,1,0.12,the
012153.png,DOC009,0,153,0,-0.12,embedded
012154.png,DOC009,0,154,0,-0.12,cryptographic
012155.png,DOC009,0,155,0,-0.12,QUESTION
012156.png,DOC009,0,156,0,-0.12,The
012157.png,DOC009,0,157,0,-0.12,rapid
012158.png,DOC009,0,158,0,-0.12,advancement
012159.png,DOC009,0,159,0,-0.12,of
012160.png,DOC009,0,160,0,-0.12,artificial
012161.png,DOC009,0,161,0,-0.12,intelligence
012162.png,DOC009,0,162,0,-0.12,and
012163.png,DOC009,0,163,0,-0.12,machine
012164.png,DOC009,0,164,0,-0.12,has
012165.png,DOC009,0,165,0,-0.12,fundamentally
012166.png,DOC009,0,166,0,-0.12,altered
012167.png,DOC009,0,167,0,-0.12,the
012168.png,DOC009,0,168,0,-0.12,landscape
012169.png,DOC009,0,169,1,0.12,of
012170.png,DOC009,0,170,1,0.12,modern
012171.png,DOC009,0,171,0,-0.12,computing.
012172.png,DOC009,0,172,1,0.12,When
012173.png,DOC009,0,173,1,0.12,scalable
012174.png,DOC009,0,174,0,-0.12,distributed
012175.png,DOC009,0,175,0,-0.12,"systems,"
012176.png,DOC009,0,176,0,-0.12,engineers
012177.png,DOC009,0,177,0,-0.12,must
012178.png,DOC009,0,178,1,0.12,carefully
012179.png,DOC009,0,179,1,0.12,consider
012180.png,DOC009,0,180,0,-0.12,the
012181.png,DOC009,0,181,1,0.12,between
012182.png,DOC009,0,182,0,-0.12,"latency,"
012183.png,DOC009,0,183,0,-0.12,"throughput,"
012184.png,DOC009,0,184,0,-0.12,and
012185.png,DOC009,0,185,0,-0.12,fault
012186.png,DOC009,0,186,0,-0.12,tolerance.
012187.png,DOC009,0,187,0,-0.12,In
012188.png,DOC009,0,188,0,-0.12,the
012189.png,DOC009,0,189,1,0.12,context
012190.png,DOC009,0,190,1,0.12,of
012191.png,DOC009,0,191,0,-0.12,"steganography,"
012192.png,DOC009,0,192,0,-0.12,the
012193.png,DOC009,0,193,0,-0.12,primary
012194.png,DOC009,0,194,0,-0.12,challenge
012195.png,DOC009,0,195,0,-0.12,is
012196.png,DOC009,0,196,0,-0.12,overcoming
012197.png,DOC009,0,197,0,-0.12,the
012198.png,DOC009,0,198,1,0.12,physical
012199.png,DOC009,0,199,1,0.12,channel
012200.png,DOC009,0,200,1,0.12,introduced
012201.png,DOC009,0,201,0,-0.12,by
012202.png,DOC009,0,202,0,-0.12,printers
012203.png,DOC009,0,203,1,0.12,and
012204.png,DOC009,0,204,1,0.12,smartphone
012205.png,DOC009,0,205,0,-0.12,cameras.
012206.png,DOC009,0,206,0,-0.12,This
012207.png,DOC009,0,207,1,0.12,requires
012208.png,DOC009,0,208,0,-0.12,highly
012209.png,DOC009,0,209,1,0.12,error
012210.png,DOC009,0,210,1,0.12,correction
012211.png,DOC009,0,211,0,-0.12,"mechanisms,"
012212.png,DOC009,0,212,0,-0.12,such
012213.png,DOC009,0,213,0,-0.12,as
012214.png,DOC009,0,214,0,-0.12,Reed-Solomon
012215.png,DOC009,0,215,0,-0.12,"coding,"
012216.png,DOC009,0,216,0,-0.12,combined
012217.png,DOC009,0,217,0,-0.12,deep
012218.png,DOC009,0,218,0,-0.12,learning-based
012219.png,DOC009,0,219,0,-0.12,document
012220.png,DOC009,0,220,1,0.12,dewarping
012221.png,DOC009,0,221,1,0.12,and
012222.png,DOC009,0,222,0,-0.12,residual
012223.png,DOC009,0,223,0,-0.12,feature
012224.png,DOC009,0,224,0,-0.12,extraction
012225.png,DOC009,0,225,0,-0.12,reliably
012226.png,DOC009,0,226,1,0.12,recover
012227.png,DOC009,0,227,0,-0.12,the
012228.png,DOC009,0,228,0,-0.12,embedded
012229.png,DOC009,0,229,0,-0.12,cryptographic
012230.png,DOC009,0,230,0,-0.12,QUESTION
012231.png,DOC009,0,231,1,0.12,The
012232.png,DOC009,0,232,1,0.12,rapid
012233.png,DOC009,0,233,1,0.12,advancement
012234.png,DOC009,0,234,1,0.12,of
012235.png,DOC009,0,235,0,-0.12,artificial
012236.png,DOC009,0,236,1,0.12,intelligence
012237.png,DOC009,0,237,0,-0.12,and
012238.png,DOC009,0,238,1,0.12,machine
012239.png,DOC009,0,239,0,-0.12,has
012240.png,DOC009,0,240,0,-0.12,fundamentally
012241.png,DOC009,0,241,0,-0.12,altered
012242.png,DOC009,0,242,0,-0.12,the
012243.png,DOC009,0,243,1,0.12,landscape
012244.png,DOC009,0,244,0,-0.12,of
012245.png,DOC009,0,245,0,-0.12,modern
012246.png,DOC009,0,246,0,-0.12,computing.
012247.png,DOC009,0,247,0,-0.12,When
012248.png,DOC009,0,248,0,-0.12,scalable
012249.png,DOC009,0,249,0,-0.12,distributed
012250.png,DOC009,0,250,0,-0.12,"systems,"
012251.png,DOC009,0,251,0,-0.12,engineers
012252.png,DOC009,0,252,0,-0.12,must
012253.png,DOC009,0,253,0,-0.12,carefully
012254.png,DOC009,0,254,1,0.12,consider
012255.png,DOC009,0,255,0,-0.12,the
012256.png,DOC009,0,256,1,0.12,between
012257.png,DOC009,0,257,0,-0.12,"latency,"
012258.png,DOC009,0,258,0,-0.12,"throughput,"
012259.png,DOC009,0,259,0,-0.12,and
012260.png,DOC009,0,260,0,-0.12,fault
012261.png,DOC009,0,261,0,-0.12,tolerance.
012262.png,DOC009,0,262,0,-0.12,In
012263.png,DOC009,0,263,0,-0.12,the
012264.png,DOC009,0,264,1,0.12,context
012265.png,DOC009,0,265,0,-0.12,of
012266.png,DOC009,0,266,0,-0.12,"steganography,"
012267.png,DOC009,0,267,1,0.12,the
012268.png,DOC009,0,268,0,-0.12,primary
012269.png,DOC009,0,269,1,0.12,challenge
012270.png,DOC009,0,270,0,-0.12,is
012271.png,DOC009,0,271,0,-0.12,overcoming
012272.png,DOC009,0,272,0,-0.12,the
012273.png,DOC009,0,273,1,0.12,physical
012274.png,DOC009,0,274,0,-0.12,channel
012275.png,DOC009,0,275,0,-0.12,introduced
012276.png,DOC009,0,276,0,-0.12,by
012277.png,DOC009,0,277,0,-0.12,printers
012278.png,DOC009,0,278,0,-0.12,and
012279.png,DOC009,0,279,0,-0.12,smartphone
012280.png,DOC009,0,280,1,0.12,cameras.
012281.png,DOC009,0,281,0,-0.12,This
012282.png,DOC009,0,282,1,0.12,requires
012283.png,DOC009,0,283,0,-0.12,highly
012284.png,DOC009,0,284,0,-0.12,error
012285.png,DOC009,0,285,0,-0.12,correction
012286.png,DOC009,0,286,1,0.12,"mechanisms,"
012287.png,DOC009,0,287,0,-0.12,such
012288.png,DOC009,0,288,0,-0.12,as
012289.png,DOC009,0,289,0,-0.12,Reed-Solomon
012290.png,DOC009,0,290,1,0.12,"coding,"
012291.png,DOC009,0,291,0,-0.12,combined
012292.png,DOC009,0,292,0,-0.12,deep
012293.png,DOC009,0,293,1,0.12,learning-based
012294.png,DOC009,0,294,0,-0.12,document
012295.png,DOC009,0,295,0,-0.12,dewarping
012296.png,DOC009,0,296,0,-0.12,and
012297.png,DOC009,0,297,0,-0.12,residual
012298.png,DOC009,0,298,0,-0.12,feature
012299.png,DOC009,0,299,0,-0.12,extraction
012300.png,DOC009,0,300,0,-0.12,reliably
012301.png,DOC009,0,301,1,0.12,recover
012302.png,DOC009,0,302,0,-0.12,the
012303.png,DOC009,0,303,1,0.12,embedded
012304.png,DOC009,0,304,0,-0.12,cryptographic
012305.png,DOC009,0,305,0,-0.12,QUESTION
012306.png,DOC009,0,306,1,0.12,The
012307.png,DOC009,0,307,0,-0.12,rapid
012308.png,DOC009,0,308,0,-0.12,advancement
012309.png,DOC009,0,309,0,-0.12,of
012310.png,DOC009,0,310,0,-0.12,artificial
012311.png,DOC009,0,311,0,-0.12,intelligence
012312.png,DOC009,0,312,0,-0.12,and
012313.png,DOC009,0,313,0,-0.12,machine
012314.png,DOC009,0,314,1,0.12,has
012315.png,DOC009,0,315,1,0.12,fundamentally
012316.png,DOC009,0,316,1,0.12,altered
012317.png,DOC009,0,317,0,-0.12,the
012318.png,DOC009,0,318,0,-0.12,landscape
012319.png,DOC009,0,319,1,0.12,of
012320.png,DOC009,0,320,0,-0.12,modern
012321.png,DOC009,0,321,1,0.12,computing.
012322.png,DOC009,0,322,1,0.12,When
012323.png,DOC009,0,323,0,-0.12,scalable
012324.png,DOC009,0,324,1,0.12,distributed
012325.png,DOC009,0,325,0,-0.12,"systems,"
012326.png,DOC009,0,326,1,0.12,engineers
012327.png,DOC009,0,327,0,-0.12,must
012328.png,DOC009,0,328,0,-0.12,carefully
012329.png,DOC009,0,329,0,-0.12,consider
012330.png,DOC009,0,330,0,-0.12,the
012331.png,DOC009,0,331,0,-0.12,between
012332.png,DOC009,0,332,1,0.12,"latency,"
012333.png,DOC009,0,333,0,-0.12,"throughput,"
012334.png,DOC009,0,334,0,-0.12,and
012335.png,DOC009,0,335,1,0.12,fault
012336.png,DOC009,0,336,1,0.12,tolerance.
012337.png,DOC009,0,337,0,-0.12,In
012338.png,DOC009,0,338,0,-0.12,the
012339.png,DOC009,0,339,0,-0.12,context
012340.png,DOC009,0,340,0,-0.12,of
012341.png,DOC009,0,341,1,0.12,"steganography,"
012342.png,DOC009,0,342,1,0.12,the
012343.png,DOC009,0,343,1,0.12,primary
012344.png,DOC009,0,344,0,-0.12,challenge
012345.png,DOC009,0,345,0,-0.12,is
012346.png,DOC009,0,346,1,0.12,overcoming
012347.png,DOC009,0,347,0,-0.12,the
012348.png,DOC009,0,348,0,-0.12,physical
012349.png,DOC009,0,349,0,-0.12,channel
012350.png,DOC009,0,350,0,-0.12,introduced
012351.png,DOC009,0,351,0,-0.12,by
012352.png,DOC009,0,352,1,0.12,printers
012353.png,DOC009,0,353,0,-0.12,and
012354.png,DOC009,0,354,0,-0.12,smartphone
012355.png,DOC009,0,355,1,0.12,cameras.
012356.png,DOC009,0,356,0,-0.12,This
012357.png,DOC009,0,357,0,-0.12,requires
012358.png,DOC009,0,358,1,0.12,highly
012359.png,DOC009,0,359,1,0.12,error
012360.png,DOC009,0,360,0,-0.12,correction
012361.png,DOC009,0,361,0,-0.12,"mechanisms,"
012362.png,DOC009,0,362,1,0.12,such
012363.png,DOC009,0,363,0,-0.12,as
012364.png,DOC009,0,364,1,0.12,Reed-Solomon
012365.png,DOC009,0,365,0,-0.12,"coding,"
012366.png,DOC009,0,366,0,-0.12,combined
012367.png,DOC009,0,367,1,0.12,deep
012368.png,DOC009,0,368,0,-0.12,learning-based
012369.png,DOC009,0,369,0,-0.12,document
012370.png,DOC009,0,370,1,0.12,dewarping
012371.png,DOC009,0,371,0,-0.12,and
012372.png,DOC009,0,372,0,-0.12,residual
012373.png,DOC009,0,373,0,-0.12,feature
012374.png,DOC009,0,374,0,-0.12,extraction
012375.png,DOC009,1,0,0,-0.12,CONFIDENTIAL
012376.png,DOC009,1,1,1,0.12,ENGINEERING
012377.png,DOC009,1,2,0,-0.12,EXAM
012378.png,DOC009,1,3,0,-0.12,-
012379.png,DOC009,1,4,0,-0.12,PAGE
012380.png,DOC009,1,5,0,-0.12,QUESTION
012381.png,DOC009,1,6,0,-0.12,The
012382.png,DOC009,1,7,0,-0.12,rapid
012383.png,DOC009,1,8,1,0.12,advancement
012384.png,DOC009,1,9,1,0.12,of
012385.png,DOC009,1,10,0,-0.12,artificial
012386.png,DOC009,1,11,0,-0.12,intelligence
012387.png,DOC009,1,12,1,0.12,and
012388.png,DOC009,1,13,0,-0.12,machine
012389.png,DOC009,1,14,0,-0.12,has
012390.png,DOC009,1,15,0,-0.12,fundamentally
012391.png,DOC009,1,16,1,0.12,altered
012392.png,DOC009,1,17,0,-0.12,the
012393.png,DOC009,1,18,1,0.12,landscape
012394.png,DOC009,1,19,0,-0.12,of
012395.png,DOC009,1,20,0,-0.12,modern
012396.png,DOC009,1,21,1,0.12,computing.
012397.png,DOC009,1,22,0,-0.12,When
012398.png,DOC009,1,23,1,0.12,scalable
012399.png,DOC009,1,24,0,-0.12,distributed
012400.png,DOC009,1,25,0,-0.12,"systems,"
012401.png,DOC009,1,26,1,0.12,engineers
012402.png,DOC009,1,27,0,-0.12,must
012403.png,DOC009,1,28,1,0.12,carefully
012404.png,DOC009,1,29,1,0.12,consider
012405.png,DOC009,1,30,1,0.12,the
012406.png,DOC009,1,31,0,-0.12,between
012407.png,DOC009,1,32,0,-0.12,"latency,"
012408.png,DOC009,1,33,0,-0.12,"throughput,"
012409.png,DOC009,1,34,0,-0.12,and
012410.png,DOC009,1,35,1,0.12,fault
012411.png,DOC009,1,36,0,-0.12,tolerance.
012412.png,DOC009,1,37,0,-0.12,In
012413.png,DOC009,1,38,0,-0.12,the
012414.png,DOC009,1,39,0,-0.12,context
012415.png,DOC009,1,40,0,-0.12,of
012416.png,DOC009,1,41,0,-0.12,"steganography,"
012417.png,DOC009,1,42,1,0.12,the
012418.png,DOC009,1,43,0,-0.12,primary
012419.png,DOC009,1,44,1,0.12,challenge
012420.png,DOC009,1,45,0,-0.12,is
012421.png,DOC009,1,46,1,0.12,overcoming
012422.png,DOC009,1,47,1,0.12,the
012423.png,DOC009,1,48,0,-0.12,physical
012424.png,DOC009,1,49,1,0.12,channel
012425.png,DOC009,1,50,0,-0.12,introduced
012426.png,DOC009,1,51,0,-0.12,by
012427.png,DOC009,1,52,0,-0.12,printers
012428.png,DOC009,1,53,1,0.12,and
012429.png,DOC009,1,54,0,-0.12,smartphone
012430.png,DOC009,1,55,0,-0.12,cameras.
012431.png,DOC009,1,56,0,-0.12,This
012432.png,DOC009,1,57,1,0.12,requires
012433.png,DOC009,1,58,0,-0.12,highly
012434.png,DOC009,1,59,0,-0.12,error
012435.png,DOC009,1,60,0,-0.12,correction
012436.png,DOC009,1,61,1,0.12,"mechanisms,"
012437.png,DOC009,1,62,1,0.12,such
012438.png,DOC009,1,63,0,-0.12,as
012439.png,DOC009,1,64,0,-0.12,Reed-Solomon
012440.png,DOC009,1,65,0,-0.12,"coding,"
012441.png,DOC009,1,66,0,-0.12,combined
012442.png,DOC009,1,67,0,-0.12,deep
012443.png,DOC009,1,68,0,-0.12,learning-based
012444.png,DOC009,1,69,0,-0.12,document
012445.png,DOC009,1,70,1,0.12,dewarping
012446.png,DOC009,1,71,0,-0.12,and
012447.png,DOC009,1,72,1,0.12,residual
012448.png,DOC009,1,73,0,-0.12,feature
012449.png,DOC009,1,74,0,-0.12,extraction
012450.png,DOC009,1,75,1,0.12,reliably
012451.png,DOC009,1,76,0,-0.12,recover
012452.png,DOC009,1,77,1,0.12,the
012453.png,DOC009,1,78,1,0.12,embedded
012454.png,DOC009,1,79,1,0.12,cryptographic
012455.png,DOC009,1,80,1,0.12,QUESTION
012456.png,DOC009,1,81,0,-0.12,The
012457.png,DOC009,1,82,0,-0.12,rapid
012458.png,DOC009,1,83,1,0.12,advancement
012459.png,DOC009,1,84,0,-0.12,of
012460.png,DOC009,1,85,0,-0.12,artificial
012461.png,DOC009,1,86,0,-0.12,intelligence
012462.png,DOC009,1,87,0,-0.12,and
012463.png,DOC009,1,88,0,-0.12,machine
012464.png,DOC009,1,89,0,-0.12,has
012465.png,DOC009,1,90,0,-0.12,fundamentally
012466.png,DOC009,1,91,1,0.12,altered
012467.png,DOC009,1,92,0,-0.12,the
012468.png,DOC009,1,93,1,0.12,landscape
012469.png,DOC009,1,94,0,-0.12,of
012470.png,DOC009,1,95,1,0.12,modern
012471.png,DOC009,1,96,0,-0.12,computing.
012472.png,DOC009,1,97,0,-0.12,When
012473.png,DOC009,1,98,0,-0.12,scalable
012474.png,DOC009,1,99,1,0.12,distributed
012475.png,DOC009,1,100,0,-0.12,"systems,"
012476.png,DOC009,1,101,0,-0.12,engineers
012477.png,DOC009,1,102,0,-0.12,must
012478.png,DOC009,1,103,1,0.12,carefully
012479.png,DOC009,1,104,1,0.12,consider
012480.png,DOC009,1,105,0,-0.12,the
012481.png,DOC009,1,106,1,0.12,between
012482.png,DOC009,1,107,0,-0.12,"latency,"
012483.png,DOC009,1,108,0,-0.12,"throughput,"
012484.png,DOC009,1,109,0,-0.12,and
012485.png,DOC009,1,110,1,0.12,fault
012486.png,DOC009,1,111,0,-0.12,tolerance.
012487.png,DOC009,1,112,0,-0.12,In
012488.png,DOC009,1,113,0,-0.12,the
012489.png,DOC009,1,114,0,-0.12,context
012490.png,DOC009,1,115,0,-0.12,of
012491.png,DOC009,1,116,1,0.12,"steganography,"
012492.png,DOC009,1,117,0,-0.12,the
012493.png,DOC009,1,118,0,-0.12,primary
012494.png,DOC009,1,119,0,-0.12,challenge
012495.png,DOC009,1,120,0,-0.12,is
012496.png,DOC009,1,121,0,-0.12,overcoming
012497.png,DOC009,1,122,0,-0.12,the
012498.png,DOC009,1,123,0,-0.12,physical
012499.png,DOC009,1,124,1,0.12,channel
012500.png,DOC009,1,125,0,-0.12,introduced
012501.png,DOC009,1,126,1,0.12,by
012502.png,DOC009,1,127,0,-0.12,printers
012503.png,DOC009,1,128,1,0.12,and
012504.png,DOC009,1,129,0,-0.12,smartphone
012505.png,DOC009,1,130,0,-0.12,cameras.
012506.png,DOC009,1,131,0,-0.12,This
012507.png,DOC009,1,132,1,0.12,requires
012508.png,DOC009,1,133,0,-0.12,highly
012509.png,DOC009,1,134,1,0.12,error
012510.png,DOC009,1,135,1,0.12,correction
012511.png,DOC009,1,136,0,-0.12,"mechanisms,"
012512.png,DOC009,1,137,1,0.12,such
012513.png,DOC009,1,138,0,-0.12,as
012514.png,DOC009,1,139,1,0.12,Reed-Solomon
012515.png,DOC009,1,140,1,0.12,"coding,"
012516.png,DOC009,1,141,0,-0.12,combined
012517.png,DOC009,1,142,1,0.12,deep
012518.png,DOC009,1,143,1,0.12,learning-based
012519.png,DOC009,1,144,0,-0.12,document
012520.png,DOC009,1,145,1,0.12,dewarping
012521.png,DOC009,1,146,1,0.12,and
012522.png,DOC009,1,147,1,0.12,residual
012523.png,DOC009,1,148,0,-0.12,feature
012524.png,DOC009,1,149,0,-0.12,extraction
012525.png,DOC009,1,150,0,-0.12,reliably
012526.png,DOC009,1,151,0,-0.12,recover
012527.png,DOC009,1,152,0,-0.12,the
012528.png,DOC009,1,153,0,-0.12,embedded
012529.png,DOC009,1,154,0,-0.12,cryptographic
012530.png,DOC009,1,155,0,-0.12,QUESTION
012531.png,DOC009,1,156,1,0.12,The
012532.png,DOC009,1,157,0,-0.12,rapid
012533.png,DOC009,1,158,1,0.12,advancement
012534.png,DOC009,1,159,0,-0.12,of
012535.png,DOC009,1,160,0,-0.12,artificial
012536.png,DOC009,1,161,0,-0.12,intelligence
012537.png,DOC009,1,162,0,-0.12,and
012538.png,DOC009,1,163,0,-0.12,machine
012539.png,DOC009,1,164,0,-0.12,has
012540.png,DOC009,1,165,0,-0.12,fundamentally
012541.png,DOC009,1,166,1,0.12,altered
012542.png,DOC009,1,167,1,0.12,the
012543.png,DOC009,1,168,0,-0.12,landscape
012544.png,DOC009,1,169,0,-0.12,of
012545.png,DOC009,1,170,0,-0.12,modern
012546.png,DOC009,1,171,0,-0.12,computing.
012547.png,DOC009,1,172,1,0.12,When
012548.png,DOC009,1,173,0,-0.12,scalable
012549.png,DOC009,1,174,0,-0.12,distributed
012550.png,DOC009,1,175,0,-0.12,"systems,"
012551.png,DOC009,1,176,0,-0.12,engineers
012552.png,DOC009,1,177,1,0.12,must
012553.png,DOC009,1,178,1,0.12,carefully
012554.png,DOC009,1,179,1,0.12,consider
012555.png,DOC009,1,180,0,-0.12,the
012556.png,DOC009,1,181,0,-0.12,between
012557.png,DOC009,1,182,0,-0.12,"latency,"
012558.png,DOC009,1,183,0,-0.12,"throughput,"
012559.png,DOC009,1,184,0,-0.12,and
012560.png,DOC009,1,185,1,0.12,fault
012561.png,DOC009,1,186,0,-0.12,tolerance.
012562.png,DOC009,1,187,0,-0.12,In
012563.png,DOC009,1,188,0,-0.12,the
012564.png,DOC009,1,189,0,-0.12,context
012565.png,DOC009,1,190,0,-0.12,of
012566.png,DOC009,1,191,0,-0.12,"steganography,"
012567.png,DOC009,1,192,0,-0.12,the
012568.png,DOC009,1,193,1,0.12,primary
012569.png,DOC009,1,194,0,-0.12,challenge
012570.png,DOC009,1,195,1,0.12,is
012571.png,DOC009,1,196,0,-0.12,overcoming
012572.png,DOC009,1,197,0,-0.12,the
012573.png,DOC009,1,198,0,-0.12,physical
012574.png,DOC009,1,199,0,-0.12,channel
012575.png,DOC009,1,200,0,-0.12,introduced
012576.png,DOC009,1,201,0,-0.12,by
012577.png,DOC009,1,202,0,-0.12,printers
012578.png,DOC009,1,203,0,-0.12,and
012579.png,DOC009,1,204,0,-0.12,smartphone
012580.png,DOC009,1,205,0,-0.12,cameras.
012581.png,DOC009,1,206,0,-0.12,This
012582.png,DOC009,1,207,1,0.12,requires
012583.png,DOC009,1,208,0,-0.12,highly
012584.png,DOC009,1,209,0,-0.12,error
012585.png,DOC009,1,210,0,-0.12,correction
012586.png,DOC009,1,211,1,0.12,"mechanisms,"
012587.png,DOC009,1,212,0,-0.12,such
012588.png,DOC009,1,213,0,-0.12,as
012589.png,DOC009,1,214,0,-0.12,Reed-Solomon
012590.png,DOC009,1,215,1,0.12,"coding,"
012591.png,DOC009,1,216,0,-0.12,combined
012592.png,DOC009,1,217,1,0.12,deep
012593.png,DOC009,1,218,1,0.12,learning-based
012594.png,DOC009,1,219,1,0.12,document
012595.png,DOC009,1,220,1,0.12,dewarping
012596.png,DOC009,1,221,0,-0.12,and
012597.png,DOC009,1,222,1,0.12,residual
012598.png,DOC009,1,223,1,0.12,feature
012599.png,DOC009,1,224,1,0.12,extraction
012600.png,DOC009,1,225,0,-0.12,reliably
012601.png,DOC009,1,226,0,-0.12,recover
012602.png,DOC009,1,227,0,-0.12,the
012603.png,DOC009,1,228,1,0.12,embedded
012604.png,DOC009,1,229,0,-0.12,cryptographic
012605.png,DOC009,1,230,1,0.12,QUESTION
012606.png,DOC009,1,231,0,-0.12,The
012607.png,DOC009,1,232,0,-0.12,rapid
012608.png,DOC009,1,233,1,0.12,advancement
012609.png,DOC009,1,234,0,-0.12,of
012610.png,DOC009,1,235,0,-0.12,artificial
012611.png,DOC009,1,236,1,0.12,intelligence
012612.png,DOC009,1,237,0,-0.12,and
012613.png,DOC009,1,238,0,-0.12,machine
012614.png,DOC009,1,239,0,-0.12,has
012615.png,DOC009,1,240,0,-0.12,fundamentally
012616.png,DOC009,1,241,0,-0.12,altered
012617.png,DOC009,1,242,1,0.12,the
012618.png,DOC009,1,243,0,-0.12,landscape
012619.png,DOC009,1,244,1,0.12,of
012620.png,DOC009,1,245,1,0.12,modern
012621.png,DOC009,1,246,0,-0.12,computing.
012622.png,DOC009,1,247,1,0.12,When
012623.png,DOC009,1,248,0,-0.12,scalable
012624.png,DOC009,1,249,0,-0.12,distributed
012625.png,DOC009,1,250,0,-0.12,"systems,"
012626.png,DOC009,1,251,1,0.12,engineers
012627.png,DOC009,1,252,0,-0.12,must
012628.png,DOC009,1,253,0,-0.12,carefully
012629.png,DOC009,1,254,0,-0.12,consider
012630.png,DOC009,1,255,0,-0.12,the
012631.png,DOC009,1,256,0,-0.12,between
012632.png,DOC009,1,257,1,0.12,"latency,"
012633.png,DOC009,1,258,0,-0.12,"throughput,"
012634.png,DOC009,1,259,0,-0.12,and
012635.png,DOC009,1,260,1,0.12,fault
012636.png,DOC009,1,261,0,-0.12,tolerance.
012637.png,DOC009,1,262,0,-0.12,In
012638.png,DOC009,1,263,0,-0.12,the
012639.png,DOC009,1,264,0,-0.12,context
012640.png,DOC009,1,265,0,-0.12,of
012641.png,DOC009,1,266,0,-0.12,"steganography,"
012642.png,DOC009,1,267,1,0.12,the
012643.png,DOC009,1,268,0,-0.12,primary
012644.png,DOC009,1,269,0,-0.12,challenge
012645.png,DOC009,1,270,0,-0.12,is
012646.png,DOC009,1,271,0,-0.12,overcoming
012647.png,DOC009,1,272,0,-0.12,the
012648.png,DOC009,1,273,0,-0.12,physical
012649.png,DOC009,1,274,0,-0.12,channel
012650.png,DOC009,1,275,1,0.12,introduced
012651.png,DOC009,1,276,1,0.12,by
012652.png,DOC009,1,277,0,-0.12,printers
012653.png,DOC009,1,278,0,-0.12,and
012654.png,DOC009,1,279,1,0.12,smartphone
012655.png,DOC009,1,280,0,-0.12,cameras.
012656.png,DOC009,1,281,0,-0.12,This
012657.png,DOC009,1,282,0,-0.12,requires
012658.png,DOC009,1,283,0,-0.12,highly
012659.png,DOC009,1,284,0,-0.12,error
012660.png,DOC009,1,285,1,0.12,correction
012661.png,DOC009,1,286,0,-0.12,"mechanisms,"
012662.png,DOC009,1,287,1,0.12,such
012663.png,DOC009,1,288,1,0.12,as
012664.png,DOC009,1,289,1,0.12,Reed-Solomon
012665.png,DOC009,1,290,1,0.12,"coding,"
012666.png,DOC009,1,291,0,-0.12,combined
012667.png,DOC009,1,292,0,-0.12,deep
012668.png,DOC009,1,293,1,0.12,learning-based
012669.png,DOC009,1,294,1,0.12,document
012670.png,DOC009,1,295,0,-0.12,dewarping
012671.png,DOC009,1,296,0,-0.12,and
012672.png,DOC009,1,297,0,-0.12,residual
012673.png,DOC009,1,298,0,-0.12,feature
012674.png,DOC009,1,299,0,-0.12,extraction
012675.png,DOC009,1,300,0,-0.12,reliably
012676.png,DOC009,1,301,0,-0.12,recover
012677.png,DOC009,1,302,0,-0.12,the
012678.png,DOC009,1,303,1,0.12,embedded
012679.png,DOC009,1,304,0,-0.12,cryptographic
012680.png,DOC009,1,305,1,0.12,QUESTION
012681.png,DOC009,1,306,0,-0.12,The
012682.png,DOC009,1,307,0,-0.12,rapid
012683.png,DOC009,1,308,1,0.12,advancement
012684.png,DOC009,1,309,1,0.12,of
012685.png,DOC009,1,310,0,-0.12,artificial
012686.png,DOC009,1,311,0,-0.12,intelligence
012687.png,DOC009,1,312,0,-0.12,and
012688.png,DOC009,1,313,0,-0.12,machine
012689.png,DOC009,1,314,0,-0.12,has
012690.png,DOC009,1,315,0,-0.12,fundamentally
012691.png,DOC009,1,316,0,-0.12,altered
012692.png,DOC009,1,317,0,-0.12,the
012693.png,DOC009,1,318,0,-0.12,landscape
012694.png,DOC009,1,319,0,-0.12,of
012695.png,DOC009,1,320,0,-0.12,modern
012696.png,DOC009,1,321,0,-0.12,computing.
012697.png,DOC009,1,322,0,-0.12,When
012698.png,DOC009,1,323,1,0.12,scalable
012699.png,DOC009,1,324,0,-0.12,distributed
012700.png,DOC009,1,325,0,-0.12,"systems,"
012701.png,DOC009,1,326,1,0.12,engineers
012702.png,DOC009,1,327,0,-0.12,must
012703.png,DOC009,1,328,0,-0.12,carefully
012704.png,DOC009,1,329,0,-0.12,consider
012705.png,DOC009,1,330,0,-0.12,the
012706.png,DOC009,1,331,0,-0.12,between
012707.png,DOC009,1,332,0,-0.12,"latency,"
012708.png,DOC009,1,333,1,0.12,"throughput,"
012709.png,DOC009,1,334,0,-0.12,and
012710.png,DOC009,1,335,1,0.12,fault
012711.png,DOC009,1,336,0,-0.12,tolerance.
012712.png,DOC009,1,337,1,0.12,In
012713.png,DOC009,1,338,1,0.12,the
012714.png,DOC009,1,339,0,-0.12,context
012715.png,DOC009,1,340,1,0.12,of
012716.png,DOC009,1,341,0,-0.12,"steganography,"
012717.png,DOC009,1,342,0,-0.12,the
012718.png,DOC009,1,343,0,-0.12,primary
012719.png,DOC009,1,344,0,-0.12,challenge
012720.png,DOC009,1,345,1,0.12,is
012721.png,DOC009,1,346,0,-0.12,overcoming
012722.png,DOC009,1,347,0,-0.12,the
012723.png,DOC009,1,348,0,-0.12,physical
012724.png,DOC009,1,349,1,0.12,channel
012725.png,DOC009,1,350,1,0.12,introduced
012726.png,DOC009,1,351,0,-0.12,by
012727.png,DOC009,1,352,0,-0.12,printers
012728.png,DOC009,1,353,0,-0.12,and
012729.png,DOC009,1,354,0,-0.12,smartphone
012730.png,DOC009,1,355,1,0.12,cameras.
012731.png,DOC009,1,356,1,0.12,This
012732.png,DOC009,1,357,1,0.12,requires
012733.png,DOC009,1,358,0,-0.12,highly
012734.png,DOC009,1,359,1,0.12,error
012735.png,DOC009,1,360,0,-0.12,correction
012736.png,DOC009,1,361,1,0.12,"mechanisms,"
012737.png,DOC009,1,362,1,0.12,such
012738.png,DOC009,1,363,0,-0.12,as
012739.png,DOC009,1,364,0,-0.12,Reed-Solomon
012740.png,DOC009,1,365,0,-0.12,"coding,"
012741.png,DOC009,1,366,0,-0.12,combined
012742.png,DOC009,1,367,0,-0.12,deep
012743.png,DOC009,1,368,0,-0.12,learning-based
012744.png,DOC009,1,369,0,-0.12,document
012745.png,DOC009,1,370,1,0.12,dewarping
012746.png,DOC009,1,371,0,-0.12,and
012747.png,DOC009,1,372,1,0.12,residual
012748.png,DOC009,1,373,0,-0.12,feature
012749.png,DOC009,1,374,0,-0.12,extraction
012750.png,DOC009,2,0,0,-0.12,CONFIDENTIAL
012751.png,DOC009,2,1,1,0.12,ENGINEERING
012752.png,DOC009,2,2,0,-0.12,EXAM
012753.png,DOC009,2,3,0,-0.12,-
012754.png,DOC009,2,4,0,-0.12,PAGE
012755.png,DOC009,2,5,0,-0.12,QUESTION
012756.png,DOC009,2,6,1,0.12,The
012757.png,DOC009,2,7,0,-0.12,rapid
012758.png,DOC009,2,8,1,0.12,advancement
012759.png,DOC009,2,9,0,-0.12,of
012760.png,DOC009,2,10,0,-0.12,artificial
012761.png,DOC009,2,11,0,-0.12,intelligence
012762.png,DOC009,2,12,0,-0.12,and
012763.png,DOC009,2,13,0,-0.12,machine
012764.png,DOC009,2,14,1,0.12,has
012765.png,DOC009,2,15,0,-0.12,fundamentally
012766.png,DOC009,2,16,0,-0.12,altered
012767.png,DOC009,2,17,1,0.12,the
012768.png,DOC009,2,18,0,-0.12,landscape
012769.png,DOC009,2,19,0,-0.12,of
012770.png,DOC009,2,20,0,-0.12,modern
012771.png,DOC009,2,21,1,0.12,computing.
012772.png,DOC009,2,22,0,-0.12,When
012773.png,DOC009,2,23,0,-0.12,scalable
012774.png,DOC009,2,24,0,-0.12,distributed
012775.png,DOC009,2,25,1,0.12,"systems,"
012776.png,DOC009,2,26,1,0.12,engineers
012777.png,DOC009,2,27,1,0.12,must
012778.png,DOC009,2,28,0,-0.12,carefully
012779.png,DOC009,2,29,0,-0.12,consider
012780.png,DOC009,2,30,1,0.12,the
012781.png,DOC009,2,31,1,0.12,between
012782.png,DOC009,2,32,0,-0.12,"latency,"
012783.png,DOC009,2,33,0,-0.12,"throughput,"
012784.png,DOC009,2,34,0,-0.12,and
012785.png,DOC009,2,35,0,-0.12,fault
012786.png,DOC009,2,36,0,-0.12,tolerance.
012787.png,DOC009,2,37,0,-0.12,In
012788.png,DOC009,2,38,0,-0.12,the
012789.png,DOC009,2,39,0,-0.12,context
012790.png,DOC009,2,40,1,0.12,of
012791.png,DOC009,2,41,1,0.12,"steganography,"
012792.png,DOC009,2,42,0,-0.12,the
012793.png,DOC009,2,43,0,-0.12,primary
012794.png,DOC009,2,44,1,0.12,challenge
012795.png,DOC009,2,45,0,-0.12,is
012796.png,DOC009,2,46,0,-0.12,overcoming
012797.png,DOC009,2,47,0,-0.12,the
012798.png,DOC009,2,48,0,-0.12,physical
012799.png,DOC009,2,49,0,-0.12,channel
012800.png,DOC009,2,50,0,-0.12,introduced
012801.png,DOC009,2,51,1,0.12,by
012802.png,DOC009,2,52,1,0.12,printers
012803.png,DOC009,2,53,0,-0.12,and
012804.png,DOC009,2,54,0,-0.12,smartphone
012805.png,DOC009,2,55,0,-0.12,cameras.
012806.png,DOC009,2,56,0,-0.12,This
012807.png,DOC009,2,57,1,0.12,requires
012808.png,DOC009,2,58,0,-0.12,highly
012809.png,DOC009,2,59,0,-0.12,error
012810.png,DOC009,2,60,1,0.12,correction
012811.png,DOC009,2,61,0,-0.12,"mechanisms,"
012812.png,DOC009,2,62,0,-0.12,such
012813.png,DOC009,2,63,0,-0.12,as
012814.png,DOC009,2,64,1,0.12,Reed-Solomon
012815.png,DOC009,2,65,1,0.12,"coding,"
012816.png,DOC009,2,66,1,0.12,combined
012817.png,DOC009,2,67,1,0.12,deep
012818.png,DOC009,2,68,0,-0.12,learning-based
012819.png,DOC009,2,69,0,-0.12,document
012820.png,DOC009,2,70,1,0.12,dewarping
012821.png,DOC009,2,71,0,-0.12,and
012822.png,DOC009,2,72,1,0.12,residual
012823.png,DOC009,2,73,0,-0.12,feature
012824.png,DOC009,2,74,0,-0.12,extraction
012825.png,DOC009,2,75,0,-0.12,reliably
012826.png,DOC009,2,76,0,-0.12,recover
012827.png,DOC009,2,77,0,-0.12,the
012828.png,DOC009,2,78,1,0.12,embedded
012829.png,DOC009,2,79,0,-0.12,cryptographic
012830.png,DOC009,2,80,0,-0.12,QUESTION
012831.png,DOC009,2,81,0,-0.12,The
012832.png,DOC009,2,82,0,-0.12,rapid
012833.png,DOC009,2,83,0,-0.12,advancement
012834.png,DOC009,2,84,0,-0.12,of
012835.png,DOC009,2,85,1,0.12,artificial
012836.png,DOC009,2,86,0,-0.12,intelligence
012837.png,DOC009,2,87,0,-0.12,and
012838.png,DOC009,2,88,1,0.12,machine
012839.png,DOC009,2,89,1,0.12,has
012840.png,DOC009,2,90,1,0.12,fundamentally
012841.png,DOC009,2,91,0,-0.12,altered
012842.png,DOC009,2,92,0,-0.12,the
012843.png,DOC009,2,93,0,-0.12,landscape
012844.png,DOC009,2,94,1,0.12,of
012845.png,DOC009,2,95,0,-0.12,modern
012846.png,DOC009,2,96,1,0.12,computing.
012847.png,DOC009,2,97,1,0.12,When
012848.png,DOC009,2,98,1,0.12,scalable
012849.png,DOC009,2,99,0,-0.12,distributed
012850.png,DOC009,2,100,0,-0.12,"systems,"
012851.png,DOC009,2,101,1,0.12,engineers
012852.png,DOC009,2,102,0,-0.12,must
012853.png,DOC009,2,103,0,-0.12,carefully
012854.png,DOC009,2,104,0,-0.12,consider
012855.png,DOC009,2,105,0,-0.12,the
012856.png,DOC009,2,106,0,-0.12,between
012857.png,DOC009,2,107,0,-0.12,"latency,"
012858.png,DOC009,2,108,0,-0.12,"throughput,"
012859.png,DOC009,2,109,1,0.12,and
012860.png,DOC009,2,110,1,0.12,fault
012861.png,DOC009,2,111,0,-0.12,tolerance.
012862.png,DOC009,2,112,1,0.12,In
012863.png,DOC009,2,113,0,-0.12,the
012864.png,DOC009,2,114,0,-0.12,context
012865.png,DOC009,2,115,0,-0.12,of
012866.png,DOC009,2,116,0,-0.12,"steganography,"
012867.png,DOC009,2,117,0,-0.12,the
012868.png,DOC009,2,118,0,-0.12,primary
012869.png,DOC009,2,119,0,-0.12,challenge
012870.png,DOC009,2,120,0,-0.12,is
012871.png,DOC009,2,121,0,-0.12,overcoming
012872.png,DOC009,2,122,0,-0.12,the
012873.png,DOC009,2,123,1,0.12,physical
012874.png,DOC009,2,124,1,0.12,channel
012875.png,DOC009,2,125,0,-0.12,introduced
012876.png,DOC009,2,126,0,-0.12,by
012877.png,DOC009,2,127,1,0.12,printers
012878.png,DOC009,2,128,1,0.12,and
012879.png,DOC009,2,129,0,-0.12,smartphone
012880.png,DOC009,2,130,1,0.12,cameras.
012881.png,DOC009,2,131,0,-0.12,This
012882.png,DOC009,2,132,0,-0.12,requires
012883.png,DOC009,2,133,1,0.12,highly
012884.png,DOC009,2,134,0,-0.12,error
012885.png,DOC009,2,135,1,0.12,correction
012886.png,DOC009,2,136,0,-0.12,"mechanisms,"
012887.png,DOC009,2,137,0,-0.12,such
012888.png,DOC009,2,138,0,-0.12,as
012889.png,DOC009,2,139,0,-0.12,Reed-Solomon
012890.png,DOC009,2,140,0,-0.12,"coding,"
012891.png,DOC009,2,141,1,0.12,combined
012892.png,DOC009,2,142,0,-0.12,deep
012893.png,DOC009,2,143,1,0.12,learning-based
012894.png,DOC009,2,144,0,-0.12,document
012895.png,DOC009,2,145,1,0.12,dewarping
012896.png,DOC009,2,146,1,0.12,and
012897.png,DOC009,2,147,0,-0.12,residual
012898.png,DOC009,2,148,0,-0.12,feature
012899.png,DOC009,2,149,0,-0.12,extraction
012900.png,DOC009,2,150,0,-0.12,reliably
012901.png,DOC009,2,151,1,0.12,recover
012902.png,DOC009,2,152,1,0.12,the
012903.png,DOC009,2,153,0,-0.12,embedded
012904.png,DOC009,2,154,0,-0.12,cryptographic
012905.png,DOC009,2,155,0,-0.12,QUESTION
012906.png,DOC009,2,156,1,0.12,The
012907.png,DOC009,2,157,0,-0.12,rapid
012908.png,DOC009,2,158,0,-0.12,advancement
012909.png,DOC009,2,159,0,-0.12,of
012910.png,DOC009,2,160,1,0.12,artificial
012911.png,DOC009,2,161,0,-0.12,intelligence
012912.png,DOC009,2,162,0,-0.12,and
012913.png,DOC009,2,163,1,0.12,machine
012914.png,DOC009,2,164,0,-0.12,has
012915.png,DOC009,2,165,0,-0.12,fundamentally
012916.png,DOC009,2,166,0,-0.12,altered
012917.png,DOC009,2,167,0,-0.12,the
012918.png,DOC009,2,168,0,-0.12,landscape
012919.png,DOC009,2,169,0,-0.12,of
012920.png,DOC009,2,170,0,-0.12,modern
012921.png,DOC009,2,171,0,-0.12,computing.
012922.png,DOC009,2,172,0,-0.12,When
012923.png,DOC009,2,173,0,-0.12,scalable
012924.png,DOC009,2,174,0,-0.12,distributed
012925.png,DOC009,2,175,0,-0.12,"systems,"
012926.png,DOC009,2,176,0,-0.12,engineers
012927.png,DOC009,2,177,0,-0.12,must
012928.png,DOC009,2,178,0,-0.12,carefully
012929.png,DOC009,2,179,0,-0.12,consider
012930.png,DOC009,2,180,0,-0.12,the
012931.png,DOC009,2,181,1,0.12,between
012932.png,DOC009,2,182,0,-0.12,"latency,"
012933.png,DOC009,2,183,0,-0.12,"throughput,"
012934.png,DOC009,2,184,0,-0.12,and
012935.png,DOC009,2,185,0,-0.12,fault
012936.png,DOC009,2,186,0,-0.12,tolerance.
012937.png,DOC009,2,187,0,-0.12,In
012938.png,DOC009,2,188,0,-0.12,the
012939.png,DOC009,2,189,1,0.12,context
012940.png,DOC009,2,190,1,0.12,of
012941.png,DOC009,2,191,0,-0.12,"steganography,"
012942.png,DOC009,2,192,0,-0.12,the
012943.png,DOC009,2,193,0,-0.12,primary
012944.png,DOC009,2,194,1,0.12,challenge
012945.png,DOC009,2,195,0,-0.12,is
012946.png,DOC009,2,196,0,-0.12,overcoming
012947.png,DOC009,2,197,0,-0.12,the
012948.png,DOC009,2,198,0,-0.12,physical
012949.png,DOC009,2,199,0,-0.12,channel
012950.png,DOC009,2,200,0,-0.12,introduced
012951.png,DOC009,2,201,0,-0.12,by
012952.png,DOC009,2,202,0,-0.12,printers
012953.png,DOC009,2,203,1,0.12,and
012954.png,DOC009,2,204,0,-0.12,smartphone
012955.png,DOC009,2,205,1,0.12,cameras.
012956.png,DOC009,2,206,0,-0.12,This
012957.png,DOC009,2,207,1,0.12,requires
012958.png,DOC009,2,208,0,-0.12,highly
012959.png,DOC009,2,209,1,0.12,error
012960.png,DOC009,2,210,0,-0.12,correction
012961.png,DOC009,2,211,0,-0.12,"mechanisms,"
012962.png,DOC009,2,212,0,-0.12,such
012963.png,DOC009,2,213,1,0.12,as
012964.png,DOC009,2,214,0,-0.12,Reed-Solomon
012965.png,DOC009,2,215,0,-0.12,"coding,"
012966.png,DOC009,2,216,1,0.12,combined
012967.png,DOC009,2,217,1,0.12,deep
012968.png,DOC009,2,218,1,0.12,learning-based
012969.png,DOC009,2,219,0,-0.12,document
012970.png,DOC009,2,220,0,-0.12,dewarping
012971.png,DOC009,2,221,0,-0.12,and
012972.png,DOC009,2,222,1,0.12,residual
012973.png,DOC009,2,223,0,-0.12,feature
012974.png,DOC009,2,224,0,-0.12,extraction
012975.png,DOC009,2,225,0,-0.12,reliably
012976.png,DOC009,2,226,0,-0.12,recover
012977.png,DOC009,2,227,0,-0.12,the
012978.png,DOC009,2,228,0,-0.12,embedded
012979.png,DOC009,2,229,0,-0.12,cryptographic
012980.png,DOC009,2,230,0,-0.12,QUESTION
012981.png,DOC009,2,231,1,0.12,The
012982.png,DOC009,2,232,1,0.12,rapid
012983.png,DOC009,2,233,0,-0.12,advancement
012984.png,DOC009,2,234,0,-0.12,of
012985.png,DOC009,2,235,0,-0.12,artificial
012986.png,DOC009,2,236,0,-0.12,intelligence
012987.png,DOC009,2,237,0,-0.12,and
012988.png,DOC009,2,238,1,0.12,machine
012989.png,DOC009,2,239,0,-0.12,has
012990.png,DOC009,2,240,0,-0.12,fundamentally
012991.png,DOC009,2,241,1,0.12,altered
012992.png,DOC009,2,242,0,-0.12,the
012993.png,DOC009,2,243,1,0.12,landscape
012994.png,DOC009,2,244,0,-0.12,of
012995.png,DOC009,2,245,0,-0.12,modern
012996.png,DOC009,2,246,1,0.12,computing.
012997.png,DOC009,2,247,1,0.12,When
012998.png,DOC009,2,248,0,-0.12,scalable
012999.png,DOC009,2,249,1,0.12,distributed
013000.png,DOC009,2,250,0,-0.12,"systems,"
013001.png,DOC009,2,251,0,-0.12,engineers
013002.png,DOC009,2,252,0,-0.12,must
013003.png,DOC009,2,253,0,-0.12,carefully
013004.png,DOC009,2,254,0,-0.12,consider
013005.png,DOC009,2,255,0,-0.12,the
013006.png,DOC009,2,256,1,0.12,between
013007.png,DOC009,2,257,1,0.12,"latency,"
013008.png,DOC009,2,258,1,0.12,"throughput,"
013009.png,DOC009,2,259,0,-0.12,and
013010.png,DOC009,2,260,0,-0.12,fault
013011.png,DOC009,2,261,0,-0.12,tolerance.
013012.png,DOC009,2,262,0,-0.12,In
013013.png,DOC009,2,263,1,0.12,the
013014.png,DOC009,2,264,0,-0.12,context
013015.png,DOC009,2,265,1,0.12,of
013016.png,DOC009,2,266,1,0.12,"steganography,"
013017.png,DOC009,2,267,0,-0.12,the
013018.png,DOC009,2,268,0,-0.12,primary
013019.png,DOC009,2,269,1,0.12,challenge
013020.png,DOC009,2,270,1,0.12,is
013021.png,DOC009,2,271,1,0.12,overcoming
013022.png,DOC009,2,272,0,-0.12,the
013023.png,DOC009,2,273,0,-0.12,physical
013024.png,DOC009,2,274,0,-0.12,channel
013025.png,DOC009,2,275,0,-0.12,introduced
013026.png,DOC009,2,276,1,0.12,by
013027.png,DOC009,2,277,0,-0.12,printers
013028.png,DOC009,2,278,1,0.12,and
013029.png,DOC009,2,279,0,-0.12,smartphone
013030.png,DOC009,2,280,0,-0.12,cameras.
013031.png,DOC009,2,281,0,-0.12,This
013032.png,DOC009,2,282,0,-0.12,requires
013033.png,DOC009,2,283,0,-0.12,highly
013034.png,DOC009,2,284,0,-0.12,error
013035.png,DOC009,2,285,0,-0.12,correction
013036.png,DOC009,2,286,1,0.12,"mechanisms,"
013037.png,DOC009,2,287,0,-0.12,such
013038.png,DOC009,2,288,1,0.12,as
013039.png,DOC009,2,289,1,0.12,Reed-Solomon
013040.png,DOC009,2,290,1,0.12,"coding,"
013041.png,DOC009,2,291,1,0.12,combined
013042.png,DOC009,2,292,1,0.12,deep
013043.png,DOC009,2,293,0,-0.12,learning-based
013044.png,DOC009,2,294,0,-0.12,document
013045.png,DOC009,2,295,0,-0.12,dewarping
013046.png,DOC009,2,296,0,-0.12,and
013047.png,DOC009,2,297,0,-0.12,residual
013048.png,DOC009,2,298,0,-0.12,feature
013049.png,DOC009,2,299,1,0.12,extraction
013050.png,DOC009,2,300,1,0.12,reliably
013051.png,DOC009,2,301,0,-0.12,recover
013052.png,DOC009,2,302,0,-0.12,the
013053.png,DOC009,2,303,1,0.12,embedded
013054.png,DOC009,2,304,1,0.12,cryptographic
013055.png,DOC009,2,305,0,-0.12,QUESTION
013056.png,DOC009,2,306,1,0.12,The
013057.png,DOC009,2,307,1,0.12,rapid
013058.png,DOC009,2,308,1,0.12,advancement
013059.png,DOC009,2,309,1,0.12,of
013060.png,DOC009,2,310,1,0.12,artificial
013061.png,DOC009,2,311,1,0.12,intelligence
013062.png,DOC009,2,312,0,-0.12,and
013063.png,DOC009,2,313,0,-0.12,machine
013064.png,DOC009,2,314,0,-0.12,has
013065.png,DOC009,2,315,0,-0.12,fundamentally
013066.png,DOC009,2,316,1,0.12,altered
013067.png,DOC009,2,317,0,-0.12,the
013068.png,DOC009,2,318,1,0.12,landscape
013069.png,DOC009,2,319,0,-0.12,of
013070.png,DOC009,2,320,1,0.12,modern
013071.png,DOC009,2,321,0,-0.12,computing.
013072.png,DOC009,2,322,0,-0.12,When
013073.png,DOC009,2,323,0,-0.12,scalable
013074.png,DOC009,2,324,0,-0.12,distributed
013075.png,DOC009,2,325,0,-0.12,"systems,"
013076.png,DOC009,2,326,1,0.12,engineers
013077.png,DOC009,2,327,0,-0.12,must
013078.png,DOC009,2,328,1,0.12,carefully
013079.png,DOC009,2,329,0,-0.12,consider
013080.png,DOC009,2,330,0,-0.12,the
013081.png,DOC009,2,331,0,-0.12,between
013082.png,DOC009,2,332,0,-0.12,"latency,"
013083.png,DOC009,2,333,1,0.12,"throughput,"
013084.png,DOC009,2,334,0,-0.12,and
013085.png,DOC009,2,335,1,0.12,fault
013086.png,DOC009,2,336,0,-0.12,tolerance.
013087.png,DOC009,2,337,1,0.12,In
013088.png,DOC009,2,338,0,-0.12,the
013089.png,DOC009,2,339,0,-0.12,context
013090.png,DOC009,2,340,1,0.12,of
013091.png,DOC009,2,341,0,-0.12,"steganography,"
013092.png,DOC009,2,342,0,-0.12,the
013093.png,DOC009,2,343,1,0.12,primary
013094.png,DOC009,2,344,0,-0.12,challenge
013095.png,DOC009,2,345,0,-0.12,is
013096.png,DOC009,2,346,0,-0.12,overcoming
013097.png,DOC009,2,347,0,-0.12,the
013098.png,DOC009,2,348,0,-0.12,physical
013099.png,DOC009,2,349,0,-0.12,channel
013100.png,DOC009,2,350,0,-0.12,introduced
013101.png,DOC009,2,351,0,-0.12,by
013102.png,DOC009,2,352,0,-0.12,printers
013103.png,DOC009,2,353,0,-0.12,and
013104.png,DOC009,2,354,0,-0.12,smartphone
013105.png,DOC009,2,355,0,-0.12,cameras.
013106.png,DOC009,2,356,1,0.12,This
013107.png,DOC009,2,357,0,-0.12,requires
013108.png,DOC009,2,358,1,0.12,highly
013109.png,DOC009,2,359,1,0.12,error
013110.png,DOC009,2,360,0,-0.12,correction
013111.png,DOC009,2,361,0,-0.12,"mechanisms,"
013112.png,DOC009,2,362,0,-0.12,such
013113.png,DOC009,2,363,1,0.12,as
013114.png,DOC009,2,364,0,-0.12,Reed-Solomon
013115.png,DOC009,2,365,0,-0.12,"coding,"
013116.png,DOC009,2,366,0,-0.12,combined
013117.png,DOC009,2,367,1,0.12,deep
013118.png,DOC009,2,368,0,-0.12,learning-based
013119.png,DOC009,2,369,0,-0.12,document
013120.png,DOC009,2,370,0,-0.12,dewarping
013121.png,DOC009,2,371,0,-0.12,and
013122.png,DOC009,2,372,0,-0.12,residual
013123.png,DOC009,2,373,1,0.12,feature
013124.png,DOC009,2,374,1,0.12,extraction
013125.png,DOC009,3,0,0,-0.12,CONFIDENTIAL
013126.png,DOC009,3,1,0,-0.12,ENGINEERING
013127.png,DOC009,3,2,0,-0.12,EXAM
013128.png,DOC009,3,3,1,0.12,-
013129.png,DOC009,3,4,0,-0.12,PAGE
013130.png,DOC009,3,5,0,-0.12,QUESTION
013131.png,DOC009,3,6,1,0.12,The
013132.png,DOC009,3,7,0,-0.12,rapid
013133.png,DOC009,3,8,1,0.12,advancement
013134.png,DOC009,3,9,1,0.12,of
013135.png,DOC009,3,10,0,-0.12,artificial
013136.png,DOC009,3,11,0,-0.12,intelligence
013137.png,DOC009,3,12,1,0.12,and
013138.png,DOC009,3,13,0,-0.12,machine
013139.png,DOC009,3,14,0,-0.12,has
013140.png,DOC009,3,15,0,-0.12,fundamentally
013141.png,DOC009,3,16,0,-0.12,altered
013142.png,DOC009,3,17,1,0.12,the
013143.png,DOC009,3,18,1,0.12,landscape
013144.png,DOC009,3,19,1,0.12,of
013145.png,DOC009,3,20,1,0.12,modern
013146.png,DOC009,3,21,0,-0.12,computing.
013147.png,DOC009,3,22,1,0.12,When
013148.png,DOC009,3,23,0,-0.12,scalable
013149.png,DOC009,3,24,1,0.12,distributed
013150.png,DOC009,3,25,0,-0.12,"systems,"
013151.png,DOC009,3,26,0,-0.12,engineers
013152.png,DOC009,3,27,1,0.12,must
013153.png,DOC009,3,28,1,0.12,carefully
013154.png,DOC009,3,29,0,-0.12,consider
013155.png,DOC009,3,30,0,-0.12,the
013156.png,DOC009,3,31,1,0.12,between
013157.png,DOC009,3,32,0,-0.12,"latency,"
013158.png,DOC009,3,33,1,0.12,"throughput,"
013159.png,DOC009,3,34,1,0.12,and
013160.png,DOC009,3,35,0,-0.12,fault
013161.png,DOC009,3,36,0,-0.12,tolerance.
013162.png,DOC009,3,37,1,0.12,In
013163.png,DOC009,3,38,0,-0.12,the
013164.png,DOC009,3,39,0,-0.12,context
013165.png,DOC009,3,40,0,-0.12,of
013166.png,DOC009,3,41,0,-0.12,"steganography,"
013167.png,DOC009,3,42,0,-0.12,the
013168.png,DOC009,3,43,0,-0.12,primary
013169.png,DOC009,3,44,1,0.12,challenge
013170.png,DOC009,3,45,0,-0.12,is
013171.png,DOC009,3,46,0,-0.12,overcoming
013172.png,DOC009,3,47,1,0.12,the
013173.png,DOC009,3,48,0,-0.12,physical
013174.png,DOC009,3,49,0,-0.12,channel
013175.png,DOC009,3,50,1,0.12,introduced
013176.png,DOC009,3,51,0,-0.12,by
013177.png,DOC009,3,52,0,-0.12,printers
013178.png,DOC009,3,53,1,0.12,and
013179.png,DOC009,3,54,0,-0.12,smartphone
013180.png,DOC009,3,55,1,0.12,cameras.
013181.png,DOC009,3,56,0,-0.12,This
013182.png,DOC009,3,57,1,0.12,requires
013183.png,DOC009,3,58,0,-0.12,highly
013184.png,DOC009,3,59,1,0.12,error
013185.png,DOC009,3,60,1,0.12,correction
013186.png,DOC009,3,61,0,-0.12,"mechanisms,"
013187.png,DOC009,3,62,0,-0.12,such
013188.png,DOC009,3,63,0,-0.12,as
013189.png,DOC009,3,64,1,0.12,Reed-Solomon
013190.png,DOC009,3,65,1,0.12,"coding,"
013191.png,DOC009,3,66,0,-0.12,combined
013192.png,DOC009,3,67,0,-0.12,deep
013193.png,DOC009,3,68,0,-0.12,learning-based
013194.png,DOC009,3,69,0,-0.12,document
013195.png,DOC009,3,70,0,-0.12,dewarping
013196.png,DOC009,3,71,1,0.12,and
013197.png,DOC009,3,72,0,-0.12,residual
013198.png,DOC009,3,73,1,0.12,feature
013199.png,DOC009,3,74,0,-0.12,extraction
013200.png,DOC009,3,75,0,-0.12,reliably
013201.png,DOC009,3,76,0,-0.12,recover
013202.png,DOC009,3,77,0,-0.12,the
013203.png,DOC009,3,78,0,-0.12,embedded
013204.png,DOC009,3,79,0,-0.12,cryptographic
013205.png,DOC009,3,80,1,0.12,QUESTION
013206.png,DOC009,3,81,0,-0.12,The
013207.png,DOC009,3,82,1,0.12,rapid
013208.png,DOC009,3,83,0,-0.12,advancement
013209.png,DOC009,3,84,1,0.12,of
013210.png,DOC009,3,85,1,0.12,artificial
013211.png,DOC009,3,86,1,0.12,intelligence
013212.png,DOC009,3,87,0,-0.12,and
013213.png,DOC009,3,88,0,-0.12,machine
013214.png,DOC009,3,89,0,-0.12,has
013215.png,DOC009,3,90,1,0.12,fundamentally
013216.png,DOC009,3,91,0,-0.12,altered
013217.png,DOC009,3,92,0,-0.12,the
013218.png,DOC009,3,93,0,-0.12,landscape
013219.png,DOC009,3,94,0,-0.12,of
013220.png,DOC009,3,95,0,-0.12,modern
013221.png,DOC009,3,96,0,-0.12,computing.
013222.png,DOC009,3,97,1,0.12,When
013223.png,DOC009,3,98,0,-0.12,scalable
013224.png,DOC009,3,99,0,-0.12,distributed
013225.png,DOC009,3,100,0,-0.12,"systems,"
013226.png,DOC009,3,101,0,-0.12,engineers
013227.png,DOC009,3,102,0,-0.12,must
013228.png,DOC009,3,103,0,-0.12,carefully
013229.png,DOC009,3,104,0,-0.12,consider
013230.png,DOC009,3,105,1,0.12,the
013231.png,DOC009,3,106,0,-0.12,between
013232.png,DOC009,3,107,0,-0.12,"latency,"
013233.png,DOC009,3,108,0,-0.12,"throughput,"
013234.png,DOC009,3,109,0,-0.12,and
013235.png,DOC009,3,110,0,-0.12,fault
013236.png,DOC009,3,111,1,0.12,tolerance.
013237.png,DOC009,3,112,0,-0.12,In
013238.png,DOC009,3,113,0,-0.12,the
013239.png,DOC009,3,114,0,-0.12,context
013240.png,DOC009,3,115,0,-0.12,of
013241.png,DOC009,3,116,0,-0.12,"steganography,"
013242.png,DOC009,3,117,0,-0.12,the
013243.png,DOC009,3,118,0,-0.12,primary
013244.png,DOC009,3,119,0,-0.12,challenge
013245.png,DOC009,3,120,0,-0.12,is
013246.png,DOC009,3,121,1,0.12,overcoming
013247.png,DOC009,3,122,0,-0.12,the
013248.png,DOC009,3,123,1,0.12,physical
013249.png,DOC009,3,124,0,-0.12,channel
013250.png,DOC009,3,125,0,-0.12,introduced
013251.png,DOC009,3,126,0,-0.12,by
013252.png,DOC009,3,127,1,0.12,printers
013253.png,DOC009,3,128,0,-0.12,and
013254.png,DOC009,3,129,0,-0.12,smartphone
013255.png,DOC009,3,130,1,0.12,cameras.
013256.png,DOC009,3,131,0,-0.12,This
013257.png,DOC009,3,132,1,0.12,requires
013258.png,DOC009,3,133,0,-0.12,highly
013259.png,DOC009,3,134,0,-0.12,error
013260.png,DOC009,3,135,0,-0.12,correction
013261.png,DOC009,3,136,0,-0.12,"mechanisms,"
013262.png,DOC009,3,137,1,0.12,such
013263.png,DOC009,3,138,0,-0.12,as
013264.png,DOC009,3,139,1,0.12,Reed-Solomon
013265.png,DOC009,3,140,0,-0.12,"coding,"
013266.png,DOC009,3,141,0,-0.12,combined
013267.png,DOC009,3,142,0,-0.12,deep
013268.png,DOC009,3,143,0,-0.12,learning-based
013269.png,DOC009,3,144,0,-0.12,document
013270.png,DOC009,3,145,0,-0.12,dewarping
013271.png,DOC009,3,146,0,-0.12,and
013272.png,DOC009,3,147,1,0.12,residual
013273.png,DOC009,3,148,1,0.12,feature
013274.png,DOC009,3,149,1,0.12,extraction
013275.png,DOC009,3,150,0,-0.12,reliably
013276.png,DOC009,3,151,0,-0.12,recover
013277.png,DOC009,3,152,1,0.12,the
013278.png,DOC009,3,153,1,0.12,embedded
013279.png,DOC009,3,154,1,0.12,cryptographic
013280.png,DOC009,3,155,0,-0.12,QUESTION
013281.png,DOC009,3,156,0,-0.12,The
013282.png,DOC009,3,157,0,-0.12,rapid
013283.png,DOC009,3,158,1,0.12,advancement
013284.png,DOC009,3,159,1,0.12,of
013285.png,DOC009,3,160,0,-0.12,artificial
013286.png,DOC009,3,161,1,0.12,intelligence
013287.png,DOC009,3,162,0,-0.12,and
013288.png,DOC009,3,163,0,-0.12,machine
013289.png,DOC009,3,164,0,-0.12,has
013290.png,DOC009,3,165,1,0.12,fundamentally
013291.png,DOC009,3,166,0,-0.12,altered
013292.png,DOC009,3,167,0,-0.12,the
013293.png,DOC009,3,168,1,0.12,landscape
013294.png,DOC009,3,169,1,0.12,of
013295.png,DOC009,3,170,1,0.12,modern
013296.png,DOC009,3,171,0,-0.12,computing.
013297.png,DOC009,3,172,0,-0.12,When
013298.png,DOC009,3,173,1,0.12,scalable
013299.png,DOC009,3,174,0,-0.12,distributed
013300.png,DOC009,3,175,1,0.12,"systems,"
013301.png,DOC009,3,176,0,-0.12,engineers
013302.png,DOC009,3,177,0,-0.12,must
013303.png,DOC009,3,178,1,0.12,carefully
013304.png,DOC009,3,179,0,-0.12,consider
013305.png,DOC009,3,180,0,-0.12,the
013306.png,DOC009,3,181,1,0.12,between
013307.png,DOC009,3,182,1,0.12,"latency,"
013308.png,DOC009,3,183,1,0.12,"throughput,"
013309.png,DOC009,3,184,0,-0.12,and
013310.png,DOC009,3,185,1,0.12,fault
013311.png,DOC009,3,186,1,0.12,tolerance.
013312.png,DOC009,3,187,0,-0.12,In
013313.png,DOC009,3,188,0,-0.12,the
013314.png,DOC009,3,189,0,-0.12,context
013315.png,DOC009,3,190,0,-0.12,of
013316.png,DOC009,3,191,0,-0.12,"steganography,"
013317.png,DOC009,3,192,0,-0.12,the
013318.png,DOC009,3,193,1,0.12,primary
013319.png,DOC009,3,194,1,0.12,challenge
013320.png,DOC009,3,195,1,0.12,is
013321.png,DOC009,3,196,0,-0.12,overcoming
013322.png,DOC009,3,197,0,-0.12,the
013323.png,DOC009,3,198,0,-0.12,physical
013324.png,DOC009,3,199,0,-0.12,channel
013325.png,DOC009,3,200,1,0.12,introduced
013326.png,DOC009,3,201,0,-0.12,by
013327.png,DOC009,3,202,0,-0.12,printers
013328.png,DOC009,3,203,0,-0.12,and
013329.png,DOC009,3,204,0,-0.12,smartphone
013330.png,DOC009,3,205,1,0.12,cameras.
013331.png,DOC009,3,206,1,0.12,This
013332.png,DOC009,3,207,1,0.12,requires
013333.png,DOC009,3,208,0,-0.12,highly
013334.png,DOC009,3,209,0,-0.12,error
013335.png,DOC009,3,210,0,-0.12,correction
013336.png,DOC009,3,211,0,-0.12,"mechanisms,"
013337.png,DOC009,3,212,1,0.12,such
013338.png,DOC009,3,213,0,-0.12,as
013339.png,DOC009,3,214,0,-0.12,Reed-Solomon
013340.png,DOC009,3,215,0,-0.12,"coding,"
013341.png,DOC009,3,216,0,-0.12,combined
013342.png,DOC009,3,217,1,0.12,deep
013343.png,DOC009,3,218,1,0.12,learning-based
013344.png,DOC009,3,219,1,0.12,document
013345.png,DOC009,3,220,0,-0.12,dewarping
013346.png,DOC009,3,221,0,-0.12,and
013347.png,DOC009,3,222,1,0.12,residual
013348.png,DOC009,3,223,0,-0.12,feature
013349.png,DOC009,3,224,0,-0.12,extraction
013350.png,DOC009,3,225,0,-0.12,reliably
013351.png,DOC009,3,226,1,0.12,recover
013352.png,DOC009,3,227,0,-0.12,the
013353.png,DOC009,3,228,1,0.12,embedded
013354.png,DOC009,3,229,0,-0.12,cryptographic
013355.png,DOC009,3,230,1,0.12,QUESTION
013356.png,DOC009,3,231,1,0.12,The
013357.png,DOC009,3,232,0,-0.12,rapid
013358.png,DOC009,3,233,0,-0.12,advancement
013359.png,DOC009,3,234,0,-0.12,of
013360.png,DOC009,3,235,0,-0.12,artificial
013361.png,DOC009,3,236,0,-0.12,intelligence
013362.png,DOC009,3,237,1,0.12,and
013363.png,DOC009,3,238,0,-0.12,machine
013364.png,DOC009,3,239,0,-0.12,has
013365.png,DOC009,3,240,0,-0.12,fundamentally
013366.png,DOC009,3,241,0,-0.12,altered
013367.png,DOC009,3,242,0,-0.12,the
013368.png,DOC009,3,243,0,-0.12,landscape
013369.png,DOC009,3,244,0,-0.12,of
013370.png,DOC009,3,245,1,0.12,modern
013371.png,DOC009,3,246,0,-0.12,computing.
013372.png,DOC009,3,247,0,-0.12,When
013373.png,DOC009,3,248,1,0.12,scalable
013374.png,DOC009,3,249,1,0.12,distributed
013375.png,DOC009,3,250,0,-0.12,"systems,"
013376.png,DOC009,3,251,0,-0.12,engineers
013377.png,DOC009,3,252,0,-0.12,must
013378.png,DOC009,3,253,1,0.12,carefully
013379.png,DOC009,3,254,0,-0.12,consider
013380.png,DOC009,3,255,0,-0.12,the
013381.png,DOC009,3,256,1,0.12,between
013382.png,DOC009,3,257,1,0.12,"latency,"
013383.png,DOC009,3,258,0,-0.12,"throughput,"
013384.png,DOC009,3,259,1,0.12,and
013385.png,DOC009,3,260,0,-0.12,fault
013386.png,DOC009,3,261,1,0.12,tolerance.
013387.png,DOC009,3,262,0,-0.12,In
013388.png,DOC009,3,263,0,-0.12,the
013389.png,DOC009,3,264,0,-0.12,context
013390.png,DOC009,3,265,0,-0.12,of
013391.png,DOC009,3,266,1,0.12,"steganography,"
013392.png,DOC009,3,267,0,-0.12,the
013393.png,DOC009,3,268,0,-0.12,primary
013394.png,DOC009,3,269,1,0.12,challenge
013395.png,DOC009,3,270,0,-0.12,is
013396.png,DOC009,3,271,0,-0.12,overcoming
013397.png,DOC009,3,272,0,-0.12,the
013398.png,DOC009,3,273,0,-0.12,physical
013399.png,DOC009,3,274,1,0.12,channel
013400.png,DOC009,3,275,1,0.12,introduced
013401.png,DOC009,3,276,0,-0.12,by
013402.png,DOC009,3,277,0,-0.12,printers
013403.png,DOC009,3,278,1,0.12,and
013404.png,DOC009,3,279,0,-0.12,smartphone
013405.png,DOC009,3,280,0,-0.12,cameras.
013406.png,DOC009,3,281,0,-0.12,This
013407.png,DOC009,3,282,0,-0.12,requires
013408.png,DOC009,3,283,0,-0.12,highly
013409.png,DOC009,3,284,0,-0.12,error
013410.png,DOC009,3,285,0,-0.12,correction
013411.png,DOC009,3,286,0,-0.12,"mechanisms,"
013412.png,DOC009,3,287,0,-0.12,such
013413.png,DOC009,3,288,0,-0.12,as
013414.png,DOC009,3,289,1,0.12,Reed-Solomon
013415.png,DOC009,3,290,0,-0.12,"coding,"
013416.png,DOC009,3,291,0,-0.12,combined
013417.png,DOC009,3,292,0,-0.12,deep
013418.png,DOC009,3,293,0,-0.12,learning-based
013419.png,DOC009,3,294,0,-0.12,document
013420.png,DOC009,3,295,1,0.12,dewarping
013421.png,DOC009,3,296,0,-0.12,and
013422.png,DOC009,3,297,0,-0.12,residual
013423.png,DOC009,3,298,0,-0.12,feature
013424.png,DOC009,3,299,0,-0.12,extraction
013425.png,DOC009,3,300,1,0.12,reliably
013426.png,DOC009,3,301,0,-0.12,recover
013427.png,DOC009,3,302,1,0.12,the
013428.png,DOC009,3,303,1,0.12,embedded
013429.png,DOC009,3,304,0,-0.12,cryptographic
013430.png,DOC009,3,305,0,-0.12,QUESTION
013431.png,DOC009,3,306,1,0.12,The
013432.png,DOC009,3,307,0,-0.12,rapid
013433.png,DOC009,3,308,0,-0.12,advancement
013434.png,DOC009,3,309,0,-0.12,of
013435.png,DOC009,3,310,0,-0.12,artificial
013436.png,DOC009,3,311,0,-0.12,intelligence
013437.png,DOC009,3,312,0,-0.12,and
013438.png,DOC009,3,313,0,-0.12,machine
013439.png,DOC009,3,314,0,-0.12,has
013440.png,DOC009,3,315,0,-0.12,fundamentally
013441.png,DOC009,3,316,1,0.12,altered
013442.png,DOC009,3,317,0,-0.12,the
013443.png,DOC009,3,318,0,-0.12,landscape
013444.png,DOC009,3,319,0,-0.12,of
013445.png,DOC009,3,320,0,-0.12,modern
013446.png,DOC009,3,321,1,0.12,computing.
013447.png,DOC009,3,322,0,-0.12,When
013448.png,DOC009,3,323,0,-0.12,scalable
013449.png,DOC009,3,324,0,-0.12,distributed
013450.png,DOC009,3,325,0,-0.12,"systems,"
013451.png,DOC009,3,326,0,-0.12,engineers
013452.png,DOC009,3,327,1,0.12,must
013453.png,DOC009,3,328,0,-0.12,carefully
013454.png,DOC009,3,329,1,0.12,consider
013455.png,DOC009,3,330,0,-0.12,the
013456.png,DOC009,3,331,0,-0.12,between
013457.png,DOC009,3,332,0,-0.12,"latency,"
013458.png,DOC009,3,333,0,-0.12,"throughput,"
013459.png,DOC009,3,334,0,-0.12,and
013460.png,DOC009,3,335,0,-0.12,fault
013461.png,DOC009,3,336,0,-0.12,tolerance.
013462.png,DOC009,3,337,0,-0.12,In
013463.png,DOC009,3,338,0,-0.12,the
013464.png,DOC009,3,339,0,-0.12,context
013465.png,DOC009,3,340,0,-0.12,of
013466.png,DOC009,3,341,0,-0.12,"steganography,"
013467.png,DOC009,3,342,0,-0.12,the
013468.png,DOC009,3,343,1,0.12,primary
013469.png,DOC009,3,344,0,-0.12,challenge
013470.png,DOC009,3,345,0,-0.12,is
013471.png,DOC009,3,346,1,0.12,overcoming
013472.png,DOC009,3,347,1,0.12,the
013473.png,DOC009,3,348,1,0.12,physical
013474.png,DOC009,3,349,1,0.12,channel
013475.png,DOC009,3,350,0,-0.12,introduced
013476.png,DOC009,3,351,1,0.12,by
013477.png,DOC009,3,352,1,0.12,printers
013478.png,DOC009,3,353,0,-0.12,and
013479.png,DOC009,3,354,0,-0.12,smartphone
013480.png,DOC009,3,355,0,-0.12,cameras.
013481.png,DOC009,3,356,0,-0.12,This
013482.png,DOC009,3,357,0,-0.12,requires
013483.png,DOC009,3,358,0,-0.12,highly
013484.png,DOC009,3,359,0,-0.12,error
013485.png,DOC009,3,360,0,-0.12,correction
013486.png,DOC009,3,361,1,0.12,"mechanisms,"
013487.png,DOC009,3,362,0,-0.12,such
013488.png,DOC009,3,363,0,-0.12,as
013489.png,DOC009,3,364,1,0.12,Reed-Solomon
013490.png,DOC009,3,365,0,-0.12,"coding,"
013491.png,DOC009,3,366,1,0.12,combined
013492.png,DOC009,3,367,0,-0.12,deep
013493.png,DOC009,3,368,1,0.12,learning-based
013494.png,DOC009,3,369,1,0.12,document
013495.png,DOC009,3,370,0,-0.12,dewarping
013496.png,DOC009,3,371,0,-0.12,and
013497.png,DOC009,3,372,0,-0.12,residual
013498.png,DOC009,3,373,0,-0.12,feature
013499.png,DOC009,3,374,0,-0.12,extraction
013500.png,DOC010,0,0,0,-0.12,CONFIDENTIAL
013501.png,DOC010,0,1,1,0.12,ENGINEERING
013502.png,DOC010,0,2,1,0.12,EXAM
013503.png,DOC010,0,3,0,-0.12,-
013504.png,DOC010,0,4,0,-0.12,PAGE
013505.png,DOC010,0,5,0,-0.12,QUESTION
013506.png,DOC010,0,6,0,-0.12,The
013507.png,DOC010,0,7,1,0.12,rapid
013508.png,DOC010,0,8,0,-0.12,advancement
013509.png,DOC010,0,9,1,0.12,of
013510.png,DOC010,0,10,0,-0.12,artificial
013511.png,DOC010,0,11,0,-0.12,intelligence
013512.png,DOC010,0,12,0,-0.12,and
013513.png,DOC010,0,13,0,-0.12,machine
013514.png,DOC010,0,14,1,0.12,has
013515.png,DOC010,0,15,0,-0.12,fundamentally
013516.png,DOC010,0,16,0,-0.12,altered
013517.png,DOC010,0,17,1,0.12,the
013518.png,DOC010,0,18,1,0.12,landscape
013519.png,DOC010,0,19,1,0.12,of
013520.png,DOC010,0,20,0,-0.12,modern
013521.png,DOC010,0,21,0,-0.12,computing.
013522.png,DOC010,0,22,0,-0.12,When
013523.png,DOC010,0,23,1,0.12,scalable
013524.png,DOC010,0,24,0,-0.12,distributed
013525.png,DOC010,0,25,1,0.12,"systems,"
013526.png,DOC010,0,26,0,-0.12,engineers
013527.png,DOC010,0,27,0,-0.12,must
013528.png,DOC010,0,28,1,0.12,carefully
013529.png,DOC010,0,29,1,0.12,consider
013530.png,DOC010,0,30,0,-0.12,the
013531.png,DOC010,0,31,1,0.12,between
013532.png,DOC010,0,32,0,-0.12,"latency,"
013533.png,DOC010,0,33,0,-0.12,"throughput,"
013534.png,DOC010,0,34,0,-0.12,and
013535.png,DOC010,0,35,0,-0.12,fault
013536.png,DOC010,0,36,0,-0.12,tolerance.
013537.png,DOC010,0,37,0,-0.12,In
013538.png,DOC010,0,38,0,-0.12,the
013539.png,DOC010,0,39,0,-0.12,context
013540.png,DOC010,0,40,1,0.12,of
013541.png,DOC010,0,41,0,-0.12,"steganography,"
013542.png,DOC010,0,42,0,-0.12,the
013543.png,DOC010,0,43,0,-0.12,primary
013544.png,DOC010,0,44,0,-0.12,challenge
013545.png,DOC010,0,45,1,0.12,is
013546.png,DOC010,0,46,1,0.12,overcoming
013547.png,DOC010,0,47,0,-0.12,the
013548.png,DOC010,0,48,0,-0.12,physical
013549.png,DOC010,0,49,1,0.12,channel
013550.png,DOC010,0,50,1,0.12,introduced
013551.png,DOC010,0,51,0,-0.12,by
013552.png,DOC010,0,52,0,-0.12,printers
013553.png,DOC010,0,53,0,-0.12,and
013554.png,DOC010,0,54,0,-0.12,smartphone
013555.png,DOC010,0,55,0,-0.12,cameras.
013556.png,DOC010,0,56,0,-0.12,This
013557.png,DOC010,0,57,0,-0.12,requires
013558.png,DOC010,0,58,0,-0.12,highly
013559.png,DOC010,0,59,0,-0.12,error
013560.png,DOC010,0,60,0,-0.12,correction
013561.png,DOC010,0,61,0,-0.12,"mechanisms,"
013562.png,DOC010,0,62,1,0.12,such
013563.png,DOC010,0,63,0,-0.12,as
013564.png,DOC010,0,64,0,-0.12,Reed-Solomon
013565.png,DOC010,0,65,0,-0.12,"coding,"
013566.png,DOC010,0,66,0,-0.12,combined
013567.png,DOC010,0,67,1,0.12,deep
013568.png,DOC010,0,68,0,-0.12,learning-based
013569.png,DOC010,0,69,1,0.12,document
013570.png,DOC010,0,70,0,-0.12,dewarping
013571.png,DOC010,0,71,0,-0.12,and
013572.png,DOC010,0,72,0,-0.12,residual
013573.png,DOC010,0,73,1,0.12,feature
013574.png,DOC010,0,74,1,0.12,extraction
013575.png,DOC010,0,75,0,-0.12,reliably
013576.png,DOC010,0,76,0,-0.12,recover
013577.png,DOC010,0,77,0,-0.12,the
013578.png,DOC010,0,78,0,-0.12,embedded
013579.png,DOC010,0,79,0,-0.12,cryptographic
013580.png,DOC010,0,80,0,-0.12,QUESTION
013581.png,DOC010,0,81,0,-0.12,The
013582.png,DOC010,0,82,1,0.12,rapid
013583.png,DOC010,0,83,0,-0.12,advancement
013584.png,DOC010,0,84,1,0.12,of
013585.png,DOC010,0,85,1,0.12,artificial
013586.png,DOC010,0,86,0,-0.12,intelligence
013587.png,DOC010,0,87,0,-0.12,and
013588.png,DOC010,0,88,0,-0.12,machine
013589.png,DOC010,0,89,1,0.12,has
013590.png,DOC010,0,90,0,-0.12,fundamentally
013591.png,DOC010,0,91,0,-0.12,altered
013592.png,DOC010,0,92,0,-0.12,the
013593.png,DOC010,0,93,0,-0.12,landscape
013594.png,DOC010,0,94,1,0.12,of
013595.png,DOC010,0,95,0,-0.12,modern
013596.png,DOC010,0,96,0,-0.12,computing.
013597.png,DOC010,0,97,0,-0.12,When
013598.png,DOC010,0,98,0,-0.12,scalable
013599.png,DOC010,0,99,0,-0.12,distributed
013600.png,DOC010,0,100,0,-0.12,"systems,"
013601.png,DOC010,0,101,1,0.12,engineers
013602.png,DOC010,0,102,1,0.12,must
013603.png,DOC010,0,103,0,-0.12,carefully
013604.png,DOC010,0,104,1,0.12,consider
013605.png,DOC010,0,105,0,-0.12,the
013606.png,DOC010,0,106,0,-0.12,between
013607.png,DOC010,0,107,0,-0.12,"latency,"
013608.png,DOC010,0,108,0,-0.12,"throughput,"
013609.png,DOC010,0,109,0,-0.12,and
013610.png,DOC010,0,110,0,-0.12,fault
013611.png,DOC010,0,111,0,-0.12,tolerance.
013612.png,DOC010,0,112,0,-0.12,In
013613.png,DOC010,0,113,1,0.12,the
013614.png,DOC010,0,114,0,-0.12,context
013615.png,DOC010,0,115,0,-0.12,of
013616.png,DOC010,0,116,0,-0.12,"steganography,"
013617.png,DOC010,0,117,1,0.12,the
013618.png,DOC010,0,118,0,-0.12,primary
013619.png,DOC010,0,119,0,-0.12,challenge
013620.png,DOC010,0,120,0,-0.12,is
013621.png,DOC010,0,121,1,0.12,overcoming
013622.png,DOC010,0,122,1,0.12,the
013623.png,DOC010,0,123,0,-0.12,physical
013624.png,DOC010,0,124,0,-0.12,channel
013625.png,DOC010,0,125,1,0.12,introduced
013626.png,DOC010,0,126,0,-0.12,by
013627.png,DOC010,0,127,0,-0.12,printers
013628.png,DOC010,0,128,0,-0.12,and
013629.png,DOC010,0,129,1,0.12,smartphone
013630.png,DOC010,0,130,0,-0.12,cameras.
013631.png,DOC010,0,131,1,0.12,This
013632.png,DOC010,0,132,0,-0.12,requires
013633.png,DOC010,0,133,1,0.12,highly
013634.png,DOC010,0,134,0,-0.12,error
013635.png,DOC010,0,135,1,0.12,correction
013636.png,DOC010,0,136,0,-0.12,"mechanisms,"
013637.png,DOC010,0,137,1,0.12,such
013638.png,DOC010,0,138,0,-0.12,as
013639.png,DOC010,0,139,0,-0.12,Reed-Solomon
013640.png,DOC010,0,140,1,0.12,"coding,"
013641.png,DOC010,0,141,1,0.12,combined
013642.png,DOC010,0,142,0,-0.12,deep
013643.png,DOC010,0,143,1,0.12,learning-based
013644.png,DOC010,0,144,0,-0.12,document
013645.png,DOC010,0,145,0,-0.12,dewarping
013646.png,DOC010,0,146,1,0.12,and
013647.png,DOC010,0,147,0,-0.12,residual
013648.png,DOC010,0,148,1,0.12,feature
013649.png,DOC010,0,149,0,-0.12,extraction
013650.png,DOC010,0,150,0,-0.12,reliably
013651.png,DOC010,0,151,0,-0.12,recover
013652.png,DOC010,0,152,0,-0.12,the
013653.png,DOC010,0,153,0,-0.12,embedded
013654.png,DOC010,0,154,0,-0.12,cryptographic
013655.png,DOC010,0,155,0,-0.12,QUESTION
013656.png,DOC010,0,156,1,0.12,The
013657.png,DOC010,0,157,0,-0.12,rapid
013658.png,DOC010,0,158,0,-0.12,advancement
013659.png,DOC010,0,159,0,-0.12,of
013660.png,DOC010,0,160,0,-0.12,artificial
013661.png,DOC010,0,161,0,-0.12,intelligence
013662.png,DOC010,0,162,0,-0.12,and
013663.png,DOC010,0,163,0,-0.12,machine
013664.png,DOC010,0,164,1,0.12,has
013665.png,DOC010,0,165,0,-0.12,fundamentally
013666.png,DOC010,0,166,1,0.12,altered
013667.png,DOC010,0,167,1,0.12,the
013668.png,DOC010,0,168,1,0.12,landscape
013669.png,DOC010,0,169,0,-0.12,of
013670.png,DOC010,0,170,1,0.12,modern
013671.png,DOC010,0,171,0,-0.12,computing.
013672.png,DOC010,0,172,0,-0.12,When
013673.png,DOC010,0,173,1,0.12,scalable
013674.png,DOC010,0,174,0,-0.12,distributed
013675.png,DOC010,0,175,1,0.12,"systems,"
013676.png,DOC010,0,176,0,-0.12,engineers
013677.png,DOC010,0,177,1,0.12,must
013678.png,DOC010,0,178,1,0.12,carefully
013679.png,DOC010,0,179,0,-0.12,consider
013680.png,DOC010,0,180,0,-0.12,the
013681.png,DOC010,0,181,0,-0.12,between
013682.png,DOC010,0,182,0,-0.12,"latency,"
013683.png,DOC010,0,183,1,0.12,"throughput,"
013684.png,DOC010,0,184,0,-0.12,and
013685.png,DOC010,0,185,1,0.12,fault
013686.png,DOC010,0,186,0,-0.12,tolerance.
013687.png,DOC010,0,187,1,0.12,In
013688.png,DOC010,0,188,0,-0.12,the
013689.png,DOC010,0,189,0,-0.12,context
013690.png,DOC010,0,190,1,0.12,of
013691.png,DOC010,0,191,0,-0.12,"steganography,"
013692.png,DOC010,0,192,1,0.12,the
013693.png,DOC010,0,193,0,-0.12,primary
013694.png,DOC010,0,194,1,0.12,challenge
013695.png,DOC010,0,195,0,-0.12,is
013696.png,DOC010,0,196,0,-0.12,overcoming
013697.png,DOC010,0,197,1,0.12,the
013698.png,DOC010,0,198,1,0.12,physical
013699.png,DOC010,0,199,1,0.12,channel
013700.png,DOC010,0,200,0,-0.12,introduced
013701.png,DOC010,0,201,0,-0.12,by
013702.png,DOC010,0,202,0,-0.12,printers
013703.png,DOC010,0,203,0,-0.12,and
013704.png,DOC010,0,204,0,-0.12,smartphone
013705.png,DOC010,0,205,1,0.12,cameras.
013706.png,DOC010,0,206,0,-0.12,This
013707.png,DOC010,0,207,0,-0.12,requires
013708.png,DOC010,0,208,1,0.12,highly
013709.png,DOC010,0,209,1,0.12,error
013710.png,DOC010,0,210,0,-0.12,correction
013711.png,DOC010,0,211,0,-0.12,"mechanisms,"
013712.png,DOC010,0,212,1,0.12,such
013713.png,DOC010,0,213,0,-0.12,as
013714.png,DOC010,0,214,0,-0.12,Reed-Solomon
013715.png,DOC010,0,215,1,0.12,"coding,"
013716.png,DOC010,0,216,1,0.12,combined
013717.png,DOC010,0,217,0,-0.12,deep
013718.png,DOC010,0,218,1,0.12,learning-based
013719.png,DOC010,0,219,0,-0.12,document
013720.png,DOC010,0,220,1,0.12,dewarping
013721.png,DOC010,0,221,1,0.12,and
013722.png,DOC010,0,222,0,-0.12,residual
013723.png,DOC010,0,223,0,-0.12,feature
013724.png,DOC010,0,224,0,-0.12,extraction
013725.png,DOC010,0,225,0,-0.12,reliably
013726.png,DOC010,0,226,0,-0.12,recover
013727.png,DOC010,0,227,1,0.12,the
013728.png,DOC010,0,228,1,0.12,embedded
013729.png,DOC010,0,229,0,-0.12,cryptographic
013730.png,DOC010,0,230,0,-0.12,QUESTION
013731.png,DOC010,0,231,0,-0.12,The
013732.png,DOC010,0,232,0,-0.12,rapid
013733.png,DOC010,0,233,0,-0.12,advancement
013734.png,DOC010,0,234,0,-0.12,of
013735.png,DOC010,0,235,0,-0.12,artificial
013736.png,DOC010,0,236,0,-0.12,intelligence
013737.png,DOC010,0,237,0,-0.12,and
013738.png,DOC010,0,238,0,-0.12,machine
013739.png,DOC010,0,239,0,-0.12,has
013740.png,DOC010,0,240,0,-0.12,fundamentally
013741.png,DOC010,0,241,1,0.12,altered
013742.png,DOC010,0,242,0,-0.12,the
013743.png,DOC010,0,243,0,-0.12,landscape
013744.png,DOC010,0,244,1,0.12,of
013745.png,DOC010,0,245,0,-0.12,modern
013746.png,DOC010,0,246,0,-0.12,computing.
013747.png,DOC010,0,247,0,-0.12,When
013748.png,DOC010,0,248,1,0.12,scalable
013749.png,DOC010,0,249,0,-0.12,distributed
013750.png,DOC010,0,250,0,-0.12,"systems,"
013751.png,DOC010,0,251,0,-0.12,engineers
013752.png,DOC010,0,252,0,-0.12,must
013753.png,DOC010,0,253,0,-0.12,carefully
013754.png,DOC010,0,254,0,-0.12,consider
013755.png,DOC010,0,255,0,-0.12,the
013756.png,DOC010,0,256,0,-0.12,between
013757.png,DOC010,0,257,1,0.12,"latency,"
013758.png,DOC010,0,258,0,-0.12,"throughput,"
013759.png,DOC010,0,259,1,0.12,and
013760.png,DOC010,0,260,0,-0.12,fault
013761.png,DOC010,0,261,1,0.12,tolerance.
013762.png,DOC010,0,262,0,-0.12,In
013763.png,DOC010,0,263,0,-0.12,the
013764.png,DOC010,0,264,0,-0.12,context
013765.png,DOC010,0,265,0,-0.12,of
013766.png,DOC010,0,266,1,0.12,"steganography,"
013767.png,DOC010,0,267,0,-0.12,the
013768.png,DOC010,0,268,1,0.12,primary
013769.png,DOC010,0,269,0,-0.12,challenge
013770.png,DOC010,0,270,1,0.12,is
013771.png,DOC010,0,271,1,0.12,overcoming
013772.png,DOC010,0,272,0,-0.12,the
013773.png,DOC010,0,273,0,-0.12,physical
013774.png,DOC010,0,274,0,-0.12,channel
013775.png,DOC010,0,275,0,-0.12,introduced
013776.png,DOC010,0,276,1,0.12,by
013777.png,DOC010,0,277,0,-0.12,printers
013778.png,DOC010,0,278,0,-0.12,and
013779.png,DOC010,0,279,0,-0.12,smartphone
013780.png,DOC010,0,280,0,-0.12,cameras.
013781.png,DOC010,0,281,0,-0.12,This
013782.png,DOC010,0,282,0,-0.12,requires
013783.png,DOC010,0,283,1,0.12,highly
013784.png,DOC010,0,284,1,0.12,error
013785.png,DOC010,0,285,1,0.12,correction
013786.png,DOC010,0,286,0,-0.12,"mechanisms,"
013787.png,DOC010,0,287,0,-0.12,such
013788.png,DOC010,0,288,0,-0.12,as
013789.png,DOC010,0,289,1,0.12,Reed-Solomon
013790.png,DOC010,0,290,0,-0.12,"coding,"
013791.png,DOC010,0,291,1,0.12,combined
013792.png,DOC010,0,292,1,0.12,deep
013793.png,DOC010,0,293,0,-0.12,learning-based
013794.png,DOC010,0,294,0,-0.12,document
013795.png,DOC010,0,295,0,-0.12,dewarping
013796.png,DOC010,0,296,0,-0.12,and
013797.png,DOC010,0,297,0,-0.12,residual
013798.png,DOC010,0,298,0,-0.12,feature
013799.png,DOC010,0,299,0,-0.12,extraction
013800.png,DOC010,0,300,0,-0.12,reliably
013801.png,DOC010,0,301,0,-0.12,recover
013802.png,DOC010,0,302,1,0.12,the
013803.png,DOC010,0,303,1,0.12,embedded
013804.png,DOC010,0,304,1,0.12,cryptographic
013805.png,DOC010,0,305,0,-0.12,QUESTION
013806.png,DOC010,0,306,0,-0.12,The
013807.png,DOC010,0,307,1,0.12,rapid
013808.png,DOC010,0,308,0,-0.12,advancement
013809.png,DOC010,0,309,1,0.12,of
013810.png,DOC010,0,310,0,-0.12,artificial
013811.png,DOC010,0,311,1,0.12,intelligence
013812.png,DOC010,0,312,0,-0.12,and
013813.png,DOC010,0,313,1,0.12,machine
013814.png,DOC010,0,314,1,0.12,has
013815.png,DOC010,0,315,0,-0.12,fundamentally
013816.png,DOC010,0,316,0,-0.12,altered
013817.png,DOC010,0,317,1,0.12,the
013818.png,DOC010,0,318,0,-0.12,landscape
013819.png,DOC010,0,319,0,-0.12,of
013820.png,DOC010,0,320,0,-0.12,modern
013821.png,DOC010,0,321,0,-0.12,computing.
013822.png,DOC010,0,322,0,-0.12,When
013823.png,DOC010,0,323,0,-0.12,scalable
013824.png,DOC010,0,324,0,-0.12,distributed
013825.png,DOC010,0,325,0,-0.12,"systems,"
013826.png,DOC010,0,326,0,-0.12,engineers
013827.png,DOC010,0,327,0,-0.12,must
013828.png,DOC010,0,328,0,-0.12,carefully
013829.png,DOC010,0,329,1,0.12,consider
013830.png,DOC010,0,330,0,-0.12,the
013831.png,DOC010,0,331,0,-0.12,between
013832.png,DOC010,0,332,0,-0.12,"latency,"
013833.png,DOC010,0,333,0,-0.12,"throughput,"
013834.png,DOC010,0,334,1,0.12,and
013835.png,DOC010,0,335,0,-0.12,fault
013836.png,DOC010,0,336,1,0.12,tolerance.
013837.png,DOC010,0,337,1,0.12,In
013838.png,DOC010,0,338,1,0.12,the
013839.png,DOC010,0,339,1,0.12,context
013840.png,DOC010,0,340,0,-0.12,of
013841.png,DOC010,0,341,0,-0.12,"steganography,"
013842.png,DOC010,0,342,1,0.12,the
013843.png,DOC010,0,343,0,-0.12,primary
013844.png,DOC010,0,344,1,0.12,challenge
013845.png,DOC010,0,345,0,-0.12,is
013846.png,DOC010,0,346,0,-0.12,overcoming
013847.png,DOC010,0,347,0,-0.12,the
013848.png,DOC010,0,348,0,-0.12,physical
013849.png,DOC010,0,349,0,-0.12,channel
013850.png,DOC010,0,350,0,-0.12,introduced
013851.png,DOC010,0,351,0,-0.12,by
013852.png,DOC010,0,352,0,-0.12,printers
013853.png,DOC010,0,353,0,-0.12,and
013854.png,DOC010,0,354,1,0.12,smartphone
013855.png,DOC010,0,355,0,-0.12,cameras.
013856.png,DOC010,0,356,0,-0.12,This
013857.png,DOC010,0,357,0,-0.12,requires
013858.png,DOC010,0,358,0,-0.12,highly
013859.png,DOC010,0,359,0,-0.12,error
013860.png,DOC010,0,360,0,-0.12,correction
013861.png,DOC010,0,361,0,-0.12,"mechanisms,"
013862.png,DOC010,0,362,0,-0.12,such
013863.png,DOC010,0,363,0,-0.12,as
013864.png,DOC010,0,364,1,0.12,Reed-Solomon
013865.png,DOC010,0,365,0,-0.12,"coding,"
013866.png,DOC010,0,366,0,-0.12,combined
013867.png,DOC010,0,367,0,-0.12,deep
013868.png,DOC010,0,368,0,-0.12,learning-based
013869.png,DOC010,0,369,0,-0.12,document
013870.png,DOC010,0,370,0,-0.12,dewarping
013871.png,DOC010,0,371,0,-0.12,and
013872.png,DOC010,0,372,0,-0.12,residual
013873.png,DOC010,0,373,0,-0.12,feature
013874.png,DOC010,0,374,1,0.12,extraction
013875.png,DOC010,1,0,0,-0.12,CONFIDENTIAL
013876.png,DOC010,1,1,1,0.12,ENGINEERING
013877.png,DOC010,1,2,1,0.12,EXAM
013878.png,DOC010,1,3,0,-0.12,-
013879.png,DOC010,1,4,0,-0.12,PAGE
013880.png,DOC010,1,5,1,0.12,QUESTION
013881.png,DOC010,1,6,1,0.12,The
013882.png,DOC010,1,7,0,-0.12,rapid
013883.png,DOC010,1,8,1,0.12,advancement
013884.png,DOC010,1,9,0,-0.12,of
013885.png,DOC010,1,10,0,-0.12,artificial
013886.png,DOC010,1,11,0,-0.12,intelligence
013887.png,DOC010,1,12,1,0.12,and
013888.png,DOC010,1,13,0,-0.12,machine
013889.png,DOC010,1,14,0,-0.12,has
013890.png,DOC010,1,15,1,0.12,fundamentally
013891.png,DOC010,1,16,0,-0.12,altered
013892.png,DOC010,1,17,0,-0.12,the
013893.png,DOC010,1,18,0,-0.12,landscape
013894.png,DOC010,1,19,0,-0.12,of
013895.png,DOC010,1,20,1,0.12,modern
013896.png,DOC010,1,21,0,-0.12,computing.
013897.png,DOC010,1,22,1,0.12,When
013898.png,DOC010,1,23,0,-0.12,scalable
013899.png,DOC010,1,24,0,-0.12,distributed
013900.png,DOC010,1,25,0,-0.12,"systems,"
013901.png,DOC010,1,26,1,0.12,engineers
013902.png,DOC010,1,27,0,-0.12,must
013903.png,DOC010,1,28,0,-0.12,carefully
013904.png,DOC010,1,29,0,-0.12,consider
013905.png,DOC010,1,30,0,-0.12,the
013906.png,DOC010,1,31,0,-0.12,between
013907.png,DOC010,1,32,1,0.12,"latency,"
013908.png,DOC010,1,33,0,-0.12,"throughput,"
013909.png,DOC010,1,34,0,-0.12,and
013910.png,DOC010,1,35,0,-0.12,fault
013911.png,DOC010,1,36,0,-0.12,tolerance.
013912.png,DOC010,1,37,1,0.12,In
013913.png,DOC010,1,38,0,-0.12,the
013914.png,DOC010,1,39,0,-0.12,context
013915.png,DOC010,1,40,0,-0.12,of
013916.png,DOC010,1,41,0,-0.12,"steganography,"
013917.png,DOC010,1,42,1,0.12,the
013918.png,DOC010,1,43,0,-0.12,primary
013919.png,DOC010,1,44,1,0.12,challenge
013920.png,DOC010,1,45,0,-0.12,is
013921.png,DOC010,1,46,0,-0.12,overcoming
013922.png,DOC010,1,47,1,0.12,the
013923.png,DOC010,1,48,1,0.12,physical
013924.png,DOC010,1,49,0,-0.12,channel
013925.png,DOC010,1,50,1,0.12,introduced
013926.png,DOC010,1,51,0,-0.12,by
013927.png,DOC010,1,52,1,0.12,printers
013928.png,DOC010,1,53,0,-0.12,and
013929.png,DOC010,1,54,1,0.12,smartphone
013930.png,DOC010,1,55,1,0.12,cameras.
013931.png,DOC010,1,56,0,-0.12,This
013932.png,DOC010,1,57,1,0.12,requires
013933.png,DOC010,1,58,1,0.12,highly
013934.png,DOC010,1,59,1,0.12,error
013935.png,DOC010,1,60,1,0.12,correction
013936.png,DOC010,1,61,0,-0.12,"mechanisms,"
013937.png,DOC010,1,62,1,0.12,such
013938.png,DOC010,1,63,0,-0.12,as
013939.png,DOC010,1,64,0,-0.12,Reed-Solomon
013940.png,DOC010,1,65,0,-0.12,"coding,"
013941.png,DOC010,1,66,0,-0.12,combined
013942.png,DOC010,1,67,0,-0.12,deep
013943.png,DOC010,1,68,1,0.12,learning-based
013944.png,DOC010,1,69,0,-0.12,document
013945.png,DOC010,1,70,0,-0.12,dewarping
013946.png,DOC010,1,71,0,-0.12,and
013947.png,DOC010,1,72,0,-0.12,residual
013948.png,DOC010,1,73,0,-0.12,feature
013949.png,DOC010,1,74,0,-0.12,extraction
013950.png,DOC010,1,75,0,-0.12,reliably
013951.png,DOC010,1,76,1,0.12,recover
013952.png,DOC010,1,77,0,-0.12,the
013953.png,DOC010,1,78,0,-0.12,embedded
013954.png,DOC010,1,79,0,-0.12,cryptographic
013955.png,DOC010,1,80,1,0.12,QUESTION
013956.png,DOC010,1,81,0,-0.12,The
013957.png,DOC010,1,82,0,-0.12,rapid
013958.png,DOC010,1,83,0,-0.12,advancement
013959.png,DOC010,1,84,0,-0.12,of
013960.png,DOC010,1,85,0,-0.12,artificial
013961.png,DOC010,1,86,0,-0.12,intelligence
013962.png,DOC010,1,87,0,-0.12,and
013963.png,DOC010,1,88,1,0.12,machine
013964.png,DOC010,1,89,0,-0.12,has
013965.png,DOC010,1,90,0,-0.12,fundamentally
013966.png,DOC010,1,91,0,-0.12,altered
013967.png,DOC010,1,92,0,-0.12,the
013968.png,DOC010,1,93,0,-0.12,landscape
013969.png,DOC010,1,94,0,-0.12,of
013970.png,DOC010,1,95,0,-0.12,modern
013971.png,DOC010,1,96,0,-0.12,computing.
013972.png,DOC010,1,97,1,0.12,When
013973.png,DOC010,1,98,0,-0.12,scalable
013974.png,DOC010,1,99,0,-0.12,distributed
013975.png,DOC010,1,100,0,-0.12,"systems,"
013976.png,DOC010,1,101,0,-0.12,engineers
013977.png,DOC010,1,102,1,0.12,must
013978.png,DOC010,1,103,1,0.12,carefully
013979.png,DOC010,1,104,0,-0.12,consider
013980.png,DOC010,1,105,0,-0.12,the
013981.png,DOC010,1,106,0,-0.12,between
013982.png,DOC010,1,107,0,-0.12,"latency,"
013983.png,DOC010,1,108,0,-0.12,"throughput,"
013984.png,DOC010,1,109,1,0.12,and
013985.png,DOC010,1,110,1,0.12,fault
013986.png,DOC010,1,111,0,-0.12,tolerance.
013987.png,DOC010,1,112,0,-0.12,In
013988.png,DOC010,1,113,0,-0.12,the
013989.png,DOC010,1,114,0,-0.12,context
013990.png,DOC010,1,115,0,-0.12,of
013991.png,DOC010,1,116,0,-0.12,"steganography,"
013992.png,DOC010,1,117,1,0.12,the
013993.png,DOC010,1,118,0,-0.12,primary
013994.png,DOC010,1,119,1,0.12,challenge
013995.png,DOC010,1,120,0,-0.12,is
013996.png,DOC010,1,121,0,-0.12,overcoming
013997.png,DOC010,1,122,0,-0.12,the
013998.png,DOC010,1,123,0,-0.12,physical
013999.png,DOC010,1,124,0,-0.12,channel
014000.png,DOC010,1,125,0,-0.12,introduced
014001.png,DOC010,1,126,0,-0.12,by
014002.png,DOC010,1,127,0,-0.12,printers
014003.png,DOC010,1,128,1,0.12,and
014004.png,DOC010,1,129,1,0.12,smartphone
014005.png,DOC010,1,130,1,0.12,cameras.
014006.png,DOC010,1,131,0,-0.12,This
014007.png,DOC010,1,132,0,-0.12,requires
014008.png,DOC010,1,133,1,0.12,highly
014009.png,DOC010,1,134,0,-0.12,error
014010.png,DOC010,1,135,1,0.12,correction
014011.png,DOC010,1,136,0,-0.12,"mechanisms,"
014012.png,DOC010,1,137,0,-0.12,such
014013.png,DOC010,1,138,1,0.12,as
014014.png,DOC010,1,139,1,0.12,Reed-Solomon
014015.png,DOC010,1,140,1,0.12,"coding,"
014016.png,DOC010,1,141,1,0.12,combined
014017.png,DOC010,1,142,1,0.12,deep
014018.png,DOC010,1,143,0,-0.12,learning-based
014019.png,DOC010,1,144,0,-0.12,document
014020.png,DOC010,1,145,1,0.12,dewarping
014021.png,DOC010,1,146,0,-0.12,and
014022.png,DOC010,1,147,0,-0.12,residual
014023.png,DOC010,1,148,0,-0.12,feature
014024.png,DOC010,1,149,0,-0.12,extraction
014025.png,DOC010,1,150,1,0.12,reliably
014026.png,DOC010,1,151,1,0.12,recover
014027.png,DOC010,1,152,0,-0.12,the
014028.png,DOC010,1,153,0,-0.12,embedded
014029.png,DOC010,1,154,0,-0.12,cryptographic
014030.png,DOC010,1,155,0,-0.12,QUESTION
014031.png,DOC010,1,156,0,-0.12,The
014032.png,DOC010,1,157,0,-0.12,rapid
014033.png,DOC010,1,158,1,0.12,advancement
014034.png,DOC010,1,159,0,-0.12,of
014035.png,DOC010,1,160,0,-0.12,artificial
014036.png,DOC010,1,161,0,-0.12,intelligence
014037.png,DOC010,1,162,0,-0.12,and
014038.png,DOC010,1,163,0,-0.12,machine
014039.png,DOC010,1,164,1,0.12,has
014040.png,DOC010,1,165,0,-0.12,fundamentally
014041.png,DOC010,1,166,0,-0.12,altered
014042.png,DOC010,1,167,0,-0.12,the
014043.png,DOC010,1,168,1,0.12,landscape
014044.png,DOC010,1,169,0,-0.12,of
014045.png,DOC010,1,170,0,-0.12,modern
014046.png,DOC010,1,171,1,0.12,computing.
014047.png,DOC010,1,172,0,-0.12,When
014048.png,DOC010,1,173,0,-0.12,scalable
014049.png,DOC010,1,174,1,0.12,distributed
014050.png,DOC010,1,175,0,-0.12,"systems,"
014051.png,DOC010,1,176,0,-0.12,engineers
014052.png,DOC010,1,177,0,-0.12,must
014053.png,DOC010,1,178,1,0.12,carefully
014054.png,DOC010,1,179,0,-0.12,consider
014055.png,DOC010,1,180,0,-0.12,the
014056.png,DOC010,1,181,0,-0.12,between
014057.png,DOC010,1,182,0,-0.12,"latency,"
014058.png,DOC010,1,183,0,-0.12,"throughput,"
014059.png,DOC010,1,184,0,-0.12,and
014060.png,DOC010,1,185,0,-0.12,fault
014061.png,DOC010,1,186,0,-0.12,tolerance.
014062.png,DOC010,1,187,0,-0.12,In
014063.png,DOC010,1,188,0,-0.12,the
014064.png,DOC010,1,189,0,-0.12,context
014065.png,DOC010,1,190,0,-0.12,of
014066.png,DOC010,1,191,0,-0.12,"steganography,"
014067.png,DOC010,1,192,0,-0.12,the
014068.png,DOC010,1,193,0,-0.12,primary
014069.png,DOC010,1,194,0,-0.12,challenge
014070.png,DOC010,1,195,0,-0.12,is
014071.png,DOC010,1,196,0,-0.12,overcoming
014072.png,DOC010,1,197,0,-0.12,the
014073.png,DOC010,1,198,1,0.12,physical
014074.png,DOC010,1,199,0,-0.12,channel
014075.png,DOC010,1,200,1,0.12,introduced
014076.png,DOC010,1,201,0,-0.12,by
014077.png,DOC010,1,202,0,-0.12,printers
014078.png,DOC010,1,203,0,-0.12,and
014079.png,DOC010,1,204,0,-0.12,smartphone
014080.png,DOC010,1,205,0,-0.12,cameras.
014081.png,DOC010,1,206,1,0.12,This
014082.png,DOC010,1,207,0,-0.12,requires
014083.png,DOC010,1,208,0,-0.12,highly
014084.png,DOC010,1,209,0,-0.12,error
014085.png,DOC010,1,210,0,-0.12,correction
014086.png,DOC010,1,211,0,-0.12,"mechanisms,"
014087.png,DOC010,1,212,1,0.12,such
014088.png,DOC010,1,213,1,0.12,as
014089.png,DOC010,1,214,0,-0.12,Reed-Solomon
014090.png,DOC010,1,215,0,-0.12,"coding,"
014091.png,DOC010,1,216,0,-0.12,combined
014092.png,DOC010,1,217,1,0.12,deep
014093.png,DOC010,1,218,0,-0.12,learning-based
014094.png,DOC010,1,219,0,-0.12,document
014095.png,DOC010,1,220,0,-0.12,dewarping
014096.png,DOC010,1,221,1,0.12,and
014097.png,DOC010,1,222,0,-0.12,residual
014098.png,DOC010,1,223,1,0.12,feature
014099.png,DOC010,1,224,0,-0.12,extraction
014100.png,DOC010,1,225,1,0.12,reliably
014101.png,DOC010,1,226,0,-0.12,recover
014102.png,DOC010,1,227,0,-0.12,the
014103.png,DOC010,1,228,0,-0.12,embedded
014104.png,DOC010,1,229,0,-0.12,cryptographic
014105.png,DOC010,1,230,1,0.12,QUESTION
014106.png,DOC010,1,231,0,-0.12,The
014107.png,DOC010,1,232,1,0.12,rapid
014108.png,DOC010,1,233,1,0.12,advancement
014109.png,DOC010,1,234,1,0.12,of
014110.png,DOC010,1,235,1,0.12,artificial
014111.png,DOC010,1,236,0,-0.12,intelligence
014112.png,DOC010,1,237,0,-0.12,and
014113.png,DOC010,1,238,1,0.12,machine
014114.png,DOC010,1,239,0,-0.12,has
014115.png,DOC010,1,240,1,0.12,fundamentally
014116.png,DOC010,1,241,0,-0.12,altered
014117.png,DOC010,1,242,0,-0.12,the
014118.png,DOC010,1,243,1,0.12,landscape
014119.png,DOC010,1,244,0,-0.12,of
014120.png,DOC010,1,245,1,0.12,modern
014121.png,DOC010,1,246,0,-0.12,computing.
014122.png,DOC010,1,247,1,0.12,When
014123.png,DOC010,1,248,1,0.12,scalable
014124.png,DOC010,1,249,0,-0.12,distributed
014125.png,DOC010,1,250,0,-0.12,"systems,"
014126.png,DOC010,1,251,0,-0.12,engineers
014127.png,DOC010,1,252,1,0.12,must
014128.png,DOC010,1,253,1,0.12,carefully
014129.png,DOC010,1,254,0,-0.12,consider
014130.png,DOC010,1,255,1,0.12,the
014131.png,DOC010,1,256,0,-0.12,between
014132.png,DOC010,1,257,0,-0.12,"latency,"
014133.png,DOC010,1,258,0,-0.12,"throughput,"
014134.png,DOC010,1,259,0,-0.12,and
014135.png,DOC010,1,260,1,0.12,fault
014136.png,DOC010,1,261,0,-0.12,tolerance.
014137.png,DOC010,1,262,0,-0.12,In
014138.png,DOC010,1,263,1,0.12,the
014139.png,DOC010,1,264,0,-0.12,context
014140.png,DOC010,1,265,0,-0.12,of
014141.png,DOC010,1,266,0,-0.12,"steganography,"
014142.png,DOC010,1,267,0,-0.12,the
014143.png,DOC010,1,268,0,-0.12,primary
014144.png,DOC010,1,269,0,-0.12,challenge
014145.png,DOC010,1,270,1,0.12,is
014146.png,DOC010,1,271,0,-0.12,overcoming
014147.png,DOC010,1,272,0,-0.12,the
014148.png,DOC010,1,273,1,0.12,physical
014149.png,DOC010,1,274,1,0.12,channel
014150.png,DOC010,1,275,0,-0.12,introduced
014151.png,DOC010,1,276,0,-0.12,by
014152.png,DOC010,1,277,0,-0.12,printers
014153.png,DOC010,1,278,1,0.12,and
014154.png,DOC010,1,279,0,-0.12,smartphone
014155.png,DOC010,1,280,0,-0.12,cameras.
014156.png,DOC010,1,281,0,-0.12,This
014157.png,DOC010,1,282,0,-0.12,requires
014158.png,DOC010,1,283,1,0.12,highly
014159.png,DOC010,1,284,0,-0.12,error
014160.png,DOC010,1,285,0,-0.12,correction
014161.png,DOC010,1,286,1,0.12,"mechanisms,"
014162.png,DOC010,1,287,0,-0.12,such
014163.png,DOC010,1,288,0,-0.12,as
014164.png,DOC010,1,289,1,0.12,Reed-Solomon
014165.png,DOC010,1,290,0,-0.12,"coding,"
014166.png,DOC010,1,291,1,0.12,combined
014167.png,DOC010,1,292,1,0.12,deep
014168.png,DOC010,1,293,0,-0.12,learning-based
014169.png,DOC010,1,294,1,0.12,document
014170.png,DOC010,1,295,1,0.12,dewarping
014171.png,DOC010,1,296,1,0.12,and
014172.png,DOC010,1,297,0,-0.12,residual
014173.png,DOC010,1,298,0,-0.12,feature
014174.png,DOC010,1,299,0,-0.12,extraction
014175.png,DOC010,1,300,1,0.12,reliably
014176.png,DOC010,1,301,0,-0.12,recover
014177.png,DOC010,1,302,0,-0.12,the
014178.png,DOC010,1,303,0,-0.12,embedded
014179.png,DOC010,1,304,1,0.12,cryptographic
014180.png,DOC010,1,305,0,-0.12,QUESTION
014181.png,DOC010,1,306,0,-0.12,The
014182.png,DOC010,1,307,0,-0.12,rapid
014183.png,DOC010,1,308,1,0.12,advancement
014184.png,DOC010,1,309,1,0.12,of
014185.png,DOC010,1,310,0,-0.12,artificial
014186.png,DOC010,1,311,1,0.12,intelligence
014187.png,DOC010,1,312,0,-0.12,and
014188.png,DOC010,1,313,1,0.12,machine
014189.png,DOC010,1,314,0,-0.12,has
014190.png,DOC010,1,315,0,-0.12,fundamentally
014191.png,DOC010,1,316,0,-0.12,altered
014192.png,DOC010,1,317,1,0.12,the
014193.png,DOC010,1,318,0,-0.12,landscape
014194.png,DOC010,1,319,1,0.12,of
014195.png,DOC010,1,320,1,0.12,modern
014196.png,DOC010,1,321,0,-0.12,computing.
014197.png,DOC010,1,322,0,-0.12,When
014198.png,DOC010,1,323,0,-0.12,scalable
014199.png,DOC010,1,324,0,-0.12,distributed
014200.png,DOC010,1,325,1,0.12,"systems,"
014201.png,DOC010,1,326,0,-0.12,engineers
014202.png,DOC010,1,327,1,0.12,must
014203.png,DOC010,1,328,0,-0.12,carefully
014204.png,DOC010,1,329,0,-0.12,consider
014205.png,DOC010,1,330,0,-0.12,the
014206.png,DOC010,1,331,0,-0.12,between
014207.png,DOC010,1,332,0,-0.12,"latency,"
014208.png,DOC010,1,333,0,-0.12,"throughput,"
014209.png,DOC010,1,334,0,-0.12,and
014210.png,DOC010,1,335,0,-0.12,fault
014211.png,DOC010,1,336,0,-0.12,tolerance.
014212.png,DOC010,1,337,0,-0.12,In
014213.png,DOC010,1,338,0,-0.12,the
014214.png,DOC010,1,339,0,-0.12,context
014215.png,DOC010,1,340,0,-0.12,of
014216.png,DOC010,1,341,0,-0.12,"steganography,"
014217.png,DOC010,1,342,0,-0.12,the
014218.png,DOC010,1,343,0,-0.12,primary
014219.png,DOC010,1,344,1,0.12,challenge
014220.png,DOC010,1,345,0,-0.12,is
014221.png,DOC010,1,346,0,-0.12,overcoming
014222.png,DOC010,1,347,0,-0.12,the
014223.png,DOC010,1,348,0,-0.12,physical
014224.png,DOC010,1,349,0,-0.12,channel
014225.png,DOC010,1,350,1,0.12,introduced
014226.png,DOC010,1,351,0,-0.12,by
014227.png,DOC010,1,352,0,-0.12,printers
014228.png,DOC010,1,353,0,-0.12,and
014229.png,DOC010,1,354,1,0.12,smartphone
014230.png,DOC010,1,355,0,-0.12,cameras.
014231.png,DOC010,1,356,1,0.12,This
014232.png,DOC010,1,357,0,-0.12,requires
014233.png,DOC010,1,358,0,-0.12,highly
014234.png,DOC010,1,359,0,-0.12,error
014235.png,DOC010,1,360,0,-0.12,correction
014236.png,DOC010,1,361,0,-0.12,"mechanisms,"
014237.png,DOC010,1,362,0,-0.12,such
014238.png,DOC010,1,363,1,0.12,as
014239.png,DOC010,1,364,0,-0.12,Reed-Solomon
014240.png,DOC010,1,365,1,0.12,"coding,"
014241.png,DOC010,1,366,1,0.12,combined
014242.png,DOC010,1,367,0,-0.12,deep
014243.png,DOC010,1,368,0,-0.12,learning-based
014244.png,DOC010,1,369,0,-0.12,document
014245.png,DOC010,1,370,0,-0.12,dewarping
014246.png,DOC010,1,371,1,0.12,and
014247.png,DOC010,1,372,0,-0.12,residual
014248.png,DOC010,1,373,1,0.12,feature
014249.png,DOC010,1,374,1,0.12,extraction
014250.png,DOC010,2,0,0,-0.12,CONFIDENTIAL
014251.png,DOC010,2,1,0,-0.12,ENGINEERING
014252.png,DOC010,2,2,0,-0.12,EXAM
014253.png,DOC010,2,3,0,-0.12,-
014254.png,DOC010,2,4,0,-0.12,PAGE
014255.png,DOC010,2,5,0,-0.12,QUESTION
014256.png,DOC010,2,6,0,-0.12,The
014257.png,DOC010,2,7,1,0.12,rapid
014258.png,DOC010,2,8,0,-0.12,advancement
014259.png,DOC010,2,9,0,-0.12,of
014260.png,DOC010,2,10,0,-0.12,artificial
014261.png,DOC010,2,11,0,-0.12,intelligence
014262.png,DOC010,2,12,1,0.12,and
014263.png,DOC010,2,13,0,-0.12,machine
014264.png,DOC010,2,14,0,-0.12,has
014265.png,DOC010,2,15,0,-0.12,fundamentally
014266.png,DOC010,2,16,1,0.12,altered
014267.png,DOC010,2,17,0,-0.12,the
014268.png,DOC010,2,18,0,-0.12,landscape
014269.png,DOC010,2,19,0,-0.12,of
014270.png,DOC010,2,20,0,-0.12,modern
014271.png,DOC010,2,21,1,0.12,computing.
014272.png,DOC010,2,22,0,-0.12,When
014273.png,DOC010,2,23,1,0.12,scalable
014274.png,DOC010,2,24,0,-0.12,distributed
014275.png,DOC010,2,25,1,0.12,"systems,"
014276.png,DOC010,2,26,1,0.12,engineers
014277.png,DOC010,2,27,0,-0.12,must
014278.png,DOC010,2,28,0,-0.12,carefully
014279.png,DOC010,2,29,0,-0.12,consider
014280.png,DOC010,2,30,0,-0.12,the
014281.png,DOC010,2,31,0,-0.12,between
014282.png,DOC010,2,32,0,-0.12,"latency,"
014283.png,DOC010,2,33,1,0.12,"throughput,"
014284.png,DOC010,2,34,0,-0.12,and
014285.png,DOC010,2,35,0,-0.12,fault
014286.png,DOC010,2,36,0,-0.12,tolerance.
014287.png,DOC010,2,37,0,-0.12,In
014288.png,DOC010,2,38,1,0.12,the
014289.png,DOC010,2,39,0,-0.12,context
014290.png,DOC010,2,40,1,0.12,of
014291.png,DOC010,2,41,0,-0.12,"steganography,"
014292.png,DOC010,2,42,0,-0.12,the
014293.png,DOC010,2,43,0,-0.12,primary
014294.png,DOC010,2,44,0,-0.12,challenge
014295.png,DOC010,2,45,1,0.12,is
014296.png,DOC010,2,46,0,-0.12,overcoming
014297.png,DOC010,2,47,0,-0.12,the
014298.png,DOC010,2,48,0,-0.12,physical
014299.png,DOC010,2,49,0,-0.12,channel
014300.png,DOC010,2,50,1,0.12,introduced
014301.png,DOC010,2,51,0,-0.12,by
014302.png,DOC010,2,52,1,0.12,printers
014303.png,DOC010,2,53,0,-0.12,and
014304.png,DOC010,2,54,1,0.12,smartphone
014305.png,DOC010,2,55,0,-0.12,cameras.
014306.png,DOC010,2,56,0,-0.12,This
014307.png,DOC010,2,57,0,-0.12,requires
014308.png,DOC010,2,58,0,-0.12,highly
014309.png,DOC010,2,59,0,-0.12,error
014310.png,DOC010,2,60,0,-0.12,correction
014311.png,DOC010,2,61,0,-0.12,"mechanisms,"
014312.png,DOC010,2,62,0,-0.12,such
014313.png,DOC010,2,63,0,-0.12,as
014314.png,DOC010,2,64,0,-0.12,Reed-Solomon
014315.png,DOC010,2,65,0,-0.12,"coding,"
014316.png,DOC010,2,66,0,-0.12,combined
014317.png,DOC010,2,67,0,-0.12,deep
014318.png,DOC010,2,68,0,-0.12,learning-based
014319.png,DOC010,2,69,0,-0.12,document
014320.png,DOC010,2,70,0,-0.12,dewarping
014321.png,DOC010,2,71,0,-0.12,and
014322.png,DOC010,2,72,0,-0.12,residual
014323.png,DOC010,2,73,1,0.12,feature
014324.png,DOC010,2,74,0,-0.12,extraction
014325.png,DOC010,2,75,0,-0.12,reliably
014326.png,DOC010,2,76,1,0.12,recover
014327.png,DOC010,2,77,0,-0.12,the
014328.png,DOC010,2,78,0,-0.12,embedded
014329.png,DOC010,2,79,0,-0.12,cryptographic
014330.png,DOC010,2,80,0,-0.12,QUESTION
014331.png,DOC010,2,81,0,-0.12,The
014332.png,DOC010,2,82,1,0.12,rapid
014333.png,DOC010,2,83,0,-0.12,advancement
014334.png,DOC010,2,84,0,-0.12,of
014335.png,DOC010,2,85,1,0.12,artificial
014336.png,DOC010,2,86,0,-0.12,intelligence
014337.png,DOC010,2,87,1,0.12,and
014338.png,DOC010,2,88,0,-0.12,machine
014339.png,DOC010,2,89,0,-0.12,has
014340.png,DOC010,2,90,0,-0.12,fundamentally
014341.png,DOC010,2,91,1,0.12,altered
014342.png,DOC010,2,92,0,-0.12,the
014343.png,DOC010,2,93,1,0.12,landscape
014344.png,DOC010,2,94,0,-0.12,of
014345.png,DOC010,2,95,0,-0.12,modern
014346.png,DOC010,2,96,0,-0.12,computing.
014347.png,DOC010,2,97,1,0.12,When
014348.png,DOC010,2,98,0,-0.12,scalable
014349.png,DOC010,2,99,1,0.12,distributed
014350.png,DOC010,2,100,1,0.12,"systems,"
014351.png,DOC010,2,101,0,-0.12,engineers
014352.png,DOC010,2,102,0,-0.12,must
014353.png,DOC010,2,103,0,-0.12,carefully
014354.png,DOC010,2,104,1,0.12,consider
014355.png,DOC010,2,105,1,0.12,the
014356.png,DOC010,2,106,1,0.12,between
014357.png,DOC010,2,107,1,0.12,"latency,"
014358.png,DOC010,2,108,1,0.12,"throughput,"
014359.png,DOC010,2,109,0,-0.12,and
014360.png,DOC010,2,110,1,0.12,fault
014361.png,DOC010,2,111,1,0.12,tolerance.
014362.png,DOC010,2,112,0,-0.12,In
014363.png,DOC010,2,113,1,0.12,the
014364.png,DOC010,2,114,0,-0.12,context
014365.png,DOC010,2,115,1,0.12,of
014366.png,DOC010,2,116,1,0.12,"steganography,"
014367.png,DOC010,2,117,1,0.12,the
014368.png,DOC010,2,118,0,-0.12,primary
014369.png,DOC010,2,119,0,-0.12,challenge
014370.png,DOC010,2,120,1,0.12,is
014371.png,DOC010,2,121,0,-0.12,overcoming
014372.png,DOC010,2,122,0,-0.12,the
014373.png,DOC010,2,123,0,-0.12,physical
014374.png,DOC010,2,124,0,-0.12,channel
014375.png,DOC010,2,125,0,-0.12,introduced
014376.png,DOC010,2,126,0,-0.12,by
014377.png,DOC010,2,127,0,-0.12,printers
014378.png,DOC010,2,128,0,-0.12,and
014379.png,DOC010,2,129,0,-0.12,smartphone
014380.png,DOC010,2,130,0,-0.12,cameras.
014381.png,DOC010,2,131,0,-0.12,This
014382.png,DOC010,2,132,1,0.12,requires
014383.png,DOC010,2,133,0,-0.12,highly
014384.png,DOC010,2,134,0,-0.12,error
014385.png,DOC010,2,135,1,0.12,correction
014386.png,DOC010,2,136,1,0.12,"mechanisms,"
014387.png,DOC010,2,137,0,-0.12,such
014388.png,DOC010,2,138,1,0.12,as
014389.png,DOC010,2,139,1,0.12,Reed-Solomon
014390.png,DOC010,2,140,0,-0.12,"coding,"
014391.png,DOC010,2,141,0,-0.12,combined
014392.png,DOC010,2,142,0,-0.12,deep
014393.png,DOC010,2,143,1,0.12,learning-based
014394.png,DOC010,2,144,1,0.12,document
014395.png,DOC010,2,145,0,-0.12,dewarping
014396.png,DOC010,2,146,1,0.12,and
014397.png,DOC010,2,147,0,-0.12,residual
014398.png,DOC010,2,148,0,-0.12,feature
014399.png,DOC010,2,149,0,-0.12,extraction
014400.png,DOC010,2,150,1,0.12,reliably
014401.png,DOC010,2,151,0,-0.12,recover
014402.png,DOC010,2,152,0,-0.12,the
014403.png,DOC010,2,153,1,0.12,embedded
014404.png,DOC010,2,154,0,-0.12,cryptographic
014405.png,DOC010,2,155,1,0.12,QUESTION
014406.png,DOC010,2,156,0,-0.12,The
014407.png,DOC010,2,157,1,0.12,rapid
014408.png,DOC010,2,158,1,0.12,advancement
014409.png,DOC010,2,159,0,-0.12,of
014410.png,DOC010,2,160,0,-0.12,artificial
014411.png,DOC010,2,161,0,-0.12,intelligence
014412.png,DOC010,2,162,0,-0.12,and
014413.png,DOC010,2,163,0,-0.12,machine
014414.png,DOC010,2,164,0,-0.12,has
014415.png,DOC010,2,165,1,0.12,fundamentally
014416.png,DOC010,2,166,0,-0.12,altered
014417.png,DOC010,2,167,1,0.12,the
014418.png,DOC010,2,168,1,0.12,landscape
014419.png,DOC010,2,169,1,0.12,of
014420.png,DOC010,2,170,1,0.12,modern
014421.png,DOC010,2,171,1,0.12,computing.
014422.png,DOC010,2,172,1,0.12,When
014423.png,DOC010,2,173,0,-0.12,scalable
014424.png,DOC010,2,174,0,-0.12,distributed
014425.png,DOC010,2,175,1,0.12,"systems,"
014426.png,DOC010,2,176,0,-0.12,engineers
014427.png,DOC010,2,177,1,0.12,must
014428.png,DOC010,2,178,0,-0.12,carefully
014429.png,DOC010,2,179,0,-0.12,consider
014430.png,DOC010,2,180,1,0.12,the
014431.png,DOC010,2,181,1,0.12,between
014432.png,DOC010,2,182,0,-0.12,"latency,"
014433.png,DOC010,2,183,0,-0.12,"throughput,"
014434.png,DOC010,2,184,1,0.12,and
014435.png,DOC010,2,185,1,0.12,fault
014436.png,DOC010,2,186,1,0.12,tolerance.
014437.png,DOC010,2,187,1,0.12,In
014438.png,DOC010,2,188,0,-0.12,the
014439.png,DOC010,2,189,0,-0.12,context
014440.png,DOC010,2,190,1,0.12,of
014441.png,DOC010,2,191,0,-0.12,"steganography,"
014442.png,DOC010,2,192,0,-0.12,the
014443.png,DOC010,2,193,0,-0.12,primary
014444.png,DOC010,2,194,0,-0.12,challenge
014445.png,DOC010,2,195,0,-0.12,is
014446.png,DOC010,2,196,0,-0.12,overcoming
014447.png,DOC010,2,197,1,0.12,the
014448.png,DOC010,2,198,0,-0.12,physical
014449.png,DOC010,2,199,1,0.12,channel
014450.png,DOC010,2,200,1,0.12,introduced
014451.png,DOC010,2,201,1,0.12,by
014452.png,DOC010,2,202,0,-0.12,printers
014453.png,DOC010,2,203,0,-0.12,and
014454.png,DOC010,2,204,1,0.12,smartphone
014455.png,DOC010,2,205,0,-0.12,cameras.
014456.png,DOC010,2,206,0,-0.12,This
014457.png,DOC010,2,207,0,-0.12,requires
014458.png,DOC010,2,208,1,0.12,highly
014459.png,DOC010,2,209,1,0.12,error
014460.png,DOC010,2,210,1,0.12,correction
014461.png,DOC010,2,211,0,-0.12,"mechanisms,"
014462.png,DOC010,2,212,0,-0.12,such
014463.png,DOC010,2,213,0,-0.12,as
014464.png,DOC010,2,214,0,-0.12,Reed-Solomon
014465.png,DOC010,2,215,0,-0.12,"coding,"
014466.png,DOC010,2,216,0,-0.12,combined
014467.png,DOC010,2,217,0,-0.12,deep
014468.png,DOC010,2,218,0,-0.12,learning-based
014469.png,DOC010,2,219,0,-0.12,document
014470.png,DOC010,2,220,0,-0.12,dewarping
014471.png,DOC010,2,221,0,-0.12,and
014472.png,DOC010,2,222,0,-0.12,residual
014473.png,DOC010,2,223,0,-0.12,feature
014474.png,DOC010,2,224,1,0.12,extraction
014475.png,DOC010,2,225,1,0.12,reliably
014476.png,DOC010,2,226,0,-0.12,recover
014477.png,DOC010,2,227,0,-0.12,the
014478.png,DOC010,2,228,0,-0.12,embedded
014479.png,DOC010,2,229,0,-0.12,cryptographic
014480.png,DOC010,2,230,0,-0.12,QUESTION
014481.png,DOC010,2,231,0,-0.12,The
014482.png,DOC010,2,232,0,-0.12,rapid
014483.png,DOC010,2,233,0,-0.12,advancement
014484.png,DOC010,2,234,0,-0.12,of
014485.png,DOC010,2,235,1,0.12,artificial
014486.png,DOC010,2,236,0,-0.12,intelligence
014487.png,DOC010,2,237,0,-0.12,and
014488.png,DOC010,2,238,0,-0.12,machine
014489.png,DOC010,2,239,0,-0.12,has
014490.png,DOC010,2,240,1,0.12,fundamentally
014491.png,DOC010,2,241,0,-0.12,altered
014492.png,DOC010,2,242,0,-0.12,the
014493.png,DOC010,2,243,0,-0.12,landscape
014494.png,DOC010,2,244,1,0.12,of
014495.png,DOC010,2,245,0,-0.12,modern
014496.png,DOC010,2,246,1,0.12,computing.
014497.png,DOC010,2,247,0,-0.12,When
014498.png,DOC010,2,248,1,0.12,scalable
014499.png,DOC010,2,249,0,-0.12,distributed
014500.png,DOC010,2,250,1,0.12,"systems,"
014501.png,DOC010,2,251,1,0.12,engineers
014502.png,DOC010,2,252,0,-0.12,must
014503.png,DOC010,2,253,0,-0.12,carefully
014504.png,DOC010,2,254,0,-0.12,consider
014505.png,DOC010,2,255,0,-0.12,the
014506.png,DOC010,2,256,0,-0.12,between
014507.png,DOC010,2,257,0,-0.12,"latency,"
014508.png,DOC010,2,258,0,-0.12,"throughput,"
014509.png,DOC010,2,259,1,0.12,and
014510.png,DOC010,2,260,0,-0.12,fault
014511.png,DOC010,2,261,0,-0.12,tolerance.
014512.png,DOC010,2,262,0,-0.12,In
014513.png,DOC010,2,263,0,-0.12,the
014514.png,DOC010,2,264,0,-0.12,context
014515.png,DOC010,2,265,1,0.12,of
014516.png,DOC010,2,266,0,-0.12,"steganography,"
014517.png,DOC010,2,267,0,-0.12,the
014518.png,DOC010,2,268,0,-0.12,primary
014519.png,DOC010,2,269,0,-0.12,challenge
014520.png,DOC010,2,270,1,0.12,is
014521.png,DOC010,2,271,1,0.12,overcoming
014522.png,DOC010,2,272,1,0.12,the
014523.png,DOC010,2,273,0,-0.12,physical
014524.png,DOC010,2,274,0,-0.12,channel
014525.png,DOC010,2,275,1,0.12,introduced
014526.png,DOC010,2,276,1,0.12,by
014527.png,DOC010,2,277,1,0.12,printers
014528.png,DOC010,2,278,0,-0.12,and
014529.png,DOC010,2,279,0,-0.12,smartphone
014530.png,DOC010,2,280,0,-0.12,cameras.
014531.png,DOC010,2,281,1,0.12,This
014532.png,DOC010,2,282,0,-0.12,requires
014533.png,DOC010,2,283,1,0.12,highly
014534.png,DOC010,2,284,0,-0.12,error
014535.png,DOC010,2,285,0,-0.12,correction
014536.png,DOC010,2,286,0,-0.12,"mechanisms,"
014537.png,DOC010,2,287,0,-0.12,such
014538.png,DOC010,2,288,0,-0.12,as
014539.png,DOC010,2,289,0,-0.12,Reed-Solomon
014540.png,DOC010,2,290,0,-0.12,"coding,"
014541.png,DOC010,2,291,0,-0.12,combined
014542.png,DOC010,2,292,1,0.12,deep
014543.png,DOC010,2,293,0,-0.12,learning-based
014544.png,DOC010,2,294,0,-0.12,document
014545.png,DOC010,2,295,0,-0.12,dewarping
014546.png,DOC010,2,296,1,0.12,and
014547.png,DOC010,2,297,0,-0.12,residual
014548.png,DOC010,2,298,1,0.12,feature
014549.png,DOC010,2,299,0,-0.12,extraction
014550.png,DOC010,2,300,0,-0.12,reliably
014551.png,DOC010,2,301,0,-0.12,recover
014552.png,DOC010,2,302,1,0.12,the
014553.png,DOC010,2,303,0,-0.12,embedded
014554.png,DOC010,2,304,1,0.12,cryptographic
014555.png,DOC010,2,305,0,-0.12,QUESTION
014556.png,DOC010,2,306,0,-0.12,The
014557.png,DOC010,2,307,1,0.12,rapid
014558.png,DOC010,2,308,0,-0.12,advancement
014559.png,DOC010,2,309,0,-0.12,of
014560.png,DOC010,2,310,0,-0.12,artificial
014561.png,DOC010,2,311,0,-0.12,intelligence
014562.png,DOC010,2,312,1,0.12,and
014563.png,DOC010,2,313,0,-0.12,machine
014564.png,DOC010,2,314,0,-0.12,has
014565.png,DOC010,2,315,0,-0.12,fundamentally
014566.png,DOC010,2,316,0,-0.12,altered
014567.png,DOC010,2,317,0,-0.12,the
014568.png,DOC010,2,318,0,-0.12,landscape
014569.png,DOC010,2,319,0,-0.12,of
014570.png,DOC010,2,320,1,0.12,modern
014571.png,DOC010,2,321,1,0.12,computing.
014572.png,DOC010,2,322,1,0.12,When
014573.png,DOC010,2,323,0,-0.12,scalable
014574.png,DOC010,2,324,0,-0.12,distributed
014575.png,DOC010,2,325,0,-0.12,"systems,"
014576.png,DOC010,2,326,0,-0.12,engineers
014577.png,DOC010,2,327,0,-0.12,must
014578.png,DOC010,2,328,1,0.12,carefully
014579.png,DOC010,2,329,1,0.12,consider
014580.png,DOC010,2,330,1,0.12,the
014581.png,DOC010,2,331,0,-0.12,between
014582.png,DOC010,2,332,1,0.12,"latency,"
014583.png,DOC010,2,333,0,-0.12,"throughput,"
014584.png,DOC010,2,334,0,-0.12,and
014585.png,DOC010,2,335,0,-0.12,fault
014586.png,DOC010,2,336,0,-0.12,tolerance.
014587.png,DOC010,2,337,0,-0.12,In
014588.png,DOC010,2,338,0,-0.12,the
014589.png,DOC010,2,339,0,-0.12,context
014590.png,DOC010,2,340,0,-0.12,of
014591.png,DOC010,2,341,0,-0.12,"steganography,"
014592.png,DOC010,2,342,0,-0.12,the
014593.png,DOC010,2,343,0,-0.12,primary
014594.png,DOC010,2,344,0,-0.12,challenge
014595.png,DOC010,2,345,0,-0.12,is
014596.png,DOC010,2,346,0,-0.12,overcoming
014597.png,DOC010,2,347,0,-0.12,the
014598.png,DOC010,2,348,0,-0.12,physical
014599.png,DOC010,2,349,1,0.12,channel
014600.png,DOC010,2,350,0,-0.12,introduced
014601.png,DOC010,2,351,0,-0.12,by
014602.png,DOC010,2,352,0,-0.12,printers
014603.png,DOC010,2,353,0,-0.12,and
014604.png,DOC010,2,354,0,-0.12,smartphone
014605.png,DOC010,2,355,1,0.12,cameras.
014606.png,DOC010,2,356,0,-0.12,This
014607.png,DOC010,2,357,0,-0.12,requires
014608.png,DOC010,2,358,0,-0.12,highly
014609.png,DOC010,2,359,0,-0.12,error
014610.png,DOC010,2,360,0,-0.12,correction
014611.png,DOC010,2,361,0,-0.12,"mechanisms,"
014612.png,DOC010,2,362,0,-0.12,such
014613.png,DOC010,2,363,1,0.12,as
014614.png,DOC010,2,364,0,-0.12,Reed-Solomon
014615.png,DOC010,2,365,1,0.12,"coding,"
014616.png,DOC010,2,366,1,0.12,combined
014617.png,DOC010,2,367,0,-0.12,deep
014618.png,DOC010,2,368,0,-0.12,learning-based
014619.png,DOC010,2,369,0,-0.12,document
014620.png,DOC010,2,370,0,-0.12,dewarping
014621.png,DOC010,2,371,0,-0.12,and
014622.png,DOC010,2,372,0,-0.12,residual
014623.png,DOC010,2,373,1,0.12,feature
014624.png,DOC010,2,374,1,0.12,extraction
014625.png,DOC010,3,0,1,0.12,CONFIDENTIAL
014626.png,DOC010,3,1,0,-0.12,ENGINEERING
014627.png,DOC010,3,2,1,0.12,EXAM
014628.png,DOC010,3,3,0,-0.12,-
014629.png,DOC010,3,4,0,-0.12,PAGE
014630.png,DOC010,3,5,0,-0.12,QUESTION
014631.png,DOC010,3,6,1,0.12,The
014632.png,DOC010,3,7,0,-0.12,rapid
014633.png,DOC010,3,8,0,-0.12,advancement
014634.png,DOC010,3,9,0,-0.12,of
014635.png,DOC010,3,10,0,-0.12,artificial
014636.png,DOC010,3,11,0,-0.12,intelligence
014637.png,DOC010,3,12,0,-0.12,and
014638.png,DOC010,3,13,1,0.12,machine
014639.png,DOC010,3,14,0,-0.12,has
014640.png,DOC010,3,15,0,-0.12,fundamentally
014641.png,DOC010,3,16,1,0.12,altered
014642.png,DOC010,3,17,0,-0.12,the
014643.png,DOC010,3,18,0,-0.12,landscape
014644.png,DOC010,3,19,1,0.12,of
014645.png,DOC010,3,20,0,-0.12,modern
014646.png,DOC010,3,21,0,-0.12,computing.
014647.png,DOC010,3,22,0,-0.12,When
014648.png,DOC010,3,23,1,0.12,scalable
014649.png,DOC010,3,24,0,-0.12,distributed
014650.png,DOC010,3,25,0,-0.12,"systems,"
014651.png,DOC010,3,26,1,0.12,engineers
014652.png,DOC010,3,27,0,-0.12,must
014653.png,DOC010,3,28,0,-0.12,carefully
014654.png,DOC010,3,29,0,-0.12,consider
014655.png,DOC010,3,30,0,-0.12,the
014656.png,DOC010,3,31,0,-0.12,between
014657.png,DOC010,3,32,0,-0.12,"latency,"
014658.png,DOC010,3,33,1,0.12,"throughput,"
014659.png,DOC010,3,34,1,0.12,and
014660.png,DOC010,3,35,1,0.12,fault
014661.png,DOC010,3,36,0,-0.12,tolerance.
014662.png,DOC010,3,37,0,-0.12,In
014663.png,DOC010,3,38,1,0.12,the
014664.png,DOC010,3,39,1,0.12,context
014665.png,DOC010,3,40,0,-0.12,of
014666.png,DOC010,3,41,0,-0.12,"steganography,"
014667.png,DOC010,3,42,1,0.12,the
014668.png,DOC010,3,43,1,0.12,primary
014669.png,DOC010,3,44,0,-0.12,challenge
014670.png,DOC010,3,45,0,-0.12,is
014671.png,DOC010,3,46,0,-0.12,overcoming
014672.png,DOC010,3,47,1,0.12,the
014673.png,DOC010,3,48,1,0.12,physical
014674.png,DOC010,3,49,0,-0.12,channel
014675.png,DOC010,3,50,1,0.12,introduced
014676.png,DOC010,3,51,0,-0.12,by
014677.png,DOC010,3,52,0,-0.12,printers
014678.png,DOC010,3,53,0,-0.12,and
014679.png,DOC010,3,54,1,0.12,smartphone
014680.png,DOC010,3,55,0,-0.12,cameras.
014681.png,DOC010,3,56,0,-0.12,This
014682.png,DOC010,3,57,0,-0.12,requires
014683.png,DOC010,3,58,0,-0.12,highly
014684.png,DOC010,3,59,0,-0.12,error
014685.png,DOC010,3,60,0,-0.12,correction
014686.png,DOC010,3,61,0,-0.12,"mechanisms,"
014687.png,DOC010,3,62,1,0.12,such
014688.png,DOC010,3,63,1,0.12,as
014689.png,DOC010,3,64,0,-0.12,Reed-Solomon
014690.png,DOC010,3,65,1,0.12,"coding,"
014691.png,DOC010,3,66,0,-0.12,combined
014692.png,DOC010,3,67,1,0.12,deep
014693.png,DOC010,3,68,0,-0.12,learning-based
014694.png,DOC010,3,69,0,-0.12,document
014695.png,DOC010,3,70,0,-0.12,dewarping
014696.png,DOC010,3,71,0,-0.12,and
014697.png,DOC010,3,72,0,-0.12,residual
014698.png,DOC010,3,73,0,-0.12,feature
014699.png,DOC010,3,74,1,0.12,extraction
014700.png,DOC010,3,75,0,-0.12,reliably
014701.png,DOC010,3,76,0,-0.12,recover
014702.png,DOC010,3,77,0,-0.12,the
014703.png,DOC010,3,78,1,0.12,embedded
014704.png,DOC010,3,79,1,0.12,cryptographic
014705.png,DOC010,3,80,0,-0.12,QUESTION
014706.png,DOC010,3,81,0,-0.12,The
014707.png,DOC010,3,82,1,0.12,rapid
014708.png,DOC010,3,83,0,-0.12,advancement
014709.png,DOC010,3,84,0,-0.12,of
014710.png,DOC010,3,85,1,0.12,artificial
014711.png,DOC010,3,86,0,-0.12,intelligence
014712.png,DOC010,3,87,1,0.12,and
014713.png,DOC010,3,88,0,-0.12,machine
014714.png,DOC010,3,89,1,0.12,has
014715.png,DOC010,3,90,0,-0.12,fundamentally
014716.png,DOC010,3,91,1,0.12,altered
014717.png,DOC010,3,92,0,-0.12,the
014718.png,DOC010,3,93,0,-0.12,landscape
014719.png,DOC010,3,94,0,-0.12,of
014720.png,DOC010,3,95,0,-0.12,modern
014721.png,DOC010,3,96,0,-0.12,computing.
014722.png,DOC010,3,97,1,0.12,When
014723.png,DOC010,3,98,0,-0.12,scalable
014724.png,DOC010,3,99,0,-0.12,distributed
014725.png,DOC010,3,100,0,-0.12,"systems,"
014726.png,DOC010,3,101,0,-0.12,engineers
014727.png,DOC010,3,102,0,-0.12,must
014728.png,DOC010,3,103,0,-0.12,carefully
014729.png,DOC010,3,104,1,0.12,consider
014730.png,DOC010,3,105,0,-0.12,the
014731.png,DOC010,3,106,0,-0.12,between
014732.png,DOC010,3,107,1,0.12,"latency,"
014733.png,DOC010,3,108,0,-0.12,"throughput,"
014734.png,DOC010,3,109,1,0.12,and
014735.png,DOC010,3,110,0,-0.12,fault
014736.png,DOC010,3,111,0,-0.12,tolerance.
014737.png,DOC010,3,112,0,-0.12,In
014738.png,DOC010,3,113,1,0.12,the
014739.png,DOC010,3,114,0,-0.12,context
014740.png,DOC010,3,115,1,0.12,of
014741.png,DOC010,3,116,0,-0.12,"steganography,"
014742.png,DOC010,3,117,0,-0.12,the
014743.png,DOC010,3,118,0,-0.12,primary
014744.png,DOC010,3,119,0,-0.12,challenge
014745.png,DOC010,3,120,1,0.12,is
014746.png,DOC010,3,121,0,-0.12,overcoming
014747.png,DOC010,3,122,1,0.12,the
014748.png,DOC010,3,123,0,-0.12,physical
014749.png,DOC010,3,124,1,0.12,channel
014750.png,DOC010,3,125,1,0.12,introduced
014751.png,DOC010,3,126,0,-0.12,by
014752.png,DOC010,3,127,0,-0.12,printers
014753.png,DOC010,3,128,0,-0.12,and
014754.png,DOC010,3,129,1,0.12,smartphone
014755.png,DOC010,3,130,0,-0.12,cameras.
014756.png,DOC010,3,131,0,-0.12,This
014757.png,DOC010,3,132,0,-0.12,requires
014758.png,DOC010,3,133,0,-0.12,highly
014759.png,DOC010,3,134,1,0.12,error
014760.png,DOC010,3,135,1,0.12,correction
014761.png,DOC010,3,136,1,0.12,"mechanisms,"
014762.png,DOC010,3,137,0,-0.12,such
014763.png,DOC010,3,138,1,0.12,as
014764.png,DOC010,3,139,0,-0.12,Reed-Solomon
014765.png,DOC010,3,140,0,-0.12,"coding,"
014766.png,DOC010,3,141,1,0.12,combined
014767.png,DOC010,3,142,0,-0.12,deep
014768.png,DOC010,3,143,0,-0.12,learning-based
014769.png,DOC010,3,144,0,-0.12,document
014770.png,DOC010,3,145,0,-0.12,dewarping
014771.png,DOC010,3,146,0,-0.12,and
014772.png,DOC010,3,147,1,0.12,residual
014773.png,DOC010,3,148,0,-0.12,feature
014774.png,DOC010,3,149,1,0.12,extraction
014775.png,DOC010,3,150,0,-0.12,reliably
014776.png,DOC010,3,151,0,-0.12,recover
014777.png,DOC010,3,152,0,-0.12,the
014778.png,DOC010,3,153,1,0.12,embedded
014779.png,DOC010,3,154,0,-0.12,cryptographic
014780.png,DOC010,3,155,1,0.12,QUESTION
014781.png,DOC010,3,156,0,-0.12,The
014782.png,DOC010,3,157,0,-0.12,rapid
014783.png,DOC010,3,158,0,-0.12,advancement
014784.png,DOC010,3,159,0,-0.12,of
014785.png,DOC010,3,160,1,0.12,artificial
014786.png,DOC010,3,161,0,-0.12,intelligence
014787.png,DOC010,3,162,1,0.12,and
014788.png,DOC010,3,163,1,0.12,machine
014789.png,DOC010,3,164,0,-0.12,has
014790.png,DOC010,3,165,0,-0.12,fundamentally
014791.png,DOC010,3,166,0,-0.12,altered
014792.png,DOC010,3,167,0,-0.12,the
014793.png,DOC010,3,168,0,-0.12,landscape
014794.png,DOC010,3,169,0,-0.12,of
014795.png,DOC010,3,170,1,0.12,modern
014796.png,DOC010,3,171,0,-0.12,computing.
014797.png,DOC010,3,172,1,0.12,When
014798.png,DOC010,3,173,1,0.12,scalable
014799.png,DOC010,3,174,0,-0.12,distributed
014800.png,DOC010,3,175,0,-0.12,"systems,"
014801.png,DOC010,3,176,0,-0.12,engineers
014802.png,DOC010,3,177,0,-0.12,must
014803.png,DOC010,3,178,0,-0.12,carefully
014804.png,DOC010,3,179,0,-0.12,consider
014805.png,DOC010,3,180,0,-0.12,the
014806.png,DOC010,3,181,0,-0.12,between
014807.png,DOC010,3,182,0,-0.12,"latency,"
014808.png,DOC010,3,183,1,0.12,"throughput,"
014809.png,DOC010,3,184,1,0.12,and
014810.png,DOC010,3,185,0,-0.12,fault
014811.png,DOC010,3,186,0,-0.12,tolerance.
014812.png,DOC010,3,187,0,-0.12,In
014813.png,DOC010,3,188,1,0.12,the
014814.png,DOC010,3,189,0,-0.12,context
014815.png,DOC010,3,190,0,-0.12,of
014816.png,DOC010,3,191,1,0.12,"steganography,"
014817.png,DOC010,3,192,0,-0.12,the
014818.png,DOC010,3,193,0,-0.12,primary
014819.png,DOC010,3,194,1,0.12,challenge
014820.png,DOC010,3,195,0,-0.12,is
014821.png,DOC010,3,196,1,0.12,overcoming
014822.png,DOC010,3,197,1,0.12,the
014823.png,DOC010,3,198,0,-0.12,physical
014824.png,DOC010,3,199,0,-0.12,channel
014825.png,DOC010,3,200,0,-0.12,introduced
014826.png,DOC010,3,201,1,0.12,by
014827.png,DOC010,3,202,0,-0.12,printers
014828.png,DOC010,3,203,0,-0.12,and
014829.png,DOC010,3,204,0,-0.12,smartphone
014830.png,DOC010,3,205,0,-0.12,cameras.
014831.png,DOC010,3,206,0,-0.12,This
014832.png,DOC010,3,207,0,-0.12,requires
014833.png,DOC010,3,208,0,-0.12,highly
014834.png,DOC010,3,209,0,-0.12,error
014835.png,DOC010,3,210,0,-0.12,correction
014836.png,DOC010,3,211,0,-0.12,"mechanisms,"
014837.png,DOC010,3,212,1,0.12,such
014838.png,DOC010,3,213,0,-0.12,as
014839.png,DOC010,3,214,0,-0.12,Reed-Solomon
014840.png,DOC010,3,215,0,-0.12,"coding,"
014841.png,DOC010,3,216,0,-0.12,combined
014842.png,DOC010,3,217,0,-0.12,deep
014843.png,DOC010,3,218,1,0.12,learning-based
014844.png,DOC010,3,219,1,0.12,document
014845.png,DOC010,3,220,0,-0.12,dewarping
014846.png,DOC010,3,221,0,-0.12,and
014847.png,DOC010,3,222,0,-0.12,residual
014848.png,DOC010,3,223,0,-0.12,feature
014849.png,DOC010,3,224,1,0.12,extraction
014850.png,DOC010,3,225,0,-0.12,reliably
014851.png,DOC010,3,226,0,-0.12,recover
014852.png,DOC010,3,227,0,-0.12,the
014853.png,DOC010,3,228,0,-0.12,embedded
014854.png,DOC010,3,229,0,-0.12,cryptographic
014855.png,DOC010,3,230,0,-0.12,QUESTION
014856.png,DOC010,3,231,0,-0.12,The
014857.png,DOC010,3,232,0,-0.12,rapid
014858.png,DOC010,3,233,1,0.12,advancement
014859.png,DOC010,3,234,0,-0.12,of
014860.png,DOC010,3,235,1,0.12,artificial
014861.png,DOC010,3,236,1,0.12,intelligence
014862.png,DOC010,3,237,1,0.12,and
014863.png,DOC010,3,238,0,-0.12,machine
014864.png,DOC010,3,239,0,-0.12,has
014865.png,DOC010,3,240,0,-0.12,fundamentally
014866.png,DOC010,3,241,0,-0.12,altered
014867.png,DOC010,3,242,1,0.12,the
014868.png,DOC010,3,243,0,-0.12,landscape
014869.png,DOC010,3,244,0,-0.12,of
014870.png,DOC010,3,245,0,-0.12,modern
014871.png,DOC010,3,246,0,-0.12,computing.
014872.png,DOC010,3,247,0,-0.12,When
014873.png,DOC010,3,248,0,-0.12,scalable
014874.png,DOC010,3,249,0,-0.12,distributed
014875.png,DOC010,3,250,0,-0.12,"systems,"
014876.png,DOC010,3,251,1,0.12,engineers
014877.png,DOC010,3,252,0,-0.12,must
014878.png,DOC010,3,253,0,-0.12,carefully
014879.png,DOC010,3,254,0,-0.12,consider
014880.png,DOC010,3,255,0,-0.12,the
014881.png,DOC010,3,256,1,0.12,between
014882.png,DOC010,3,257,0,-0.12,"latency,"
014883.png,DOC010,3,258,1,0.12,"throughput,"
014884.png,DOC010,3,259,0,-0.12,and
014885.png,DOC010,3,260,0,-0.12,fault
014886.png,DOC010,3,261,0,-0.12,tolerance.
014887.png,DOC010,3,262,0,-0.12,In
014888.png,DOC010,3,263,1,0.12,the
014889.png,DOC010,3,264,0,-0.12,context
014890.png,DOC010,3,265,1,0.12,of
014891.png,DOC010,3,266,0,-0.12,"steganography,"
014892.png,DOC010,3,267,0,-0.12,the
014893.png,DOC010,3,268,0,-0.12,primary
014894.png,DOC010,3,269,0,-0.12,challenge
014895.png,DOC010,3,270,0,-0.12,is
014896.png,DOC010,3,271,0,-0.12,overcoming
014897.png,DOC010,3,272,0,-0.12,the
014898.png,DOC010,3,273,0,-0.12,physical
014899.png,DOC010,3,274,1,0.12,channel
014900.png,DOC010,3,275,0,-0.12,introduced
014901.png,DOC010,3,276,0,-0.12,by
014902.png,DOC010,3,277,0,-0.12,printers
014903.png,DOC010,3,278,1,0.12,and
014904.png,DOC010,3,279,0,-0.12,smartphone
014905.png,DOC010,3,280,1,0.12,cameras.
014906.png,DOC010,3,281,1,0.12,This
014907.png,DOC010,3,282,0,-0.12,requires
014908.png,DOC010,3,283,1,0.12,highly
014909.png,DOC010,3,284,0,-0.12,error
014910.png,DOC010,3,285,1,0.12,correction
014911.png,DOC010,3,286,1,0.12,"mechanisms,"
014912.png,DOC010,3,287,0,-0.12,such
014913.png,DOC010,3,288,1,0.12,as
014914.png,DOC010,3,289,0,-0.12,Reed-Solomon
014915.png,DOC010,3,290,0,-0.12,"coding,"
014916.png,DOC010,3,291,0,-0.12,combined
014917.png,DOC010,3,292,0,-0.12,deep
014918.png,DOC010,3,293,0,-0.12,learning-based
014919.png,DOC010,3,294,1,0.12,document
014920.png,DOC010,3,295,0,-0.12,dewarping
014921.png,DOC010,3,296,0,-0.12,and
014922.png,DOC010,3,297,0,-0.12,residual
014923.png,DOC010,3,298,0,-0.12,feature
014924.png,DOC010,3,299,0,-0.12,extraction
014925.png,DOC010,3,300,1,0.12,reliably
014926.png,DOC010,3,301,0,-0.12,recover
014927.png,DOC010,3,302,0,-0.12,the
014928.png,DOC010,3,303,0,-0.12,embedded
014929.png,DOC010,3,304,1,0.12,cryptographic
014930.png,DOC010,3,305,0,-0.12,QUESTION
014931.png,DOC010,3,306,1,0.12,The
014932.png,DOC010,3,307,0,-0.12,rapid
014933.png,DOC010,3,308,0,-0.12,advancement
014934.png,DOC010,3,309,1,0.12,of
014935.png,DOC010,3,310,0,-0.12,artificial
014936.png,DOC010,3,311,0,-0.12,intelligence
014937.png,DOC010,3,312,0,-0.12,and
014938.png,DOC010,3,313,0,-0.12,machine
014939.png,DOC010,3,314,1,0.12,has
014940.png,DOC010,3,315,1,0.12,fundamentally
014941.png,DOC010,3,316,1,0.12,altered
014942.png,DOC010,3,317,0,-0.12,the
014943.png,DOC010,3,318,0,-0.12,landscape
014944.png,DOC010,3,319,1,0.12,of
014945.png,DOC010,3,320,0,-0.12,modern
014946.png,DOC010,3,321,0,-0.12,computing.
014947.png,DOC010,3,322,0,-0.12,When
014948.png,DOC010,3,323,0,-0.12,scalable
014949.png,DOC010,3,324,0,-0.12,distributed
014950.png,DOC010,3,325,0,-0.12,"systems,"
014951.png,DOC010,3,326,1,0.12,engineers
014952.png,DOC010,3,327,0,-0.12,must
014953.png,DOC010,3,328,0,-0.12,carefully
014954.png,DOC010,3,329,0,-0.12,consider
014955.png,DOC010,3,330,0,-0.12,the
014956.png,DOC010,3,331,0,-0.12,between
014957.png,DOC010,3,332,1,0.12,"latency,"
014958.png,DOC010,3,333,1,0.12,"throughput,"
014959.png,DOC010,3,334,0,-0.12,and
014960.png,DOC010,3,335,1,0.12,fault
014961.png,DOC010,3,336,1,0.12,tolerance.
014962.png,DOC010,3,337,0,-0.12,In
014963.png,DOC010,3,338,0,-0.12,the
014964.png,DOC010,3,339,1,0.12,context
014965.png,DOC010,3,340,1,0.12,of
014966.png,DOC010,3,341,0,-0.12,"steganography,"
014967.png,DOC010,3,342,0,-0.12,the
014968.png,DOC010,3,343,1,0.12,primary
014969.png,DOC010,3,344,0,-0.12,challenge
014970.png,DOC010,3,345,0,-0.12,is
014971.png,DOC010,3,346,0,-0.12,overcoming
014972.png,DOC010,3,347,0,-0.12,the
014973.png,DOC010,3,348,0,-0.12,physical
014974.png,DOC010,3,349,0,-0.12,channel
014975.png,DOC010,3,350,1,0.12,introduced
014976.png,DOC010,3,351,0,-0.12,by
014977.png,DOC010,3,352,1,0.12,printers
014978.png,DOC010,3,353,0,-0.12,and
014979.png,DOC010,3,354,1,0.12,smartphone
014980.png,DOC010,3,355,0,-0.12,cameras.
014981.png,DOC010,3,356,1,0.12,This
014982.png,DOC010,3,357,0,-0.12,requires
014983.png,DOC010,3,358,0,-0.12,highly
014984.png,DOC010,3,359,0,-0.12,error
014985.png,DOC010,3,360,0,-0.12,correction
014986.png,DOC010,3,361,0,-0.12,"mechanisms,"
014987.png,DOC010,3,362,0,-0.12,such
014988.png,DOC010,3,363,0,-0.12,as
014989.png,DOC010,3,364,0,-0.12,Reed-Solomon
014990.png,DOC010,3,365,0,-0.12,"coding,"
014991.png,DOC010,3,366,1,0.12,combined
014992.png,DOC010,3,367,0,-0.12,deep
014993.png,DOC010,3,368,1,0.12,learning-based
014994.png,DOC010,3,369,0,-0.12,document
014995.png,DOC010,3,370,0,-0.12,dewarping
014996.png,DOC010,3,371,0,-0.12,and
014997.png,DOC010,3,372,1,0.12,residual
014998.png,DOC010,3,373,1,0.12,feature
014999.png,DOC010,3,374,1,0.12,extraction
